observation,price_a,price_b,fit_first,fit_last,alpha,beta,z,ar_phi,paused,held_a,held_b,shares_a,shares_b,pnl_a,pnl_b,gross_pnl,turnover_usd,transaction_cost,borrow_cost,funding_notional,funding_cost,net_pnl,cash,equity,daily_return
600,298.23253487872654,114.39502176360304,348,599,0.37983101661596563,1.1205357340761841,1.1142616934002043,0.9310926821430398,False,0.0,0.0,0.0,0.0,0.0,-0.0,0.0,0.0,0.0,-0.0,0.0,0.0,0.0,100000.0,100000.0,0.0
601,298.4298028829771,114.73154513371811,349,600,0.37801030766731364,1.1209384768735184,0.9536948600776902,0.924097420916174,False,0.0,0.0,0.0,0.0,0.0,0.0,0.0,0.0,0.0,-0.0,0.0,0.0,0.0,100000.0,100000.0,0.0
602,296.4232703290832,113.43051181944911,350,601,0.37799295881670497,1.1209507918863924,1.2660624444655748,0.9237043607865911,False,0.0,0.0,0.0,0.0,-0.0,-0.0,-0.0,0.0,0.0,-0.0,0.0,0.0,0.0,100000.0,100000.0,0.0
603,295.26041985373666,112.21072656692527,351,602,0.37535754147289085,1.1215326565903108,1.6641766835084306,0.9263544091296908,False,0.0,0.0,-159.6412228475008,471.11597200605786,-0.0,-0.0,-0.0,100000.0,50.0,-0.0,0.0,0.0,-50.0,94221.46896783402,99949.99999999997,-0.000500000000000291
604,292.1345388308484,111.89521982706023,352,603,0.36734949698748587,1.1232728236507774,1.2000652916351868,0.9275881453605255,False,-159.6412228475008,471.11597200605786,-161.217169731004,472.78960219018,499.0194689696816,-148.64026442598222,350.3792045436994,647.6597333956645,0.32382986669783226,5.611396962371074,0.0,0.0,344.4439777146305,94488.65103967753,100294.4439777146,0.003446162858575615
605,291.8070476060891,112.16096637765457,353,604,0.3615951996756737,1.124518313027977,0.9589916581995546,0.9249590133070346,False,-161.217169731004,472.78960219018,-161.30348273087728,471.91557495592406,52.797208367432056,125.6422059389122,178.43941430634425,123.21848089758409,0.06160924044879205,5.606798039402555,0.0,0.0,172.7710070264929,94606.20111329525,100467.21498474109,0.001722637866808227
606,292.69079751447595,112.7769150991736,354,605,0.3559348663413294,1.1257375363959656,0.759652583645116,0.925462513005994,False,-161.30348273087728,471.91557495592406,-160.72420660227118,469.5775171995984,-142.55193808589206,290.6757950590206,148.1238569731285,433.22773314492076,0.21661386657246037,5.603511079080604,0.0,0.0,142.30373202747546,94694.51113736887,100609.51871676857,0.0014164195956769315
607,293.295600247491,112.82304934289506,355,606,0.3524427433604771,1.126489060247616,0.819790535798965,0.9264393078001119,False,-160.72420660227118,469.5775171995984,-160.3360938660668,469.5328606764862,-97.20643941472899,21.663603624601542,-75.54283579012744,118.87004303932918,0.05943502151966459,5.600297167892875,0.0,0.0,-81.20256797953998,94580.05793236125,100528.31614878902,-0.0008071062163426678
608,293.9811143076068,112.90684251445276,356,607,0.3454600576529243,1.127988245747724,0.8792961814686467,0.9261644004845229,False,-160.3360938660668,469.5328606764862,-159.84952259087888,469.47782832921945,-109.9126466892343,39.34364754664311,-70.56899914259118,149.2562942358662,0.0746281471179331,5.598317963307871,0.0,0.0,-76.24194525301698,94437.55574914705,100452.07420353599,-0.0007584126360993336
609,293.0371326607921,112.03838179575355,357,608,0.33672574388568516,1.1298644878137574,1.1865650892027226,0.9279881749837591,False,-159.84952259087888,469.47782832921945,-160.22318898855784,473.486454041551,150.8950155778778,-407.72305220413875,-256.82803662626094,558.6180677820049,0.2793090338910025,5.5943739015244685,0.0,0.0,-262.70171956167644,94092.06025792469,100189.37248397431,-0.0026151945755683733
610,299.22476529044303,112.83293812170604,358,609,0.32701322158169294,1.1319572267086169,1.9877622278186886,0.9286411290631512,False,-160.22318898855784,473.486454041551,-156.7559295738209,470.56067713240026,-991.4022322123266,376.2116573115247,-615.190574900802,1367.6138895238569,0.6838069447619285,5.58944570083038,0.0,0.0,-621.4638275463943,93378.4211256515,99567.90865642793,-0.006202891705363121
611,299.65181799052914,112.9135120305001,359,610,0.31218927731673657,1.1351615916185813,1.982204591358537,0.9324878951144918,False,-156.7559295738209,470.56067713240026,-156.29760907422562,470.8483186580393,-66.943042979008,37.91491308133954,-29.028129897668457,169.81518579177313,0.08490759289588656,5.583959075549021,0.0,0.0,-34.69699656611337,93202.93707319128,99533.21165986182,-0.0003484756989909112
612,289.7577691861323,110.6767934498637,360,611,0.29730949321717687,1.1383779768277213,1.2385759654039807,0.9334843348076785,False,-156.29760907422562,470.8483186580393,-161.39141810185694,481.0004072726877,1546.4161721909277,-1053.155183003848,493.26098918707976,2599.571355194787,1.2997856775973935,5.5755788936505635,0.0,0.0,486.3856246158318,93548.43183443851,100019.59728447764,0.004886666636237628
613,289.27556135172955,111.15084330852554,361,612,0.28538244846139194,1.1409447195393276,0.7856259697384558,0.929807047793629,False,-161.39141810185694,481.0004072726877,-161.46663749017108,479.453382576063,77.82420621408411,228.01817508390647,305.8423812979906,193.71223042805786,0.09685611521402894,5.567192532735766,0.0,0.0,300.1783326500408,93736.48001621861,100319.77561712769,0.003001195173744517
614,289.61843206311124,111.25786789700695,362,613,0.2729418234083022,1.14361121600709,0.7727906199606067,0.9287895744745969,False,-161.46663749017108,479.453382576063,-161.0748669335679,479.5143984182083,-55.36218086066484,51.31330096622246,-4.048879894442386,120.25246683693196,0.06012623341846598,5.560518118993507,0.0,0.0,-9.669524246854358,93610.60690502927,100310.10609288083,-9.638702027962855e-05
615,290.00191891156646,112.08061957038473,363,614,0.25748349420325795,1.1469201873635055,0.24360747599683347,0.928983030077649,False,-161.0748669335679,479.5143984182083,0.0,0.0,-61.77009308569793,394.52127370732063,332.7511806216227,100456.29136679301,50.228145683396505,5.553601238818359,0.0,0.0,276.96943369940783,100587.07552658023,100587.07552658023,0.0027611318987435184
616,291.92970533984516,112.46289351280602,364,615,0.24945079447708562,1.1486360166358236,0.42153138811368845,0.9284557147832895,False,0.0,0.0,0.0,0.0,0.0,0.0,0.0,0.0,0.0,-0.0,0.0,0.0,0.0,100587.07552658023,100587.07552658023,0.0
617,295.4022689818349,113.40981494019935,365,616,0.24582059769955558,1.1494150899784938,0.568778555675316,0.9300359986115021,False,0.0,0.0,0.0,0.0,0.0,0.0,0.0,0.0,0.0,-0.0,0.0,0.0,0.0,100587.07552658023,100587.07552658023,0.0
618,298.9622589036899,113.72263848297787,366,617,0.2402110506171881,1.1506199299487754,1.233388107738002,0.9295955244853713,False,0.0,0.0,0.0,0.0,0.0,0.0,0.0,0.0,0.0,-0.0,0.0,0.0,0.0,100587.07552658023,100587.07552658023,0.0
619,300.73684146272933,114.6013660421903,367,618,0.23158149663091623,1.1524828224483263,0.9578898185832013,0.9320168360152633,False,0.0,0.0,0.0,0.0,0.0,0.0,0.0,0.0,0.0,-0.0,0.0,0.0,0.0,100587.07552658023,100587.07552658023,0.0
620,298.7451102615082,114.87837146430464,368,619,0.2208745429522975,1.1547830028239707,0.18928301975794826,0.9304944914191937,False,0.0,0.0,0.0,0.0,-0.0,0.0,0.0,0.0,0.0,-0.0,0.0,0.0,0.0,100587.07552658023,100587.07552658023,0.0
621,300.3503440605205,115.72886932609188,369,620,0.21499620933062333,1.1560370182060582,-0.06557062664849776,0.9281696001138893,False,0.0,0.0,0.0,0.0,0.0,0.0,0.0,0.0,0.0,-0.0,0.0,0.0,0.0,100587.07552658023,100587.07552658023,0.0
622,302.1420694690533,116.5223619847741,370,621,0.21194915502099507,1.1566819137436277,-0.2429844859956698,0.9284149269840731,False,0.0,0.0,0.0,0.0,0.0,0.0,0.0,0.0,0.0,-0.0,0.0,0.0,0.0,100587.07552658023,100587.07552658023,0.0
623,299.3912487537019,116.23368636769378,371,622,0.21067650895406495,1.1569443124033316,-0.7456804044917272,0.9248300976026572,False,0.0,0.0,0.0,0.0,-0.0,-0.0,-0.0,0.0,0.0,-0.0,0.0,0.0,0.0,100587.07552658023,100587.07552658023,0.0
624,301.6926470492512,115.67371684225158,372,623,0.21446434224157288,1.156117339951802,0.3037430315794281,0.9311221327005089,False,0.0,0.0,0.0,0.0,0.0,-0.0,0.0,0.0,0.0,-0.0,0.0,0.0,0.0,100587.07552658023,100587.07552658023,0.0
625,303.3335316065112,116.79320140964101,373,624,0.21669109128618688,1.1556483988246538,-0.15980532885905624,0.9261049733436753,False,0.0,0.0,0.0,0.0,0.0,0.0,0.0,0.0,0.0,-0.0,0.0,0.0,0.0,100587.07552658023,100587.07552658023,0.0
626,301.9538181140825,116.71345285089015,374,625,0.22077951200118656,1.1547724316175976,-0.4460047711587571,0.9268749659908342,False,0.0,0.0,0.0,0.0,-0.0,-0.0,-0.0,0.0,0.0,-0.0,0.0,0.0,0.0,100587.07552658023,100587.07552658023,0.0
627,303.10788842649293,116.22710202098195,375,626,0.22268751956359883,1.1543534228374654,0.2695928573973513,0.9241028745424795,False,0.0,0.0,0.0,0.0,0.0,-0.0,0.0,0.0,0.0,-0.0,0.0,0.0,0.0,100587.07552658023,100587.07552658023,0.0
628,303.26619073387326,117.69202108201235,376,627,0.21917808330750085,1.1551034825387303,-0.8441540500324402,0.9204063472972703,False,0.0,0.0,0.0,0.0,0.0,0.0,0.0,0.0,0.0,-0.0,0.0,0.0,0.0,100587.07552658023,100587.07552658023,0.0
629,303.35200576920704,116.85557411043179,377,628,0.21877699431918016,1.1551645897223777,-0.12026960506948706,0.9191401376062601,False,0.0,0.0,0.0,0.0,0.0,-0.0,0.0,0.0,0.0,-0.0,0.0,0.0,0.0,100587.07552658023,100587.07552658023,0.0
630,303.5711054382759,116.52144445400339,378,629,0.22035910937267159,1.1548214685969498,0.21776551680133308,0.9109505745114853,False,0.0,0.0,0.0,0.0,0.0,-0.0,0.0,0.0,0.0,-0.0,0.0,0.0,0.0,100587.07552658023,100587.07552658023,0.0
631,304.43310157642964,116.54078832769247,379,630,0.21820227753981813,1.1552810734533494,0.45694599443003997,0.9182498468513505,False,0.0,0.0,0.0,0.0,0.0,0.0,0.0,0.0,0.0,-0.0,0.0,0.0,0.0,100587.07552658023,100587.07552658023,0.0
632,303.8140422106175,116.2257950849787,380,631,0.21764920858986597,1.1554044109680583,0.5624762341520531,0.91090346351026,False,0.0,0.0,0.0,0.0,-0.0,-0.0,-0.0,0.0,0.0,-0.0,0.0,0.0,0.0,100587.07552658023,100587.07552658023,0.0
633,301.6678621307754,116.09172137129617,381,632,0.21855094214644516,1.1552198423673388,0.1020355056545117,0.927901286576377,False,0.0,0.0,0.0,0.0,-0.0,-0.0,-0.0,0.0,0.0,-0.0,0.0,0.0,0.0,100587.07552658023,100587.07552658023,0.0
634,304.4868014540246,117.20786017906393,382,633,0.22276431849328482,1.154321804608921,-0.0238251015383502,0.9267830944224366,False,0.0,0.0,0.0,0.0,0.0,0.0,0.0,0.0,0.0,-0.0,0.0,0.0,0.0,100587.07552658023,100587.07552658023,0.0
635,301.44376011005,117.22164312776307,383,634,0.22853222767042222,1.1530895389935825,-0.8966358734149991,0.9259010300370388,False,0.0,0.0,0.0,0.0,-0.0,0.0,0.0,0.0,0.0,-0.0,0.0,0.0,0.0,100587.07552658023,100587.07552658023,0.0
636,306.40591406649474,118.91747580429069,384,635,0.2461799896482956,1.1493132133918837,-0.878710755695886,0.9263793810568263,False,0.0,0.0,0.0,0.0,0.0,0.0,0.0,0.0,0.0,-0.0,0.0,0.0,0.0,100587.07552658023,100587.07552658023,0.0
637,304.5709150026162,118.67817239974622,385,636,0.2660071978958336,1.1450695100321864,-1.1841331086846187,0.9285818656373898,False,0.0,0.0,0.0,0.0,-0.0,-0.0,-0.0,0.0,0.0,-0.0,0.0,0.0,0.0,100587.07552658023,100587.07552658023,0.0
638,302.88622807715393,118.47343274440517,386,637,0.2893587151328551,1.1400719718207681,-1.4608100168901,0.9289302750605676,False,0.0,0.0,0.0,0.0,-0.0,-0.0,-0.0,0.0,0.0,-0.0,0.0,0.0,0.0,100587.07552658023,100587.07552658023,0.0
639,293.30564242185835,116.78113107775576,387,638,0.3156846856455378,1.1344364634468675,-2.7601570339826593,0.92973747679006,False,0.0,0.0,159.73362612982635,-455.1182685174566,-0.0,-0.0,-0.0,100000.0,50.0,-0.0,0.0,0.0,-50.0,106835.52786981691,100537.07552658023,-0.0004970817546712296
640,300.3787029599979,117.23669180880599,388,639,0.34180309339614534,1.1288253577316267,-0.9948029159953435,0.9307088045986125,False,159.73362612982635,-455.1182685174566,156.38346356501955,-452.29643750459724,1129.8056075928102,-207.33401112012595,922.4715964726843,1337.1396187129303,0.6685698093564652,6.327288829954564,0.0,0.0,915.4757378333733,107504.02736430828,101452.5512644136,0.009105852075350437
641,296.6084068940986,116.84042107249371,389,640,0.3629458470665169,1.124302436436961,-1.700387706430478,0.9190666633277745,False,156.38346356501955,-452.29643750459724,158.7085034756201,-452.9744341704488,-589.6119574508979,179.23184232136543,-410.38011512953244,768.8437997722633,0.3844218998861317,6.31258786308897,0.0,0.0,-417.0771248925076,106886.92138662071,101035.47413952107,-0.004111056052257485
642,298.82517866957454,116.70204256608669,390,641,0.38543513042239913,1.119480723725728,-0.9589528176324468,0.9195656358427328,False,158.7085034756201,-452.9744341704488,157.88953331313863,-452.5938949846158,351.8205310327788,62.6819256410728,414.50245667385155,289.1386053917156,0.1445693026958578,6.300681383755931,0.0,0.0,408.05720598739975,107080.7953407997,101443.5313455085,0.004038751829124232
643,299.5300145834318,116.92190108611794,391,642,0.39965325083011816,1.116433839977403,-0.9563131831639076,0.9147472318188177,False,157.88953331313863,-452.5938949846158,157.74476500354064,-451.16191019829824,111.28621350126338,-99.5066239264976,11.77958957476578,210.79283742775425,0.10539641871387713,6.287932380672096,0.0,0.0,5.386260775379807,106950.33408234276,101448.91760628385,5.309614821086312e-05
644,300.06437161518716,116.00235560198999,392,643,0.4140990676136549,1.1133397169243986,-0.09292503036432055,0.9110097016851347,False,157.74476500354064,-451.16191019829824,0.0,0.0,84.29202440223696,414.8638971333855,499.15592153562244,99669.42812726885,49.83471406363443,6.27984621881303,0.0,0.0,443.041361253175,101891.95896753704,101891.95896753704,0.004367137389997567
645,301.0320335230851,116.83431198339203,393,644,0.4222933765453506,1.1115915453517868,-0.48891506312618294,0.8969077047389655,False,0.0,0.0,0.0,0.0,0.0,0.0,0.0,0.0,0.0,-0.0,0.0,0.0,0.0,101891.95896753704,101891.95896753704,0.0
646,297.2702170120813,117.26660511986341,394,645,0.4393489964776633,1.1079498552427685,-1.8321581081282066,0.8866458733605396,False,0.0,0.0,159.58362438605343,-448.21406139845993,-0.0,0.0,0.0,99999.99999999999,49.99999999999999,-0.0,0.0,0.0,-49.99999999999999,106963.04166190389,101841.95896753702,-0.0004907158573322223
647,295.1025575119492,118.07905184496421,395,646,0.45937224870179,1.1036530693833786,-2.9399046688206,0.8881233010639155,False,159.58362438605343,-448.21406139845993,161.08418655251234,-444.3095007445143,-345.9229594659351,-364.150046327307,-710.0730057932421,903.866552916747,0.4519332764583735,6.257207303236121,0.0,0.0,-716.7821463729366,106052.46596840744,101125.1768211641,-0.007038181056605559
648,294.5378358154349,117.48484055763132,396,647,0.4840797184616124,1.0983378165519806,-2.430844968274515,0.9017920824377914,False,161.08418655251234,-444.3095007445143,161.8018567244593,-445.5317898123385,-90.96773511156262,264.01372041163444,173.04598530007183,354.9814555232107,0.17749072776160535,6.245671973050198,0.0,0.0,166.62282259926002,105978.26222268074,101291.79964376337,0.001647688813379611
649,295.21581903163,116.9786165427135,397,648,0.5033020817511864,1.0941986337780385,-1.7858731337546427,0.902427320441845,False,161.8018567244593,-445.5317898123385,161.74933461133736,-446.6546044833304,109.69894320839032,225.53889141232403,335.23783462071435,146.85066548905777,0.07342533274452889,6.231337058268892,0.0,0.0,328.93307222970094,106118.80812577879,101620.73271599307,0.0032473810652642945
650,298.0856364206397,117.81457941603834,398,649,0.5185155329190385,1.0909243955473846,-1.5814828062728916,0.902003614759305,False,161.74933461133736,-446.6546044833304,160.44294339398934,-442.8506502999021,464.19105312835705,-373.38666654765734,90.80438658069971,837.5777196760027,0.4187888598380014,6.22012353629677,0.0,0.0,84.16547418456494,106053.42440858168,101704.89819017763,0.0008282313257844673
651,296.192297848793,117.34139540222286,399,650,0.529062427531665,1.0886463163434654,-1.6602558561762502,0.9011067090912752,False,160.44294339398934,-442.8506502999021,161.6446497827185,-444.1919202275469,-303.77281330845636,209.54984822970482,-94.22296507875154,513.322661538143,0.25666133076907155,6.211221798714528,0.0,0.0,-100.69084820823515,105848.4068337558,101604.20734196936,-0.0009900294872719297
652,296.89442576848415,118.28801614690991,400,651,0.5369969744858315,1.086923179009825,-2.0297627399510483,0.8923252723623059,False,161.6446497827185,-444.1919202275469,161.39552673058202,-440.3029948954164,113.49522168114935,-420.4812863097724,-306.986064628623,533.9765079909282,0.2669882539954641,6.205011874511097,0.0,0.0,-313.4580647571296,105455.88481665586,101290.74927721222,-0.003085089416643308
653,293.7212057787282,117.22448894288111,401,652,0.5482032914180853,1.0844948025365113,-2.0033468461973936,0.8949643365590458,False,161.39552673058202,-440.3029948954164,163.32921735438265,-443.82147287607575,-512.1435116786781,468.2742130866299,-43.86929859204821,980.4177247653117,0.4902088623826559,6.200305686871643,0.0,0.0,-50.55981314130251,105293.68014362044,101240.18946407092,-0.0004991552881391665
654,292.929453299235,116.86641975131543,402,653,0.5751606068010329,1.07871375284872,-1.925226259518857,0.9136411806723617,False,163.32921735438265,-443.82147287607575,164.2261340611386,-444.0396860145936,-129.3163128140159,158.91879599222392,29.60248317820802,288.2351088062488,0.1441175544031244,6.193660159496994,0.0,0.0,23.2647054643079,105050.11083358286,101263.45416953525,0.00022979713478892292
655,297.3983701894007,117.50098436136669,403,654,0.5992910071731823,1.0735373478787467,-1.2802836201849717,0.9144415982001797,False,164.2261340611386,-444.0396860145936,162.1621723864455,-440.61957869793866,733.912944312439,-281.77187020313306,452.1410741093059,1015.6848145155825,0.5078424072577913,6.177777182383786,0.0,0.0,445.45545451966433,105255.37807585187,101708.90962405493,0.00439897550575247
656,300.3483032042053,118.68119138296116,404,655,0.6142506954172566,1.070325658108005,-1.3100674242423873,0.9069761805462564,False,162.1621723864455,-440.61957869793866,160.81855396198156,-435.60752627553376,478.367546075215,-520.0223206313042,-41.654774556089194,998.3898667065188,0.4991949333532594,6.163480264987913,0.0,0.0,-48.31744975443036,105057.4325618303,101660.59217430049,-0.0004750562161469802
657,303.0245654234737,119.16412974140034,405,656,0.6339430012515851,1.0661055216598812,-1.0067335642196196,0.9112536139590783,False,160.81855396198156,-435.60752627553376,159.72381125385212,-433.0142100563137,430.39262012582464,-210.37158366326037,220.02103646256427,640.7642037890602,0.3203821018945301,6.154573832591059,0.0,0.0,213.54608052807868,105073.66126886963,101874.13825482858,0.0021005787587972846
658,304.27023001372623,119.02829986420468,406,657,0.6513831245190683,1.062372270474927,-0.6637553354587142,0.9110562885576379,False,159.72381125385212,-433.0142100563137,159.3578553821528,-432.7722797615921,198.96229589910456,58.81626697592533,257.7785628750299,140.14602892318754,0.07007301446159378,6.142828750835779,0.0,0.0,251.56566110973253,105150.00129269481,102125.70391593828,0.0024693770707580327
659,310.10787861176175,119.75393350296225,407,658,0.6619586950606285,1.0601081604770999,0.12917138636454448,0.9093638637681508,False,159.3578553821528,-432.7722797615921,0.0,0.0,930.2751610575705,-314.03412411681376,616.2410369407567,101244.3092851744,50.6221546425872,6.132398653378364,0.0,0.0,559.4864836447911,102685.19039958311,102685.19039958311,0.005478410059286834
660,313.0268090330846,121.00520032530922,408,659,0.670299104558565,1.0583383185365216,0.01932709764739885,0.9089388799733922,False,0.0,0.0,0.0,0.0,0.0,0.0,0.0,0.0,0.0,-0.0,0.0,0.0,0.0,102685.19039958311,102685.19039958311,0.0
661,303.8226971379077,119.91348435791357,409,660,0.6659777187659801,1.0592571600777805,-1.2590791575111349,0.9091694437610242,False,0.0,0.0,0.0,0.0,-0.0,-0.0,-0.0,0.0,0.0,-0.0,0.0,0.0,0.0,102685.19039958311,102685.19039958311,0.0
662,303.25149517733325,119.33960697144113,410,661,0.6757238522969755,1.0571569740344586,-1.012798831981724,0.9060000410277389,False,0.0,0.0,0.0,0.0,-0.0,-0.0,-0.0,0.0,0.0,-0.0,0.0,0.0,0.0,102685.19039958311,102685.19039958311,0.0
663,304.96831881896236,119.8823770119106,411,662,0.6828639983512856,1.0556163962454275,-0.9242301132086627,0.90067029691606,False,0.0,0.0,0.0,0.0,0.0,0.0,0.0,0.0,0.0,-0.0,0.0,0.0,0.0,102685.19039958311,102685.19039958311,0.0
664,308.29600055270646,119.65385943986811,412,663,0.6949747891428533,1.0530215210820961,-0.06845563783429193,0.8975341089343621,False,0.0,0.0,0.0,0.0,0.0,-0.0,0.0,0.0,0.0,-0.0,0.0,0.0,0.0,102685.19039958311,102685.19039958311,0.0
665,309.16976947350446,119.02114791204073,413,664,0.7085236017676813,1.0501419029596102,0.4978970979895365,0.8929566746261236,False,0.0,0.0,0.0,0.0,0.0,-0.0,0.0,0.0,0.0,-0.0,0.0,0.0,0.0,102685.19039958311,102685.19039958311,0.0
666,316.4581210538857,119.03495944612051,414,665,0.7252709431583194,1.0465961821097363,2.021271158424092,0.8846501710773658,False,0.0,0.0,-154.40152846041127,429.6080970961917,0.0,0.0,0.0,100000.0,50.0,-0.0,0.0,0.0,-50.0,100358.42556844272,102635.19039958311,-0.0004869251330735517
667,321.86487429208023,120.22344186289206,415,666,0.7376428230392047,1.044012481863254,2.361819388425458,0.8811843075147818,False,-154.40152846041127,429.6080970961917,-151.99974962600243,424.847424951026,-834.8109639855151,510.5816695015084,-324.2292944840067,1345.3926334869998,0.6726963167435,5.816859236241644,0.0,0.0,-330.71885003699185,100151.23216114797,102304.47154954611,-0.0032222754081658433
668,321.45568826891076,121.29077492582819,416,667,0.7341221864807159,1.0448133165941738,1.5986098330309677,0.8768374479946153,False,-151.99974962600243,424.847424951026,-152.13362724968127,421.26682903010493,62.19617307221879,453.4537033535057,515.6498764257245,477.3289776082678,0.2386644888041339,5.824211941166778,0.0,0.0,509.5869999957536,100622.49826232626,102814.05854954186,0.004981082373793966
669,324.2465459183402,122.01656404216631,417,668,0.7310252551393179,1.0455109387563772,1.6989554470575812,0.8585588689281948,False,-152.13362724968127,421.26682903010493,-150.77274275367498,418.897707411455,-424.583297345218,305.75087958432186,-118.83241776089613,730.3341769295446,0.3651670884647723,5.821930935284787,0.0,0.0,-125.01951578464569,100464.12114678432,102689.0390337572,-0.0012159768571378719
670,326.5553964588089,122.26802048729539,418,669,0.7221147129121865,1.0474470443102832,1.9442554428355623,0.8666723427950479,False,-150.77274275367498,418.897707411455,-149.56516591396073,418.41429790592554,-348.11172859477244,105.33452837840572,-242.77720021636674,453.4462569731889,0.22672312848659446,5.819945363870662,0.0,0.0,-248.82386870872398,100122.83926797043,102440.21516504846,-0.0024230810907379004
671,320.962269589359,121.0300693659736,419,670,0.7144503682262077,1.0491251747390833,1.5393788602699012,0.872628516742165,False,-149.56516591396073,418.41429790592554,-152.0468855622253,423.0245160906157,836.5369482071087,-517.976449269708,318.56049893740067,1354.5133974768253,0.6772566987384127,5.8144419108882115,0.0,0.0,312.06880032777406,100354.91091346699,102752.28396537625,0.0030463504964822127
672,321.01918679785956,121.45425839223662,420,671,0.710451385846796,1.0500137909060012,1.3467456406892295,0.86843374286185,False,-152.0468855622253,423.0245160906157,-151.95403157702845,421.7212391769052,-8.654084287408839,179.4423575658644,170.78827327845556,188.09644185326337,0.09404822092663169,5.809680175481591,0.0,0.0,164.88454488204735,100477.48780528616,102917.16851025829,0.0016046800958467817
673,316.80906350246624,120.74762421321502,421,672,0.7063975734886659,1.050908294673505,0.9195432912281211,0.8578303800250203,False,-151.95403157702845,421.7212391769052,-153.90621606308326,424.3654163444682,639.7452081713791,-298.00264162174665,341.74256654963244,937.7478497931293,0.46887392489656465,5.807161862799279,0.0,0.0,335.4665307619366,100770.40339732746,103252.6350410202,0.00325957792677202
674,315.28706955238795,121.32597076279347,422,673,0.7144053092231821,1.0492334112310533,0.34328105472410186,0.8343752148281437,False,-153.90621606308326,424.3654163444682,0.0,0.0,234.24432972745595,245.43027430324787,479.6746040307038,100011.18594457582,50.00559297228791,5.804629068827814,0.0,0.0,423.8643819895881,103676.4994230098,103676.4994230098,0.004105119271979861
675,314.859376787775,120.8826647127439,423,674,0.7187448142426625,1.0483215217536843,0.4965386561146659,0.8514028706964196,False,0.0,0.0,0.0,0.0,-0.0,-0.0,-0.0,0.0,0.0,-0.0,0.0,0.0,0.0,103676.4994230098,103676.4994230098,0.0
676,311.65787532786794,120.49158018881661,424,675,0.7150675940206449,1.0491111886720563,0.09412745270178056,0.859583615636674,False,0.0,0.0,0.0,0.0,-0.0,-0.0,-0.0,0.0,0.0,-0.0,0.0,0.0,0.0,103676.4994230098,103676.4994230098,0.0
677,316.34891470878,120.47293831453526,425,676,0.7215624612998206,1.047737456225306,0.9851776152214883,0.8561863211558273,False,0.0,0.0,0.0,0.0,0.0,-0.0,0.0,0.0,0.0,-0.0,0.0,0.0,0.0,103676.4994230098,103676.4994230098,0.0
678,313.20256110306434,119.84471230733398,426,677,0.7141688354021988,1.0493267921826448,0.7119651949715095,0.8554194301844735,False,0.0,0.0,0.0,0.0,-0.0,-0.0,-0.0,0.0,0.0,-0.0,0.0,0.0,0.0,103676.4994230098,103676.4994230098,0.0
679,314.71813290322166,121.45841357041672,427,678,0.7192999497384811,1.0482584465574447,0.18745820498369165,0.8568830508619455,False,0.0,0.0,0.0,0.0,0.0,0.0,0.0,0.0,0.0,-0.0,0.0,0.0,0.0,103676.4994230098,103676.4994230098,0.0
680,310.7263801975729,121.17688998603829,428,679,0.7343981295331851,1.0450697901585837,-0.40264450830409193,0.8547756637660804,False,0.0,0.0,0.0,0.0,-0.0,-0.0,-0.0,0.0,0.0,-0.0,0.0,0.0,0.0,103676.4994230098,103676.4994230098,0.0
681,315.3256410625022,121.63988241169662,429,680,0.7504324793594268,1.0416668698460352,0.2529437908736757,0.8512844517223103,False,0.0,0.0,0.0,0.0,0.0,0.0,0.0,0.0,0.0,-0.0,0.0,0.0,0.0,103676.4994230098,103676.4994230098,0.0
682,313.3566319386356,121.30856434436112,430,681,0.759555836513692,1.0397427030895487,0.05612998117520281,0.8526308297246444,False,0.0,0.0,0.0,0.0,-0.0,-0.0,-0.0,0.0,0.0,-0.0,0.0,0.0,0.0,103676.4994230098,103676.4994230098,0.0
683,317.68383691587667,122.22351401121465,431,682,0.7703540827980631,1.0374589872082933,0.41536733809283044,0.851570704526887,False,0.0,0.0,0.0,0.0,0.0,0.0,0.0,0.0,0.0,-0.0,0.0,0.0,0.0,103676.4994230098,103676.4994230098,0.0
684,320.2813067919823,122.75359934642546,432,683,0.7800211298836456,1.0354271441420424,0.6274686318752792,0.8510407321037582,False,0.0,0.0,0.0,0.0,0.0,0.0,0.0,0.0,0.0,-0.0,0.0,0.0,0.0,103676.4994230098,103676.4994230098,0.0
685,322.8247383693225,123.24289078825227,433,684,0.785506330258479,1.0342867159136673,0.8564077996922653,0.8555028585500255,False,0.0,0.0,0.0,0.0,0.0,0.0,0.0,0.0,0.0,-0.0,0.0,0.0,0.0,103676.4994230098,103676.4994230098,0.0
686,331.49943410084813,124.20414037963714,434,685,0.7793469880470572,1.035611112491391,1.932732864085156,0.8555234132928281,False,0.0,0.0,-148.19119344382693,409.60553391489685,0.0,0.0,0.0,100000.00000000001,50.00000000000001,-0.0,0.0,0.0,-50.00000000000001,101877.09295372566,103626.49942300978,-0.00048226936941620576
687,329.2563618724838,124.66004528399269,435,686,0.7552262216509992,1.0407614230681683,1.2322457694498261,0.8622206443101911,False,-148.19119344382693,409.60553391489685,-148.82421098540755,409.1020632650965,332.40355050201384,186.74117176297463,519.1447222649884,271.1877267455711,0.13559386337278556,5.848249614923565,0.0,0.0,513.160878786692,102142.29683699293,104139.66030179648,0.004952023677765533
688,329.02096458836706,123.99007234639717,436,687,0.739294207289233,1.044161067225065,1.4853146255042975,0.8573133550386254,False,-148.82421098540755,409.1020632650965,-148.68300030401733,411.96988480960425,35.032815076782136,-274.08731110210385,-239.05449602532173,402.0426753812647,0.20102133769063235,5.833490269952169,0.0,0.0,-245.08900763296452,101734.21965000402,103894.5712941635,-0.002353464635113214
689,328.20670837926275,124.36691188460938,437,688,0.7281225653942512,1.0465635421893593,1.113633616919895,0.8650214253206642,False,-148.68300030401733,411.96988480960425,-148.87689865460655,411.18334743492863,121.06605618580481,155.24654114898837,276.31259733479317,161.45796377729152,0.08072898188864576,5.823788592609554,0.0,0.0,270.408079760295,101889.77309620682,104164.97937392381,0.0026027161611234246
690,329.3443872421455,123.30185128925122,438,689,0.7189038336224646,1.0485422474777986,1.7812583105054707,0.8620212132395761,False,-148.87689865460655,411.18334743492863,-148.21931730347748,415.1178528955233,-169.3741007708834,-437.93518082040697,-607.3092815912903,701.7025343484551,0.35085126717422754,5.816952007278751,0.0,0.0,-613.4770848657432,101181.9027585839,103551.50228905806,-0.005889475412494778
691,327.6363669097986,121.72894426176272,439,690,0.7092991872604093,1.05062235836755,2.169160040911646,0.8715532254881052,False,-148.21931730347748,415.1178528955233,-148.84087355150953,420.8885343795454,253.16160760091697,-652.941788055305,-399.780180454388,906.1033956562162,0.4530516978281081,5.8113333612813,0.0,0.0,-406.04456551349745,100676.8238397392,103145.45772354456,-0.003921184691073309
692,326.725246625746,122.41072187829351,440,691,0.6940192610910396,1.0539088784200632,1.61633572974435,0.8807606105693465,False,-148.84087355150953,420.8885343795454,-149.0171088890598,419.18181315672194,135.61193898888433,286.9523817944259,422.5643207833102,266.50151105610746,0.13325075552805374,5.8054384592972985,0.0,0.0,416.62563156848483,100937.38666158047,103562.08335511305,0.004039204835225491
693,325.5732293513553,121.1226957833189,441,692,0.6779887083573971,1.0573384304336548,1.9683265665103529,0.8756092620714155,False,-149.0171088890598,419.18181315672194,-149.2951068856054,424.3094953635902,171.67028361996336,-539.9171138846299,-368.2468302646665,711.5873975045971,0.35579369875229855,5.796149006337347,0.0,0.0,-374.3987729697562,100400.6647323479,103187.6845821433,-0.0036152109038396427
694,324.22377583243747,120.08123521117503,442,693,0.6606271411332353,1.061056831030558,2.137931500681635,0.8888163176093827,False,-149.2951068856054,424.3094953635902,-149.6460210252715,428.7197906846248,201.46680734399112,-441.901609807444,-240.43480246345288,643.3684171514303,0.32168420857571517,5.786486913702656,0.0,0.0,-246.54297358573123,99978.73755878526,102941.14160855756,-0.002389267426477334
695,331.48762000133144,120.16198939629025,443,694,0.6442196751791799,1.06457788092346,3.0800777205957224,0.8993579025487742,False,-149.6460210252715,428.7197906846248,-146.11722520912022,429.12029863432093,-1087.0053772226024,34.62091733950677,-1052.3844598830956,1217.8779585711584,0.6089389792855792,5.776047377989744,0.0,0.0,-1058.7694462403708,98754.47461385682,101882.37216231719,-0.010285192389515505
696,331.87845872420723,120.33095166021278,444,695,0.619378087774385,1.0699085103899968,2.8053294396345816,0.931238090162074,False,-146.11722520912022,429.12029863432093,-145.5692972279648,429.5543688906751,-57.10826969088802,72.50513715236421,15.396867461476191,234.07758091221933,0.11703879045610967,5.766196574496405,0.0,0.0,9.513632096523676,98514.51379757965,101891.88579441371,9.337858841142672e-05
697,328.7137002447086,121.04422936254414,445,696,0.5959689336608008,1.074934727165723,1.9145847234215372,0.9368235737532596,False,-145.5692972279648,429.5543688906751,-146.61478084397802,427.9899434366567,460.691667756858,306.3915532687416,767.0832210255996,533.0294614417344,0.2665147307208672,5.751346904950354,0.0,0.0,761.0653593899285,99041.52539738572,102652.95115380365,0.007469342170440614
698,332.1824139448788,121.52571462768232,446,697,0.5789832830527859,1.0785832047357682,2.0850030753166555,0.9171863990155222,False,-146.61478084397802,427.9899434366567,-144.8291392025387,426.99034594544764,-508.56469896095984,206.0708513920714,-302.49384756888844,714.6355503530287,0.35731777517651436,5.737415133546552,0.0,0.0,-308.5885804776115,98563.74871304238,102344.36257332601,-0.003006134524230863
699,333.23455370008253,122.82738968242111,447,698,0.5584618968677584,1.0829859851438715,1.6389405108537145,0.9268149679438639,False,-144.8291392025387,426.99034594544764,-144.06670527935938,423.29317506152614,-152.38049506692332,555.8026819314773,403.42218686455396,708.1831769983899,0.3540915884991949,5.727344413078355,0.0,0.0,397.3407508629764,98757.71179780627,102741.703324189,0.0038823902056970613
700,331.46438950837,121.84728127499174,448,699,0.5382054714899605,1.0873221592751074,1.7146175764109,0.9192711998589088,False,-144.06670527935938,423.29317506152614,-144.5352037516775,427.5165303723014,255.02172290352368,-414.8731996852738,-159.8514767817501,669.8949225887939,0.33494746129439695,5.715238599620077,0.0,0.0,-165.9016628426646,98392.34780938162,102575.80166134633,-0.0016147451081202494
701,331.5728392715788,123.10646352855517,449,700,0.512387319127151,1.0928305484767662,1.2109063810797793,0.9237722475452512,False,-144.5352037516775,427.5165303723014,-144.10763333063844,424.1680035243674,-15.674808622204502,538.3212281498103,522.6464195276058,553.996036772043,0.2769980183860215,5.703365842144958,0.0,0.0,516.6660556670747,98656.8220053082,103092.46771701341,0.005036919500496369
702,330.66622000914856,121.86147534924223,450,701,0.4864099601183288,1.0983524144745282,1.5007321557834825,0.9132440774909172,False,-144.10763333063844,424.1680035243674,-144.122484504893,429.5333096897832,130.65075624079094,-528.0841504306072,-397.4333941898163,658.7349066714122,0.3293674533357061,5.688354421922308,0.0,0.0,-403.4511160650743,98001.89094006845,102689.01660094834,-0.003913487813411716
703,328.9752373702005,121.7088103683664,451,702,0.46078148991537105,1.103809388709967,1.298271815314764,0.923536526909578,False,-144.122484504893,429.5333096897832,-144.48754171602994,431.0877454814821,243.7086191798365,-65.5746945093212,178.13392467051528,309.2833136891565,0.15464165684457826,5.673385377328579,0.0,0.0,172.30589763634214,97926.96916472007,102861.32249858468,0.0016779389202442496
704,328.2449195772671,121.9012914560886,452,703,0.4410817856452534,1.1080118241760697,1.099935326913337,0.9217102613574883,False,-144.48754171602994,431.0877454814821,-144.52032994959046,431.1844057644825,105.52182257241817,82.97623815398661,188.4980607264048,22.545584418414997,0.011272792209207499,5.65866944441282,0.0,0.0,182.82811848978275,97920.27878024134,103044.15061707445,0.001777423370113624
705,332.56006672880943,122.76141781900941,453,704,0.4254402164901804,1.1113540696363668,1.268737964795264,0.9232017465922759,False,-144.52032994959046,431.1844057644825,-142.4192950219389,428.77502296070134,-623.6264901219295,370.8730746783747,-252.7534154435548,994.4995648002815,0.4972497824001408,5.647388581140885,0.0,0.0,-258.8980538070958,97511.19307519933,102785.25256326735,-0.0025124963644875256
706,328.9091970147019,122.6471004517421,454,705,0.40416780524253193,1.1158879511522517,0.8453329692697482,0.9272922447858141,False,-142.4192950219389,428.77502296070134,-143.69157894931098,430.00216031000645,519.9542909001459,-49.01643177484535,470.9378591253006,568.9707226749726,0.2844853613374863,5.638448839995951,0.0,0.0,465.01492492396716,97773.23118817637,103250.26748819134,0.004524140509726926
707,330.813872779293,122.81734823631363,455,706,0.39233048347772514,1.1184229021200776,0.9774668523820161,0.9217927152183039,False,-143.69157894931098,430.00216031000645,-142.6933137211824,429.8665703692095,-273.68586800058193,73.2069151537502,-200.47895284683173,346.8927831543207,0.17344639157716035,5.626366886903871,0.0,0.0,-206.27876612531276,97453.84418569597,103043.98872206602,-0.0019978521232297645
708,333.2799357384196,123.47102032502585,456,707,0.37853400134112086,1.1213753323163222,1.0062326550402068,0.9243094757129696,False,-142.6933137211824,429.8665703692095,-141.44034813846582,428.12288845140665,-351.89069548284584,280.99177892079666,-70.89891656204918,632.8824744036468,0.31644123720182343,5.619634253787497,0.0,0.0,-76.8349920530385,97245.61400682817,102967.15373001297,-0.0007456523471765787
709,331.80298240575064,124.38443128000316,457,708,0.36524484061444085,1.1242250858623537,0.4717580678319758,0.9260133215315575,False,-141.44034813846582,428.12288845140665,-141.87934712521636,425.4874097782755,208.9007935569684,391.0521363880431,599.9529299450115,473.47368898492635,0.23673684449246318,5.61181311171519,0.0,0.0,594.1043799888039,97713.23914585689,103561.25811000179,0.005769843668269173
710,331.5029314346476,124.16916385873634,458,709,0.35935316601080164,1.1254964692885787,0.48817844114692577,0.9199460880778407,False,-141.87934712521636,425.4874097782755,-141.92282227573585,426.4518398332552,42.5710358843835,-91.59357748446638,-49.02254160008288,134.16461336883899,0.06708230668441949,5.604284585467565,0.0,0.0,-54.69390849223487,97602.22744527945,103506.56420150955,-0.0005281309776493719
711,330.4043535617831,124.44624588063797,459,710,0.3537980526408861,1.1266987993818331,0.22418667565124675,0.9200591558922111,False,-141.92282227573585,426.4518398332552,0.0,0.0,155.9132722066038,118.16213802467027,274.0754102312741,99962.24886581805,49.98112443290903,5.600932335938683,0.0,0.0,218.49335346242634,103725.057554972,103725.057554972,0.0021109130145318534
712,333.17859132585687,124.90702895419888,460,711,0.35587484630251676,1.1262902328461022,0.37454845678261556,0.9176032209317919,False,0.0,0.0,0.0,0.0,0.0,0.0,0.0,0.0,0.0,-0.0,0.0,0.0,0.0,103725.057554972,103725.057554972,0.0
713,330.71295969745813,124.40831679107178,461,712,0.3558654770003681,1.1263314001972986,0.22159573227858195,0.9142451086579652,False,0.0,0.0,0.0,0.0,-0.0,-0.0,-0.0,0.0,0.0,-0.0,0.0,0.0,0.0,103725.057554972,103725.057554972,0.0
714,330.4865916880964,124.05961419098423,462,713,0.35848265495450476,1.1258147280113566,0.30207279800621023,0.9150211335500748,False,0.0,0.0,0.0,0.0,-0.0,-0.0,-0.0,0.0,0.0,-0.0,0.0,0.0,0.0,103725.057554972,103725.057554972,0.0
715,330.7838522439199,124.1698594356226,463,714,0.3624748876879249,1.1250166262492083,0.26861158954252246,0.9173421237136755,False,0.0,0.0,0.0,0.0,0.0,0.0,0.0,0.0,0.0,-0.0,0.0,0.0,0.0,103725.057554972,103725.057554972,0.0
716,323.5035679024876,123.70348936831516,464,715,0.36131335138981435,1.1252933496467612,-0.616924196462373,0.9154241072861555,False,0.0,0.0,0.0,0.0,-0.0,-0.0,-0.0,0.0,0.0,-0.0,0.0,0.0,0.0,103725.057554972,103725.057554972,0.0
717,327.6664439211932,125.25038173190147,465,716,0.3696936351853524,1.1235348535261778,-0.7140620927210235,0.9105119451208321,False,0.0,0.0,0.0,0.0,0.0,0.0,0.0,0.0,0.0,-0.0,0.0,0.0,0.0,103725.057554972,103725.057554972,0.0
718,324.65465367481715,124.54359879650377,466,717,0.3744639800752495,1.122527084735669,-0.8930880417073493,0.9101540449189178,False,0.0,0.0,0.0,0.0,-0.0,-0.0,-0.0,0.0,0.0,-0.0,0.0,0.0,0.0,103725.057554972,103725.057554972,0.0
719,323.38341617172955,124.24756334733112,467,718,0.385393869883108,1.1202290102805739,-0.9799800620766732,0.9116469147597547,False,0.0,0.0,0.0,0.0,-0.0,-0.0,-0.0,0.0,0.0,-0.0,0.0,0.0,0.0,103725.057554972,103725.057554972,0.0
720,323.896985411323,124.1467574080277,468,719,0.39278118249624566,1.118667560685065,-0.8524368713558973,0.918407262106489,False,0.0,0.0,0.0,0.0,0.0,-0.0,0.0,0.0,0.0,-0.0,0.0,0.0,0.0,103725.057554972,103725.057554972,0.0
721,323.1807441646735,123.83017963832309,469,720,0.39762637568145087,1.1176421206071876,-0.8274569641177336,0.9182467827191764,False,0.0,0.0,0.0,0.0,-0.0,-0.0,-0.0,0.0,0.0,-0.0,0.0,0.0,0.0,103725.057554972,103725.057554972,0.0
722,322.5527430658731,123.40660765793433,470,721,0.4013282996575532,1.1168573008056033,-0.77930432880713,0.9183432516341256,False,0.0,0.0,0.0,0.0,-0.0,-0.0,-0.0,0.0,0.0,-0.0,0.0,0.0,0.0,103725.057554972,103725.057554972,0.0
723,324.1915343845546,122.65752736512331,471,722,0.4005123253433904,1.1170208927043335,-0.1773431315466569,0.9172014089721446,False,0.0,0.0,0.0,0.0,0.0,-0.0,0.0,0.0,0.0,-0.0,0.0,0.0,0.0,103725.057554972,103725.057554972,0.0
724,328.00444515135973,122.83000301456038,472,723,0.39425040404926065,1.1183436866279224,0.35812530433619566,0.9178765512322071,False,0.0,0.0,0.0,0.0,0.0,0.0,0.0,0.0,0.0,-0.0,0.0,0.0,0.0,103725.057554972,103725.057554972,0.0
725,328.9252443579229,123.10522285088517,473,724,0.3853423719793921,1.1202392195966615,0.3500493670297602,0.9197886886699065,False,0.0,0.0,0.0,0.0,0.0,0.0,0.0,0.0,0.0,-0.0,0.0,0.0,0.0,103725.057554972,103725.057554972,0.0
726,333.4001530970533,123.40562911438292,474,725,0.37376739284598576,1.1226885353695657,0.9594789644986781,0.920290038870254,False,0.0,0.0,0.0,0.0,0.0,0.0,0.0,0.0,0.0,-0.0,0.0,0.0,0.0,103725.057554972,103725.057554972,0.0
727,334.4030265919478,123.74188731019125,475,726,0.354667383177673,1.1267268158077588,0.935613647112951,0.9241295147279113,False,0.0,0.0,0.0,0.0,0.0,0.0,0.0,0.0,0.0,-0.0,0.0,0.0,0.0,103725.057554972,103725.057554972,0.0
728,332.3616065102884,123.15315005482798,476,727,0.33589376434956325,1.1306983654696336,0.8812382389253389,0.9247305009769091,False,0.0,0.0,0.0,0.0,-0.0,-0.0,-0.0,0.0,0.0,-0.0,0.0,0.0,0.0,103725.057554972,103725.057554972,0.0
729,325.709195580461,121.4836457552602,477,728,0.32284960385144357,1.133473808082357,0.5865128532973994,0.9247873609579388,False,0.0,0.0,0.0,0.0,-0.0,-0.0,-0.0,0.0,0.0,-0.0,0.0,0.0,0.0,103725.057554972,103725.057554972,0.0
730,327.9685527515812,121.50847377470951,478,729,0.31037535677725286,1.1361158530692892,0.9595057758853905,0.920960309473947,False,0.0,0.0,0.0,0.0,0.0,0.0,0.0,0.0,0.0,-0.0,0.0,0.0,0.0,103725.057554972,103725.057554972,0.0
731,323.10717185310347,121.11867623739776,479,730,0.295200341615565,1.1393339831781328,0.30262744862048957,0.923184841987128,False,0.0,0.0,0.0,0.0,-0.0,-0.0,-0.0,0.0,0.0,-0.0,0.0,0.0,0.0,103725.057554972,103725.057554972,0.0
732,320.3514202657722,121.22629278264696,480,731,0.2858268493644084,1.1413213538077387,-0.2457436718919289,0.921813008424748,False,0.0,0.0,0.0,0.0,-0.0,0.0,0.0,0.0,0.0,-0.0,0.0,0.0,0.0,103725.057554972,103725.057554972,0.0
733,321.62574542168295,121.92503403989474,481,732,0.27680586975063665,1.1432207249238169,-0.3921751620042078,0.9201242890384762,False,0.0,0.0,0.0,0.0,0.0,0.0,0.0,0.0,0.0,-0.0,0.0,0.0,0.0,103725.057554972,103725.057554972,0.0
734,319.5718135383936,121.2247872080317,482,733,0.2658498545591242,1.1455213271856783,-0.3849994675709147,0.9195386416112796,False,0.0,0.0,0.0,0.0,-0.0,-0.0,-0.0,0.0,0.0,-0.0,0.0,0.0,0.0,103725.057554972,103725.057554972,0.0
735,318.6050496596548,121.34546064691996,483,734,0.2548579492742905,1.1478300916561452,-0.6414293929740814,0.9200211434338542,False,0.0,0.0,0.0,0.0,-0.0,0.0,0.0,0.0,0.0,-0.0,0.0,0.0,0.0,103725.057554972,103725.057554972,0.0
736,326.0648554494123,122.36571984071767,484,735,0.2487374722418408,1.1491126529005464,0.1303987494906616,0.9196026100864089,False,0.0,0.0,0.0,0.0,0.0,0.0,0.0,0.0,0.0,-0.0,0.0,0.0,0.0,103725.057554972,103725.057554972,0.0
737,326.5966033810906,122.39136609313802,485,736,0.23700935649172583,1.1515901880032064,0.18790659797006448,0.9195616044136781,False,0.0,0.0,0.0,0.0,0.0,0.0,0.0,0.0,0.0,-0.0,0.0,0.0,0.0,103725.057554972,103725.057554972,0.0
738,323.9028770019746,121.9454243418996,486,737,0.2232531096823623,1.1544942466575923,-0.06486733991225485,0.9193469679717036,False,0.0,0.0,0.0,0.0,-0.0,-0.0,-0.0,0.0,0.0,-0.0,0.0,0.0,0.0,103725.057554972,103725.057554972,0.0
739,320.105772048591,122.71880420151481,487,738,0.21279230097585458,1.1567020546451086,-1.2124152844553735,0.9187150517699215,False,0.0,0.0,0.0,0.0,-0.0,0.0,0.0,0.0,0.0,-0.0,0.0,0.0,0.0,103725.057554972,103725.057554972,0.0
740,320.9064230027416,122.53827755990986,488,739,0.21234374455389826,1.1567853979937155,-0.9746480140511232,0.9162306358793291,False,0.0,0.0,0.0,0.0,0.0,-0.0,0.0,0.0,0.0,-0.0,0.0,0.0,0.0,103725.057554972,103725.057554972,0.0
741,314.1315327843952,121.82115927321426,489,740,0.2068015464396829,1.1579430306813074,-1.922425682642806,0.915588890156377,False,0.0,0.0,147.5191805859576,-440.47827165304017,-0.0,-0.0,-0.0,100000.0,50.0,-0.0,0.0,0.0,-50.0,110994.2049298423,103675.057554972,-0.00048204359851524884
742,318.9215738717317,122.49952330472333,490,741,0.21223936627366652,1.1567796192033646,-1.3666733796424886,0.9164804484323088,False,147.5191805859576,-440.47827165304017,145.38189666150657,-437.83498300508757,706.6229361769547,-298.8046161507002,407.81832002625447,1005.427552327653,0.5027137761638265,6.388044486599422,0.0,0.0,400.9275617634912,111345.13852524523,104075.98511673548,0.00386715542984772
743,320.46909702612885,122.31261462700576,491,742,0.22088929169870758,1.1549535544868952,-0.9804046026780715,0.913574503093218,False,145.38189666150657,-437.83498300508757,144.80245634444515,-438.1828295598936,224.98185131385375,81.83515773197483,306.81700904582857,228.23873679653175,0.11411936839826588,6.385068655268436,0.0,0.0,300.31782102216187,111566.87807401811,104376.30293775769,0.002885563088212548
744,323.4308691781306,122.59315784267844,492,743,0.22191049052112188,1.1547362248466944,-0.5897802226282433,0.9152653693447901,False,144.80245634444515,-438.1828295598936,143.49091969022928,-437.1419096177591,428.87188274242567,-122.92922005728619,305.94266268513945,551.8011027997039,0.275900551399852,6.380391377158357,0.0,0.0,299.2863707565813,111856.80355935388,104675.58930851426,0.0028673785364388936
745,320.90269088578964,121.75935730353781,493,744,0.21901243002508688,1.1553490813560348,-0.6059283691127478,0.9151065043776345,False,143.49091969022928,-437.1419096177591,144.58026700161886,-440.2438092422246,-362.7706283088768,364.48915992025013,1.7185316113733506,727.2597882291223,0.36362989411456115,6.379834181597596,0.0,0.0,-5.024932464338807,111878.17091643905,104670.56437604991,-4.800481657229277e-05
746,316.74129836411083,121.03335355884721,494,745,0.2166069892311649,1.1558584046793707,-1.0089894705542672,0.9147684860761582,False,144.58026700161886,-440.2438092422246,146.44517727777017,-442.97512076957236,-601.6552418828618,319.61865408670974,-282.03658779615205,921.2738959695749,0.4606369479847875,6.381405151213638,0.0,0.0,-288.87862989535046,111611.21456590794,104381.68574615454,-0.0027598841337810077
747,316.79920925417485,121.38437032448277,495,746,0.2189030056068451,1.1553748903300398,-1.184105590481036,0.9155294335678993,False,146.44517727777017,-442.97512076957236,146.45125308199331,-441.60841042423453,8.480770561739186,-155.49169414955836,-147.01092358781918,167.82208465826315,0.08391104232913157,6.382710048794843,0.0,0.0,-153.47754467894316,111436.92586015856,104228.20820147563,-0.001470349358527846
748,321.76096572258956,123.51911658953452,496,747,0.22276996879864494,1.1545584061565097,-1.4547540236899947,0.9159352214029403,False,146.45125308199331,-441.60841042423453,144.24752549408203,-433.8338742496365,726.6554522870194,-942.721904768573,-216.0664524815536,1669.3773570555782,0.834688678527789,6.381471289207317,0.0,0.0,-223.2826124492887,111178.47937688696,104004.92558902633,-0.0021422474424360217
749,320.42946193126147,124.2545866132321,497,748,0.22862876714594663,1.153317834121401,-2.089412354610309,0.918381800371076,False,144.24752549408203,-433.8338742496365,144.93037708687393,-431.0507862319383,-192.06612708506538,-319.07180977519624,-511.1379368602616,564.617219604547,0.2823086098022735,6.379378201658369,0.0,0.0,-517.7996236717222,110607.20047047095,103487.12596535461,-0.004978606741355613
750,316.55216060419514,124.80949141318699,498,749,0.22265807517721883,1.1545386622854692,-3.034254331230313,0.9207754234679142,False,144.93037708687393,-431.0507862319383,146.6224344870591,-429.3451640843127,-561.9387434111605,-239.19215030442888,-801.1308937155894,748.5022586831476,0.3742511293415738,6.37619491101883,0.0,0.0,-807.8813397559499,109851.94776574745,102679.24462559866,-0.007806587845781119
751,315.7749427479331,123.5505385470541,499,750,0.2239322992657581,1.1542183997065312,-2.262979583240075,0.9280715780853683,False,146.6224344870591,-429.3451640843127,147.0051684083291,-433.6642477831364,-113.95757421195364,540.5253248842401,426.5677506722865,654.4828990961865,0.32724144954809326,6.379327567865998,0.0,0.0,419.86118165487244,110258.00853167278,103099.10580725355,0.004089056003341695
752,316.41872438734833,122.58905102583816,500,751,0.2219076332324759,1.1546060318523554,-1.5419557253944878,0.9232795480419146,False,147.0051684083291,-433.6642477831364,146.67967981961058,-437.1336784933542,94.63922832042724,416.9627626409844,511.6019909614116,528.3049024104512,0.26415245120522557,6.378506114548763,0.0,0.0,504.9593323956576,110779.67077551749,103604.0651396492,0.004897805159820543
753,316.40793836609924,121.85460477457222,501,752,0.21269116086849096,1.1565158312100214,-1.1195564120440784,0.9188686371520502,False,146.67967981961058,-437.1336784933542,146.55477677893222,-440.1056925250074,-1.5820901433439079,321.051191471533,319.4691013281891,401.67390880828145,0.20083695440414073,6.3795003354683475,0.0,0.0,312.8887640383166,111174.76434703589,103916.95390368754,0.0030200433121672023
754,317.341703914537,122.94013764501712,502,753,0.19941799917503938,1.1592844516538083,-1.4639948667911904,0.9168669723846279,False,146.55477677893222,-440.1056925250074,145.93618642523853,-436.7032847486106,136.84780151515136,-477.74919570580903,-340.9013941906577,614.5969972209492,0.3072984986104746,6.384393478770735,0.0,0.0,-347.5930861680389,110946.08469157007,103569.36081751948,-0.003344912192963338
755,313.51124549563775,122.23273705916031,503,754,0.19049697894276904,1.1611315508639684,-1.692961885542921,0.9175626960088383,False,145.93618642523853,-436.7032847486106,147.59297026101441,-439.55445455716637,-559.002493914604,308.9241594767573,-250.07833443784665,867.9266533913508,0.4339633266956754,6.391471659169677,0.0,0.0,-256.903769423712,110768.34518223329,103312.45704809579,-0.0024804997095263844
756,309.7181064358975,121.23154406352837,504,755,0.17655713032750706,1.1640228589120762,-1.7967893042075336,0.9191236924431115,False,147.59297026101441,-439.55445455716637,149.20094045497595,-443.69448281251425,-559.8406604401378,440.0788411014525,-119.76181933868526,999.919501541589,0.4999597507707945,6.396183817508184,0.0,0.0,-126.65796290696424,110765.33357284835,103185.79908518883,-0.0012259699026226447
757,305.27281248346554,121.08304014082863,505,756,0.1721423477786815,1.164917209013577,-2.467119860575595,0.9196849281424692,False,149.20094045497595,-443.69448281251425,151.31102716459978,-444.39631772638717,-663.2420383016624,65.8903711778933,-597.3516671237692,729.132409479557,0.3645662047397785,6.403543719503542,0.0,0.0,-604.1197770480125,110199.39366354198,102581.67930814084,-0.005854679446240842
758,307.95047711213067,122.48191610582796,506,757,0.16457369747254383,1.1664576855977167,-2.5768112660551328,0.9248111449105174,False,151.31102716459978,-444.39631772638717,149.8887051056499,-439.5889896307211,405.160185365637,-621.6553278016505,-216.4951424360135,1026.8155131672859,0.5134077565836429,6.405816330678639,0.0,0.0,-223.4143665232758,110041.66843960888,102358.26494161756,-0.0021779168369059254
759,312.93276115133096,123.3981112014017,507,758,0.1641812048014032,1.166487122186385,-2.0683466943737088,0.9237177883446228,False,149.8887051056499,-439.5889896307211,147.50028382177706,-436.33025164517034,746.7881031042792,-402.7492763678827,344.0388267363965,1149.537379472158,0.574768689736079,6.409726398689958,0.0,0.0,337.0543316479705,110379.97709935816,102695.31927326554,0.003292888286453817
760,314.86608876423213,123.16739323945926,508,759,0.1569609298045317,1.1679539586407448,-1.5559597744280724,0.9308679839262791,False,147.50028382177706,-436.33025164517034,146.49542290550602,-437.40114774647753,285.1663716234008,100.6692263934083,385.83559801680906,448.296107686613,0.22414805384330652,6.4098010610769425,0.0,0.0,379.2016489018888,110821.63925792984,103074.52092216739,0.0036924920394162423
761,307.6887624496269,123.34667561280435,509,760,0.14433430923098098,1.1705621567581825,-2.762948527619513,0.9244330325915792,False,146.49542290550602,-437.40114774647753,149.73252145478006,-437.21474865203635,-1051.4454537889114,-78.41831587185433,-1129.8637696607657,1019.0105551901686,0.5095052775950843,6.413518948557288,0.0,0.0,-1136.786793886918,109795.70567851352,101937.73412828048,-0.011028785617595073
762,310.6689718519956,123.97615472762847,510,761,0.1430356136208602,1.1707671793857282,-2.3913458141819928,0.9396264401182758,False,149.73252145478006,-437.21474865203635,148.28214957345148,-435.0299230243249,446.2342682799087,-275.21755296953467,171.01671531037402,721.4518212494382,0.36072591062471915,6.420117354180537,0.0,0.0,164.23587204556875,109968.64409635006,102101.97000032605,0.0016111391277236855
763,310.467968738549,123.61200892038401,511,762,0.1353055876632537,1.1723203431114477,-2.1379289772656453,0.938728611924538,False,148.28214957345148,-435.0299230243249,148.2720630926016,-436.57792007671827,-29.805173732814445,158.4143224951859,128.60914876237146,194.4825546703612,0.0972412773351806,6.4206353628585715,0.0,0.0,122.09127212217771,110156.60877438023,102224.06127244822,0.0011957778299652648
764,318.9792673677438,125.2937879521338,512,763,0.13505576518185106,1.1723135427320897,-1.522103384935668,0.941121670475908,False,148.2720630926016,-436.57792007671827,144.31618310641332,-430.71672207742574,1261.9878073479383,-734.2275917099578,527.7602156379805,1996.2153990578865,0.9981076995289433,6.424556398924524,0.0,0.0,520.337551539527,110676.658110802,102744.39882398775,0.005090167080651629
765,318.97004881245545,124.81055949888342,513,764,0.12212904273642823,1.174971121673144,-1.2634425615390916,0.9346961273352024,False,144.31618310641332,-430.71672207742574,144.144010161219,-432.8349961714273,-1.330386712966929,208.13457539854667,206.80418868557973,319.3009875771399,0.15965049378856994,6.424539243262753,0.0,0.0,200.2199989485284,110989.37490864209,102944.61882293626,0.0019487193583321983
766,321.48801348203875,124.50135537927123,514,765,0.1243225297537848,1.1744734774319996,-0.7269032567621008,0.9311433952717154,False,144.144010161219,-432.8349961714273,143.04777268627424,-433.825443598762,362.94952491800666,133.8343639285317,496.7838888465384,475.7392552596371,0.23786962762981856,6.4312354812920125,0.0,0.0,490.11478373761656,111458.44505879281,103434.73360667391,0.004760955835687157
767,320.8810265379373,123.61075325782161,515,766,0.12120449741926925,1.1751011753304885,-0.3956573261587484,0.9206901283288746,False,143.04777268627424,-433.825443598762,143.27700630680062,-437.058473580435,-86.82813040335849,386.3658604078789,299.5377300045204,473.1939908112362,0.2365969954056181,6.429982824530887,0.0,0.0,292.87115018458394,111777.8590308411,103727.60475685849,0.0028314584470074556
768,321.5213864840361,123.72211700313952,516,767,0.11403781721827282,1.1765836862828205,-0.3278090674997888,0.9196660896254784,False,143.27700630680062,-437.058473580435,0.0,0.0,91.7488560358179,-48.672468540842736,43.07638749497516,100140.42132457666,50.07021066228833,6.431562754403726,0.0,0.0,-13.425385921716899,103714.17937093678,103714.17937093678,-0.00012942924839711605
769,324.3481499260635,124.82847327864522,517,768,0.10874665329838903,1.1776744112877926,-0.38693845877189736,0.9221488207804788,False,0.0,0.0,0.0,0.0,0.0,0.0,0.0,0.0,0.0,-0.0,0.0,0.0,0.0,103714.17937093678,103714.17937093678,0.0
770,328.67341729042136,125.27207038518597,518,769,0.11005843215482837,1.1773829005808925,0.07306043429563827,0.9220384304742587,False,0.0,0.0,0.0,0.0,0.0,0.0,0.0,0.0,0.0,-0.0,0.0,0.0,0.0,103714.17937093678,103714.17937093678,0.0
771,340.1272569379675,125.92553822643482,519,770,0.10482939317021062,1.1784697562055257,1.4651815295386466,0.9185327309812672,False,0.0,0.0,0.0,0.0,0.0,0.0,0.0,0.0,0.0,-0.0,0.0,0.0,0.0,103714.17937093678,103714.17937093678,0.0
772,340.29629096352124,126.39100585056136,520,771,0.08277090819786234,1.1831146068871436,1.2410035728491613,0.9117953772689255,False,0.0,0.0,0.0,0.0,0.0,0.0,0.0,0.0,0.0,-0.0,0.0,0.0,0.0,103714.17937093678,103714.17937093678,0.0
773,338.66086529892436,126.75369931975553,521,772,0.05223426712987838,1.1895196861336126,0.824427052514282,0.9083993175752167,False,0.0,0.0,0.0,0.0,-0.0,0.0,0.0,0.0,0.0,-0.0,0.0,0.0,0.0,103714.17937093678,103714.17937093678,0.0
774,340.33773940814166,127.4417275073759,522,773,0.026809406225164256,1.1948445149801157,0.7415700718020034,0.9042171026474541,False,0.0,0.0,0.0,0.0,0.0,0.0,0.0,0.0,0.0,-0.0,0.0,0.0,0.0,103714.17937093678,103714.17937093678,0.0
775,338.37600403852923,127.08316440739291,523,774,0.0029416018847741605,1.199839693532392,0.6217316817267279,0.9071222583474636,False,0.0,0.0,0.0,0.0,-0.0,-0.0,-0.0,0.0,0.0,-0.0,0.0,0.0,0.0,103714.17937093678,103714.17937093678,0.0
776,340.9001876468662,127.43081683909394,524,775,-0.017599318734160704,1.2041334377771586,0.8207287002752564,0.9042328116218438,False,0.0,0.0,0.0,0.0,0.0,0.0,0.0,0.0,0.0,-0.0,0.0,0.0,0.0,103714.17937093678,103714.17937093678,0.0
777,341.2299864041615,128.2304191945007,525,776,-0.04198472986648793,1.2092342095791193,0.47919072823153575,0.9050258799048024,False,0.0,0.0,0.0,0.0,0.0,0.0,0.0,0.0,0.0,-0.0,0.0,0.0,0.0,103714.17937093678,103714.17937093678,0.0
778,342.3919117743005,128.19158635985428,526,777,-0.06856161776343096,1.2147773355382034,0.638369371274507,0.9053509543763417,False,0.0,0.0,0.0,0.0,0.0,-0.0,0.0,0.0,0.0,-0.0,0.0,0.0,0.0,103714.17937093678,103714.17937093678,0.0
779,341.358578637101,128.51677449322375,527,778,-0.09993536298704427,1.221325349344847,0.31910294350033563,0.9092142101730825,False,0.0,0.0,0.0,0.0,-0.0,0.0,0.0,0.0,0.0,-0.0,0.0,0.0,0.0,103714.17937093678,103714.17937093678,0.0
780,338.0530846062071,128.08333172599438,528,779,-0.12378262521201046,1.2262924055915154,0.03341016480035053,0.9077984202321248,False,0.0,0.0,0.0,0.0,-0.0,-0.0,-0.0,0.0,0.0,-0.0,0.0,0.0,0.0,103714.17937093678,103714.17937093678,0.0
781,337.2581191813576,127.6249821994385,529,780,-0.13837258310998876,1.229319906436258,0.12247245230862618,0.9028241481339583,False,0.0,0.0,0.0,0.0,-0.0,-0.0,-0.0,0.0,0.0,-0.0,0.0,0.0,0.0,103714.17937093678,103714.17937093678,0.0
782,339.433171017924,128.56502150691014,530,781,-0.15318058439063464,1.232398232010531,-0.011185010590502078,0.9031006802871349,False,0.0,0.0,0.0,0.0,0.0,0.0,0.0,0.0,0.0,-0.0,0.0,0.0,0.0,103714.17937093678,103714.17937093678,0.0
783,338.0342192296873,129.12739321501365,531,782,-0.16591018543598668,1.2350421659479716,-0.47009845845502135,0.9018912291673918,False,0.0,0.0,0.0,0.0,-0.0,0.0,0.0,0.0,0.0,-0.0,0.0,0.0,0.0,103714.17937093678,103714.17937093678,0.0
784,336.4759465830693,129.23655677512926,532,783,-0.17167788029524747,1.2362181360877305,-0.7258749082173608,0.909250959401022,False,0.0,0.0,0.0,0.0,-0.0,0.0,0.0,0.0,0.0,-0.0,0.0,0.0,0.0,103714.17937093678,103714.17937093678,0.0
785,334.4714592629384,128.79727950187615,533,784,-0.1795307491783389,1.2378145757984744,-0.7876165036025187,0.9141773295149674,False,0.0,0.0,0.0,0.0,-0.0,-0.0,-0.0,0.0,0.0,-0.0,0.0,0.0,0.0,103714.17937093678,103714.17937093678,0.0
786,330.5819365606905,128.6669948030719,534,785,-0.1863113580930543,1.2391864783137883,-1.2663112343925989,0.9184680908250378,False,0.0,0.0,0.0,0.0,-0.0,-0.0,-0.0,0.0,0.0,-0.0,0.0,0.0,0.0,103714.17937093678,103714.17937093678,0.0
787,324.18720400573636,127.31187396351366,535,786,-0.17880619332248082,1.2375699788689267,-1.5412720587515991,0.9220276092984887,False,0.0,0.0,137.85658142949788,-434.4344214777082,-0.0,-0.0,-0.0,100000.0,50.0,-0.0,0.0,0.0,-50.0,114281.4999961007,103664.17937093679,-0.000482094158226514
788,325.48652498140996,127.56797922415285,536,787,-0.1712336217986882,1.2359345777414719,-1.4195383559099168,0.9317599190407018,False,137.85658142949788,-434.4344214777082,137.40669512169143,-433.3060116797322,179.1199478860016,-111.26094074318343,67.85900714281817,290.38088862917425,0.14519044431458714,6.584364322926424,0.0,0.0,61.12945237557715,114277.25341463357,103725.30882331237,0.0005896873225305915
789,329.3156094127951,128.67197639177087,537,788,-0.16647295624661457,1.2348863879143803,-1.3272672310869877,0.931897938340731,False,137.40669512169143,-433.3060116797322,135.87270860215784,-429.4252541507326,526.1418370585512,-478.36860960628445,47.77322745226678,1004.5104466648379,0.502255223332419,6.5804728923405476,0.0,0.0,40.69049933659382,114275.9916508755,103765.99932264896,0.0003922909442082517
790,326.3031629695508,128.3676103466374,538,789,-0.15749312736530335,1.2329609118360962,-1.5999136788392585,0.9313729912390287,False,135.87270860215784,-429.4252541507326,137.24533627741337,-430.1428726511055,-409.3092577625397,130.70246628629073,-278.606791476249,540.0117240488282,0.2700058620244141,6.577975733823008,0.0,0.0,-285.4547730720964,113913.36988929764,103480.54454957688,-0.002750947082237317
791,325.9600881610342,128.06405549894666,539,790,-0.14375636385354193,1.230037110602741,-1.4650041383581884,0.9375854204074437,False,137.24533627741337,-430.1428726511055,137.5699194830655,-430.7039684327916,-47.08541746316668,130.5719541928671,83.48653672970043,177.65737165602982,0.08882868582801491,6.5733824606976645,0.0,0.0,76.82432558317475,113872.76270914722,103557.36887516003,0.0007424035688789938
792,322.41717560196196,127.65022328445947,540,791,-0.13355115169977144,1.227853970744651,-1.7719832516645277,0.9384021288531315,False,137.5699194830655,-430.7039684327916,139.21791013600534,-431.7560377307317,-487.39819548711085,178.2391770449614,-309.15901844214943,665.6373725320763,0.3328186862660381,6.566392490118284,0.0,0.0,-316.05822961853374,113468.81988702432,103241.3106455415,-0.0030520110065710934
793,324.2243850692071,127.81614613523189,541,792,-0.11676708520850029,1.2242920792031227,-1.4944431093002664,0.9450549697682366,False,139.21791013600534,-431.7560377307317,138.66361221092637,-430.6331966949002,251.59592520786862,-71.63819261848666,179.95773258938198,323.23411782633684,0.16161705891316844,6.561161264373977,0.0,0.0,173.23495426609483,113498.29679868244,103414.5455998076,0.0016779615948588466
794,322.527277723233,126.79940208762457,542,793,-0.09822405236362364,1.220370448698305,-1.2110167786343053,0.9441078907016667,False,138.66361221092637,-430.6331966949002,139.6394438486021,-433.4600117021243,-235.3270349024636,437.8437394416512,202.51670453918763,673.170774344092,0.336585387172046,6.552604238028264,0.0,0.0,195.6275149139873,113535.11374016984,103610.17311472162,0.0018916827780789166
795,321.1038518526436,126.13327985067706,543,794,-0.07460133971187172,1.2154014683094205,-1.0690235559357193,0.9426694758973007,False,139.6394438486021,-433.4600117021243,140.57304280056263,-434.94829084790763,-198.76639692881974,288.73735262231526,89.97095569349551,487.5037495511348,0.2437518747755674,6.543151227705251,0.0,0.0,83.18405259101469,113416.26614749826,103693.35716731264,0.0008028560332479898
796,319.65341353357087,124.71081406454599,544,795,-0.04513959363860129,1.2092218367850993,-0.575391020213859,0.9420605559040349,False,140.57304280056263,-434.94829084790763,141.6058926805827,-438.8969267721578,-203.89252790658315,618.6990624673343,414.8065345607512,822.5915903739109,0.41129579518695547,6.531125534534858,0.0,0.0,407.86411323102936,113571.60733691014,104101.22128054367,0.003933367810369254
797,322.82366363494236,125.62250067270493,545,796,-0.019154736340015084,1.203779846257108,-0.4951728463950927,0.9402253155115033,False,141.6058926805827,-438.8969267721578,140.56151551621875,-434.82191727172784,448.9260956254182,-400.1364505002934,48.78964512512482,849.0625461256923,0.42453127306284616,6.516094408117051,0.0,0.0,41.849019443944925,113389.90348993657,104143.07029998761,0.0004020031554784259
798,324.95008883541857,125.34214586535278,546,797,0.007375877709906576,1.198224842546394,0.010137735847884,0.9404080599651126,False,140.56151551621875,-434.82191727172784,0.0,0.0,298.89354881081476,121.9044148492095,420.79796366002427,100176.98913396162,50.088494566980806,6.502787689877914,0.0,0.0,364.2066814031656,104507.27698139078,104507.27698139078,0.003497176339760887
799,331.65680552078385,125.53514406008078,547,798,0.037607265199224235,1.191911938806949,1.0200945535540547,0.9376103523351489,False,0.0,0.0,0.0,0.0,0.0,0.0,0.0,0.0,0.0,-0.0,0.0,0.0,0.0,104507.27698139078,104507.27698139078,0.0
800,335.9272894249751,125.68612074617764,548,799,0.0649367696265206,1.1862290804603746,1.604480123978785,0.9319733764463567,False,0.0,0.0,-136.16297996254477,431.70350790546837,0.0,0.0,0.0,100000.0,50.0,-0.0,0.0,0.0,-50.0,95938.9985390805,104457.27698139078,-0.0004784355830924895
801,340.3780091012099,125.67489955727588,549,800,0.09154871386542218,1.1807124788122656,2.250953184162722,0.9349687978429313,False,-136.16297996254477,431.70350790546837,-134.72248889762844,430.82133058073146,-606.0232540940664,-4.844226611758525,-610.8674807058248,601.1790274823202,0.3005895137411601,5.445340568910102,0.0,0.0,-616.6134107884761,95553.80867487154,103840.6635706023,-0.005903020149552022
802,340.6942078177674,124.66330564420323,550,801,0.11141966171519636,1.1766206275482376,2.64318619173314,0.9373697494541784,False,-134.72248889762844,430.82133058073146,-134.8504839096736,433.6257644637934,-42.599078080861375,-435.8162356373255,-478.4153137181869,393.2171575564697,0.19660857877823487,5.459115780016027,0.0,0.0,-484.07103807698115,95242.150111423,103356.59253252532,-0.004661671270502326
803,344.85261519076704,124.6391646416493,551,802,0.12449429574518762,1.1739518707446124,3.047666493362276,0.9429394879887975,False,-134.8504839096736,433.6257644637934,-133.38793560916358,433.25724883940256,-560.7632465425571,-10.468160687371311,-571.2314072299284,550.2950858551695,0.27514754292758475,5.4693784273153385,0.0,0.0,-576.9759332001713,94777.97345876055,102779.61659932516,-0.00558238153041459
804,342.14902847762016,125.09713577721394,552,803,0.1305886882641889,1.1727504604533168,2.272131786320526,0.9510116105180716,False,-133.38793560916358,433.25724883940256,-134.51627679481928,431.467804957189,360.6258504070257,198.41931424259033,559.045164649616,609.9151447623583,0.30495757238117915,5.476092670204488,0.0,0.0,553.2641144070303,95382.10755328032,103332.8807137322,0.00538301399356134
805,342.7351309975453,125.38697259210016,553,804,0.13825625955059634,1.1712060515915634,2.1261054840119744,0.9440722091495721,False,-134.51627679481928,431.467804957189,-134.38176363514597,430.2093552598115,-78.84032880039047,125.05525431474432,46.21492551435385,203.89558311513295,0.10194779155756648,5.4791206452111965,0.0,0.0,40.63385707758509,95488.21729715564,103373.51457080978,0.0003932325973777319
806,350.66153799077546,125.8350972842199,554,805,0.14893051664209941,1.1690366477392096,2.8033207881082474,0.9452697845679642,False,-134.38176363514597,430.2093552598115,-131.47554412704451,428.31121564202346,-1065.1645510402234,192.78743487283228,-872.3771161673911,1257.951985913043,0.6289759929565215,5.483018019425348,0.0,0.0,-878.489110179773,94701.85848415701,102495.02546063002,-0.008498202985814256
807,347.33088983537317,125.73813869553987,555,806,0.1583498803041131,1.1671537927165339,2.2704714551478937,0.9573119648760254,False,-131.47554412704451,428.31121564202346,-132.85162128414478,428.32293146722355,437.8987785272528,-41.52845098447627,396.3703275427765,479.42722951170987,0.23971361475585493,5.4885019656861305,0.0,0.0,390.6421119623346,95172.6112459804,102885.66757259237,0.0038113275274262695
808,341.2628097263411,124.80743677464935,556,807,0.15698425755193685,1.1675023808168417,1.8173751060763774,0.9523455398002132,False,-132.85162128414478,428.32293146722355,-135.19214373180594,431.5764394265429,806.1542805669783,-398.6409750780067,407.5133054889716,1204.7952556449864,0.6023976278224932,5.493270456749287,0.0,0.0,401.4176374043998,95559.18685568367,103287.08520999676,0.003901589471839345
809,343.5943036332733,125.88401734995988,557,808,0.1539704495224715,1.1681773164036937,1.6253279986192855,0.9488036830125618,False,-135.19214373180594,431.5764394265429,-134.23298513911365,427.99961488937896,-315.19965937580326,464.62681144829753,149.42715207249427,779.8264708240843,0.38991323541204215,5.4923870027194575,0.0,0.0,143.54485183436276,95674.00816880967,103430.63006183112,0.0013897657344334542
810,343.9063779972516,126.2989877710427,558,809,0.14996149450860888,1.1690573290806,1.4565795927492249,0.9478666615456806,False,-134.23298513911365,427.99961488937896,-134.0567662552591,426.7415283552016,-41.89067346219712,177.6071804139336,135.71650695173648,219.49785387611755,0.10974892693805878,5.490677268272532,0.0,0.0,130.1160807565259,95766.7000003283,103560.74614258764,0.0012580033659152392
811,341.1874194993654,125.06831998561636,559,810,0.1457313543596763,1.1699802623600606,1.5265038753608975,0.9454240061310437,False,-134.0567662552591,426.7415283552016,-135.06760752272962,431.09743168827697,364.4947838088815,-525.1770516503511,-160.68226784146964,889.6718354592169,0.44483591772960845,5.488449634389326,0.0,0.0,-166.61555339358858,95560.86752646042,103394.13058919404,-0.0016088678345769307
812,344.4835522434329,126.0941294423677,560,811,0.13661392436783856,1.171921018950229,1.4696190183869506,0.949732252705031,False,-135.06760752272962,431.09743168827697,-133.65569879632795,427.9169088972096,-445.2007638185277,442.2238222070522,-2.9769416114755245,887.4245860255926,0.4437122930127963,5.486115293884903,0.0,0.0,-8.906769198373224,95469.60361787044,103385.22381999568,-8.614385698308078e-05
813,345.1810939161422,125.57710867987716,561,812,0.1198106881586037,1.175462855114082,1.648366625345242,0.9486368412213202,False,-133.65569879632795,427.9169088972096,-133.1684445023177,430.2756387656603,-93.2304197055199,-221.24192652063277,-314.4723462261527,464.39344725869944,0.23219672362934973,5.48121308320683,0.0,0.0,-320.1857560329889,94999.4967608049,103065.03806396271,-0.0030970166161311667
814,338.3450291731602,124.43223170193811,562,813,0.11502897373374131,1.17650969022648,1.2778022552618604,0.9499597477005941,False,-133.1684445023177,430.2756387656603,-135.79369148206703,434.4121997542457,910.3481083400477,-492.612672990823,417.7354353492247,1402.960781330898,0.701480390665449,5.472289208145368,0.0,0.0,411.5616657504139,95366.84074177526,103476.59972971311,0.0039932228569593345
815,341.5036469895725,125.43823307140906,563,814,0.10833071747244169,1.1779411917328182,1.2294482683256331,0.9382936883596108,False,-135.79369148206703,434.4121997542457,-134.44928753399333,431.16900364183425,-428.92037327165053,437.01926786765955,8.098894596009018,865.9396411393056,0.43296982056965283,5.469657203098938,0.0,0.0,2.1962675723404264,95308.64005330221,103478.79599728546,2.122477524469092e-05
816,338.8002268466434,125.7864721892235,564,815,0.09974408614149274,1.1797671015318916,0.8239359724608443,0.9371750539200621,False,-134.44928753399333,431.16900364183425,-135.40858940136653,430.2810807223669,363.4729121218607,150.14991345716513,513.6228255790259,436.70038189620504,0.21835019094810254,5.466062146191474,0.0,0.0,507.93841324188634,95739.65602286127,103986.73441052734,0.004908623146863854
817,343.3919715897745,126.80048736490531,565,816,0.09411418101107581,1.180964711930234,0.9268291129621216,0.9421132540772704,False,-135.40858940136653,430.2810807223669,-133.52458105411674,427.03882281066836,-621.7616785585265,436.31154566124803,-185.45013289727842,1058.0732242197898,0.5290366121098949,5.461483429305591,0.0,0.0,-191.44065293869392,95497.83204533225,103795.29375758863,-0.0018410103367889226
818,341.57750007869834,127.70761955976478,566,817,0.07197828903140209,1.1856016762059323,0.4476355022014819,0.9398747475377138,False,-133.52458105411674,427.03882281066836,-133.9490781845734,424.76720592604255,242.2765483510787,387.38066462644656,629.6572129775252,435.1014534993026,0.21755072674965129,5.458484421889501,0.0,0.0,623.9811778288861,95927.25746368291,104419.27493541752,0.006011651927939803
819,340.2494658672777,128.33107332989536,567,818,0.047135284910662295,1.1907839844133359,0.10193798551412629,0.9397807742633987,False,-133.9490781845734,424.76720592604255,0.0,0.0,177.88895841737016,264.8227159624241,442.7116743797943,100086.93375754505,50.04346687877253,5.446903721920559,0.0,0.0,387.2213037791013,104806.49623919661,104806.49623919661,0.003708331665955224
820,339.91021637126596,129.27179371815825,568,819,0.02524980896576434,1.1953375529713905,-0.24443472688198928,0.9360618127056582,False,0.0,0.0,0.0,0.0,-0.0,0.0,0.0,0.0,0.0,-0.0,0.0,0.0,0.0,104806.49623919661,104806.49623919661,0.0
821,331.8403345924035,127.33672298146533,569,820,0.013462720622804037,1.1977781100470664,-0.45817879744094225,0.9405062368105352,False,0.0,0.0,0.0,0.0,-0.0,-0.0,-0.0,0.0,0.0,-0.0,0.0,0.0,0.0,104806.49623919661,104806.49623919661,0.0
822,336.4831906040534,127.17021100960389,570,821,0.012018622075566867,1.198060897090121,0.04043096730587078,0.9376612107243151,False,0.0,0.0,0.0,0.0,0.0,-0.0,0.0,0.0,0.0,-0.0,0.0,0.0,0.0,104806.49623919661,104806.49623919661,0.0
823,335.87287891437154,126.83697375241803,571,822,-0.009178931631456047,1.2024698467647112,0.05875935397082361,0.9351778839597507,False,0.0,0.0,0.0,0.0,-0.0,-0.0,-0.0,0.0,0.0,-0.0,0.0,0.0,0.0,104806.49623919661,104806.49623919661,0.0
824,335.05677854930747,127.69295328633484,572,823,-0.02777588617126096,1.2063386650525127,-0.34820965153077504,0.9359751818952748,False,0.0,0.0,0.0,0.0,-0.0,0.0,0.0,0.0,0.0,-0.0,0.0,0.0,0.0,104806.49623919661,104806.49623919661,0.0
825,332.1112902740795,126.77890712673228,573,824,-0.04887322075087636,1.2107139836847434,-0.37483114797400247,0.9332240091610422,False,0.0,0.0,0.0,0.0,-0.0,-0.0,-0.0,0.0,0.0,-0.0,0.0,0.0,0.0,104806.49623919661,104806.49623919661,0.0
826,337.5806478480819,127.31220909750785,574,825,-0.06819970479238303,1.21472142786294,0.021511532428636328,0.9365913600796645,False,0.0,0.0,0.0,0.0,0.0,0.0,0.0,0.0,0.0,-0.0,0.0,0.0,0.0,104806.49623919661,104806.49623919661,0.0
827,338.58791144008364,127.44031696908463,575,826,-0.0862021626613853,1.2184672802460665,0.07232705884884684,0.9335349247016771,False,0.0,0.0,0.0,0.0,0.0,0.0,0.0,0.0,0.0,-0.0,0.0,0.0,0.0,104806.49623919661,104806.49623919661,0.0
828,339.53060542629805,127.35264207067478,576,827,-0.09700870942801154,1.2207181239418816,0.1958365431667494,0.9325160065360603,False,0.0,0.0,0.0,0.0,0.0,-0.0,0.0,0.0,0.0,-0.0,0.0,0.0,0.0,104806.49623919661,104806.49623919661,0.0
829,340.4590034631355,127.04201503625679,577,828,-0.0965721747690804,1.2206373360972742,0.3962539942686158,0.9373825295876275,False,0.0,0.0,0.0,0.0,0.0,-0.0,0.0,0.0,0.0,-0.0,0.0,0.0,0.0,104806.49623919661,104806.49623919661,0.0
830,337.7667032835732,126.40692090255794,578,829,-0.100662912730113,1.2215043049383913,0.3126090878180637,0.9377300494066297,False,0.0,0.0,0.0,0.0,-0.0,-0.0,-0.0,0.0,0.0,-0.0,0.0,0.0,0.0,104806.49623919661,104806.49623919661,0.0
831,340.7562241756406,127.27033793787439,579,830,-0.10518193845718596,1.2224570019305534,0.3207871747932573,0.9386894341672468,False,0.0,0.0,0.0,0.0,0.0,0.0,0.0,0.0,0.0,-0.0,0.0,0.0,0.0,104806.49623919661,104806.49623919661,0.0
832,348.5654106388002,128.3411260202747,580,831,-0.11282599731211193,1.224059992165458,0.7909405054545676,0.938290359228303,False,0.0,0.0,0.0,0.0,0.0,0.0,0.0,0.0,0.0,-0.0,0.0,0.0,0.0,104806.49623919661,104806.49623919661,0.0
833,347.0847199499982,127.77337517654603,581,832,-0.12127028195164681,1.2258467235961739,0.828595542645249,0.9411088919458039,False,0.0,0.0,0.0,0.0,-0.0,-0.0,-0.0,0.0,0.0,-0.0,0.0,0.0,0.0,104806.49623919661,104806.49623919661,0.0
834,350.72379460555896,128.49875920546663,582,833,-0.12864761461100127,1.2274115204750322,0.9433772682259839,0.9415041471677829,False,0.0,0.0,0.0,0.0,0.0,0.0,0.0,0.0,0.0,-0.0,0.0,0.0,0.0,104806.49623919661,104806.49623919661,0.0
835,357.13021332672105,129.9353632377929,583,834,-0.13244912069526807,1.2282395560180301,1.0872392068481476,0.9432350674413986,False,0.0,0.0,0.0,0.0,0.0,0.0,0.0,0.0,0.0,-0.0,0.0,0.0,0.0,104806.49623919661,104806.49623919661,0.0
836,355.3797334456632,129.99696665604313,584,835,-0.15431586887673612,1.232827373551743,0.8561511271571018,0.9488163200017343,False,0.0,0.0,0.0,0.0,-0.0,0.0,0.0,0.0,0.0,-0.0,0.0,0.0,0.0,104806.49623919661,104806.49623919661,0.0
837,356.32130189794873,129.98707434005738,585,836,-0.17003927456602735,1.236130919509351,0.9367664164435464,0.9466788809856456,False,0.0,0.0,0.0,0.0,0.0,-0.0,0.0,0.0,0.0,-0.0,0.0,0.0,0.0,104806.49623919661,104806.49623919661,0.0
838,358.2689185245224,130.4170464395076,586,837,-0.1990038608035664,1.2421848359539456,0.9566781422343176,0.9477585158890194,False,0.0,0.0,0.0,0.0,0.0,0.0,0.0,0.0,0.0,-0.0,0.0,0.0,0.0,104806.49623919661,104806.49623919661,0.0
839,349.57337767508494,128.79600558204146,587,838,-0.23027894526136974,1.2487189159515728,0.6106508365949219,0.9484196947230252,False,0.0,0.0,0.0,0.0,-0.0,-0.0,-0.0,0.0,0.0,-0.0,0.0,0.0,0.0,104806.49623919661,104806.49623919661,0.0
840,348.51548244737234,129.07964717965152,588,839,-0.24743938830601725,1.2523070097360083,0.3897485469407541,0.9454748944510639,False,0.0,0.0,0.0,0.0,-0.0,0.0,0.0,0.0,0.0,-0.0,0.0,0.0,0.0,104806.49623919661,104806.49623919661,0.0
841,349.69174482152664,127.80802670150126,589,840,-0.25435476799217926,1.2537632769384819,0.9347635061007668,0.9441102673754507,False,0.0,0.0,0.0,0.0,0.0,-0.0,0.0,0.0,0.0,-0.0,0.0,0.0,0.0,104806.49623919661,104806.49623919661,0.0
842,352.53110498645117,128.72480056909532,590,841,-0.26973786607691747,1.2569953175570887,0.8760642795422557,0.9475868707128964,False,0.0,0.0,0.0,0.0,0.0,0.0,0.0,0.0,0.0,-0.0,0.0,0.0,0.0,104806.49623919661,104806.49623919661,0.0
843,360.3679636407007,130.7061885251246,591,842,-0.28835448598126645,1.2608969890105344,0.9437952050794509,0.9485982078462749,False,0.0,0.0,0.0,0.0,0.0,0.0,0.0,0.0,0.0,-0.0,0.0,0.0,0.0,104806.49623919661,104806.49623919661,0.0
844,365.3231397433459,131.24460490050205,592,843,-0.3121585870618033,1.265882626133571,1.2026688227115623,0.9491168657259874,False,0.0,0.0,0.0,0.0,0.0,0.0,0.0,0.0,0.0,-0.0,0.0,0.0,0.0,104806.49623919661,104806.49623919661,0.0
845,360.0559648308428,131.15119297695347,593,844,-0.34160660250737557,1.2720532171149104,0.6824251956196545,0.9528055115140692,False,0.0,0.0,0.0,0.0,-0.0,-0.0,-0.0,0.0,0.0,-0.0,0.0,0.0,0.0,104806.49623919661,104806.49623919661,0.0
846,359.8667253835632,132.19112794608358,594,845,-0.34766236913169424,1.2733548294969852,0.28617509240268374,0.9444860135603104,False,0.0,0.0,0.0,0.0,-0.0,0.0,0.0,0.0,0.0,-0.0,0.0,0.0,0.0,104806.49623919661,104806.49623919661,0.0
847,356.6461610088933,131.48751342549457,595,846,-0.34956067507909966,1.2737786968859675,0.18303962880416588,0.9410996195166448,False,0.0,0.0,0.0,0.0,-0.0,-0.0,-0.0,0.0,0.0,-0.0,0.0,0.0,0.0,104806.49623919661,104806.49623919661,0.0
848,357.2592349158185,132.00073417617506,596,847,-0.35013830818957575,1.2739195157716265,0.036141052443274965,0.9403204774521534,False,0.0,0.0,0.0,0.0,0.0,0.0,0.0,0.0,0.0,-0.0,0.0,0.0,0.0,104806.49623919661,104806.49623919661,0.0
849,352.0340322607841,131.23411013653913,597,848,-0.34447525348600583,1.2727612130296035,-0.26760608558685123,0.9403468572360426,False,0.0,0.0,0.0,0.0,-0.0,-0.0,-0.0,0.0,0.0,-0.0,0.0,0.0,0.0,104806.49623919661,104806.49623919661,0.0
850,359.34530199749724,131.12892010291776,598,849,-0.3326065314257859,1.2703043570282098,0.5354757039623917,0.9370481863008926,False,0.0,0.0,0.0,0.0,0.0,-0.0,0.0,0.0,0.0,-0.0,0.0,0.0,0.0,104806.49623919661,104806.49623919661,0.0
851,361.7275118072092,132.6317106914168,599,850,-0.33987771985567283,1.2718478647444815,0.19117734454207083,0.9414810761925928,False,0.0,0.0,0.0,0.0,0.0,0.0,0.0,0.0,0.0,-0.0,0.0,0.0,0.0,104806.49623919661,104806.49623919661,0.0
852,355.8900741207589,131.6190704093407,600,851,-0.34554994535306904,1.2730482411662438,-0.11784700692220079,0.94152516112781,False,0.0,0.0,0.0,0.0,-0.0,-0.0,-0.0,0.0,0.0,-0.0,0.0,0.0,0.0,104806.49623919661,104806.49623919661,0.0
853,351.54765685781774,130.40594493142262,601,852,-0.3603578169160807,1.2761265505340422,-0.19505498731188925,0.9405343856678322,False,0.0,0.0,0.0,0.0,-0.0,-0.0,-0.0,0.0,0.0,-0.0,0.0,0.0,0.0,104806.49623919661,104806.49623919661,0.0
854,353.8337444981108,131.22144127532533,602,853,-0.3711517267938844,1.27837159579247,-0.32567552575051917,0.9403402750564337,False,0.0,0.0,0.0,0.0,0.0,0.0,0.0,0.0,0.0,-0.0,0.0,0.0,0.0,104806.49623919661,104806.49623919661,0.0
855,360.012813250448,132.54900661703067,603,854,-0.3897496102977202,1.282231176244776,-0.1693002752745912,0.9404576296779178,False,0.0,0.0,0.0,0.0,0.0,0.0,0.0,0.0,0.0,-0.0,0.0,0.0,0.0,104806.49623919661,104806.49623919661,0.0
856,363.4024683783226,133.27687930769682,604,855,-0.42639848962627586,1.289838152197705,-0.11655155636077626,0.939984647582014,False,0.0,0.0,0.0,0.0,0.0,0.0,0.0,0.0,0.0,-0.0,0.0,0.0,0.0,104806.49623919661,104806.49623919661,0.0
857,363.57518060475195,133.26374865618058,605,856,-0.45945717466921837,1.2967043500122164,-0.1449989975370584,0.9395908483150222,False,0.0,0.0,0.0,0.0,0.0,-0.0,0.0,0.0,0.0,-0.0,0.0,0.0,0.0,104806.49623919661,104806.49623919661,0.0
858,366.1675713446633,133.5838560981209,606,857,-0.48822273269238026,1.3026802200219056,0.03183776118699885,0.9400991678691835,False,0.0,0.0,0.0,0.0,0.0,0.0,0.0,0.0,0.0,-0.0,0.0,0.0,0.0,104806.49623919661,104806.49623919661,0.0
859,366.1290313071678,133.53816714782167,607,858,-0.5161427650296343,1.3084853607912457,0.0012728601722306917,0.9444164983229208,False,0.0,0.0,0.0,0.0,-0.0,-0.0,-0.0,0.0,0.0,-0.0,0.0,0.0,0.0,104806.49623919661,104806.49623919661,0.0
860,367.14889573060077,133.7077228150541,608,859,-0.5459931976589859,1.3146890249887047,0.03787366127076471,0.9446494466421688,False,0.0,0.0,0.0,0.0,0.0,0.0,0.0,0.0,0.0,-0.0,0.0,0.0,0.0,104806.49623919661,104806.49623919661,0.0
861,369.95873159059465,133.65247861822687,609,860,-0.578653112590191,1.3214744631663367,0.5368724646089784,0.9446351469594304,False,0.0,0.0,0.0,0.0,0.0,-0.0,0.0,0.0,0.0,-0.0,0.0,0.0,0.0,104806.49623919661,104806.49623919661,0.0
862,361.012083450945,132.18296100346663,610,861,-0.6297024010927308,1.3320789968603022,-0.11642381921340522,0.9474723275003745,False,0.0,0.0,0.0,0.0,-0.0,-0.0,-0.0,0.0,0.0,-0.0,0.0,0.0,0.0,104806.49623919661,104806.49623919661,0.0
863,360.2002622126943,132.55655618025727,611,862,-0.6805913591615325,1.3426298017162457,-0.5021339182228415,0.9445796812584866,False,0.0,0.0,0.0,0.0,-0.0,0.0,0.0,0.0,0.0,-0.0,0.0,0.0,0.0,104806.49623919661,104806.49623919661,0.0
864,363.3264353125461,133.0064848007697,612,863,-0.7277581797090548,1.3523994696832755,-0.22326738411999955,0.9429612098462338,False,0.0,0.0,0.0,0.0,0.0,0.0,0.0,0.0,0.0,-0.0,0.0,0.0,0.0,104806.49623919661,104806.49623919661,0.0
865,363.7175069438577,132.75837253012116,613,864,-0.7813735522671468,1.3635140948152147,0.02029368740396105,0.9427107205032036,False,0.0,0.0,0.0,0.0,0.0,-0.0,0.0,0.0,0.0,-0.0,0.0,0.0,0.0,104806.49623919661,104806.49623919661,0.0
866,363.95192182830186,132.95193868600103,614,865,-0.8281555724341885,1.3732158600351225,-0.06854768381231134,0.9433862898951909,False,0.0,0.0,0.0,0.0,0.0,0.0,0.0,0.0,0.0,-0.0,0.0,0.0,0.0,104806.49623919661,104806.49623919661,0.0
867,364.4533848714228,132.41370742269075,615,866,-0.8751139766472755,1.3829503920662167,0.45435608341723294,0.9429448475030222,False,0.0,0.0,0.0,0.0,0.0,-0.0,0.0,0.0,0.0,-0.0,0.0,0.0,0.0,104806.49623919661,104806.49623919661,0.0
868,369.0586938936243,132.86649159780745,616,867,-0.9150912963276994,1.3912462488396309,1.066111595600693,0.9440142035784945,False,0.0,0.0,0.0,0.0,0.0,0.0,0.0,0.0,0.0,-0.0,0.0,0.0,0.0,104806.49623919661,104806.49623919661,0.0
869,366.69439951302576,132.19468507474642,617,868,-0.9660354545972069,1.4018206252210956,1.1228393677383943,0.9444770537028586,False,0.0,0.0,0.0,0.0,-0.0,-0.0,-0.0,0.0,0.0,-0.0,0.0,0.0,0.0,104806.49623919661,104806.49623919661,0.0
870,362.5268073609075,131.3321067683077,618,869,-1.014587381302937,1.4118963241778548,0.9518914501011188,0.9393215826878827,False,0.0,0.0,0.0,0.0,-0.0,-0.0,-0.0,0.0,0.0,-0.0,0.0,0.0,0.0,104806.49623919661,104806.49623919661,0.0
871,360.0568059494015,131.91454764560103,619,870,-1.0692038714357643,1.4232193525418846,-0.04938036561512511,0.9431879528691623,False,0.0,0.0,0.0,0.0,-0.0,0.0,0.0,0.0,0.0,-0.0,0.0,0.0,0.0,104806.49623919661,104806.49623919661,0.0
872,361.324563521827,131.4215340462849,620,871,-1.1057925370353043,1.4307931368722282,0.6569439547901373,0.9430569243642427,False,0.0,0.0,0.0,0.0,0.0,-0.0,0.0,0.0,0.0,-0.0,0.0,0.0,0.0,104806.49623919661,104806.49623919661,0.0
873,356.0274467998795,131.02362628974606,621,872,-1.1380550896997197,1.4374834560738587,-0.1441481410758112,0.9455225375829466,False,0.0,0.0,0.0,0.0,-0.0,-0.0,-0.0,0.0,0.0,-0.0,0.0,0.0,0.0,104806.49623919661,104806.49623919661,0.0
874,354.3873503771172,130.86661220431742,622,873,-1.1549550085315807,1.4409817551636903,-0.35015501594581067,0.9422087197513898,False,0.0,0.0,0.0,0.0,-0.0,-0.0,-0.0,0.0,0.0,-0.0,0.0,0.0,0.0,104806.49623919661,104806.49623919661,0.0
875,346.5886910390651,131.1236399153641,623,874,-1.1650117828361717,1.4430610009278033,-2.456182712603119,0.9408495957133923,False,0.0,0.0,118.1003816586468,-450.47363959574216,-0.0,0.0,0.0,100000.0,50.0,-0.0,0.0,0.0,-50.0,122891.9828586278,104756.49623919663,-0.00047706966451652004
876,349.09097437682067,130.85548109726187,624,875,-1.1509598123575417,1.440124391527426,-1.4870032323194304,0.9387367674025434,False,118.1003816586468,-450.47363959574216,117.39494951791043,-451.0203332026107,295.5206172070039,120.79847878020057,416.3190959872045,317.7978483059623,0.15889892415298115,7.031874203537571,0.0,0.0,409.1283228595139,123202.58993380608,105165.62456205615,0.003905517438511316
877,349.75593762346887,131.0544303307125,625,876,-1.1609175515737356,1.4421630414741007,-1.456059690753796,0.9325599655200983,False,117.39494951791043,-451.0203332026107,117.07394407304646,-450.59669307200164,78.06332677153114,-89.73014956130882,-11.666822789777683,167.79347633283385,0.08389673816641692,7.026009843556544,0.0,0.0,-18.776729371500643,123252.2336715928,105146.84783268462,-0.00017854436228303744
878,347.952094792896,131.5533524442926,626,877,-1.1604832095340736,1.4420534539205043,-2.267228474275165,0.9281540087326501,False,117.07394407304646,-450.59669307200164,117.6861562569779,-448.8738166309068,-211.18299466305467,-224.81265447969,-435.9956491427447,439.6706835299958,0.21983534176499792,7.030082490411201,0.0,0.0,-443.2455669749209,122805.31307023062,104703.60226570969,-0.004215490774200372
879,345.34527809792775,131.7086984296697,627,878,-1.1477759700770236,1.4393938059027431,-2.860398203129879,0.9311691643323895,False,117.6861562569779,-448.8738166309068,118.7037833236529,-448.0054061753961,-306.78623689733155,-69.73074535450611,-376.51698225183765,465.8099131388866,0.2329049565694433,7.02986373836434,0.0,0.0,-383.7797509467714,122332.24038839679,104319.82251476293,-0.0036653920461383314
880,341.46515679885727,130.90915459585375,628,879,-1.1377821459299138,1.43728148107559,-2.863827653543551,0.93766988119136,False,118.7037833236529,-448.0054061753961,120.15667905646637,-450.4702587653981,-460.58507795435304,358.1999600237526,-102.38511793060042,818.7850379781071,0.40939251898905354,7.024548682954396,0.0,0.0,-109.81905913254386,122151.36494673787,104210.00345563039,-0.001052715164627499
881,340.97301531233694,131.99144715912576,629,880,-1.1117255291653123,1.4318525414234482,-3.6742845246345395,0.9294054960555266,False,120.15667905646637,-450.4702587653981,120.59873501864153,-446.082582963554,-59.134086646194916,-487.54061103700644,-546.6746976832013,729.8648331101444,0.36493241655507225,7.020319136375446,0.0,0.0,-554.0599492361318,121414.1148620748,103655.94350639427,-0.005316763562646118
882,338.6949334765839,130.90180552049583,630,881,-1.080515786731478,1.4253371376428394,-3.0390316945638762,0.9357429532591346,False,120.59873501864153,-446.082582963554,121.736043559199,-448.95193455382054,-274.7337876607599,486.0701566646777,211.3363690039178,760.80394432546,0.38040197216273,7.009414961647651,0.0,0.0,203.94655207010743,121397.12770849353,103859.89005846437,0.001967533603681145
883,343.3819550991424,131.21658141696776,631,882,-1.0645379443457852,1.4219797271592918,-2.1700126338217665,0.9344718491665942,False,121.736043559199,-448.95193455382054,120.24084714145587,-447.4393570673966,570.5794684066844,-141.31924767198552,429.2602207346989,711.8987160786891,0.3559493580393445,6.996264145835069,0.0,0.0,421.90800723082447,121704.7237172747,104281.79806569518,0.004062280510727622
884,341.1560968468015,130.16403650757138,632,883,-1.0580245540288031,1.4205904206771527,-1.7757014608214476,0.9331139309426485,False,120.24084714145587,-447.4393570673966,121.09481629911727,-450.8754237934144,-267.639081878265,470.9500175448749,203.3109356666099,738.5890994231486,0.36929454971157427,6.989459860213066,0.0,0.0,195.95218125668526,121853.28049297728,104477.75024695188,0.0018790640830075723
885,338.31434192361587,129.00617533234305,633,884,-1.0616101495857238,1.421296336470986,-1.4892406868904196,0.9334493165445608,False,121.09481629911727,-450.8754237934144,122.07638104993967,-455.0155008429004,-344.121790390278,522.0511480750158,177.9293576847378,866.1729384652945,0.43308646923264726,6.986638705120561,0.0,0.0,170.5096325103846,122047.87884080844,104648.25987946226,0.0016320186078600505
886,340.68083969203246,128.21093865738138,634,885,-1.065862266654705,1.4221482514890775,-0.5570479697140004,0.9370226735407462,False,122.07638104993967,-455.0155008429004,121.18575410402825,-457.9510621167048,288.8934833310559,361.84501394632775,650.7384972773837,679.790602186175,0.33989530109308747,6.988072557222988,0.0,0.0,643.4105294190676,122720.34147513629,105291.67040888133,0.006148315606586969
887,340.95390450557534,128.69155364562275,635,886,-1.0727881127921992,1.423570403628807,-0.8163643614087525,0.9346590379224406,False,121.18575410402825,-457.9510621167048,121.01764337118972,-456.4290376062883,33.09156534846902,-220.09814433434326,-187.00657898587423,253.1897096828057,0.12659485484140284,6.989801849181844,0.0,0.0,-194.1229756898975,122574.67139025065,105097.54743319142,-0.0018436688765224277
888,342.56874231017025,129.43692424459545,636,887,-1.0674250501289788,1.422451509566046,-1.0087284365957432,0.9350409555364871,False,121.01764337118972,-456.4290376062883,120.50280998550537,-453.6534244854462,195.42386553878214,-340.2087851491314,-144.78491961034928,535.6326506879252,0.2678163253439626,6.992685949824954,0.0,0.0,-152.0454218855182,122384.50988815392,104945.50201130591,-0.0014467076121082046
889,345.9803077877415,129.12965545432232,637,888,-1.0561991059426576,1.4201189398853262,-0.22844600862588635,0.9347528047267478,False,120.50280998550537,-453.6534244854462,0.0,0.0,411.1032264968758,139.39353894490463,550.4967654417804,100271.70968755196,50.13585484377598,6.990417135526667,0.0,0.0,493.3704934624778,105438.87250476838,105438.87250476838,0.00470120666447732
890,344.53175086401956,128.61921615148086,638,889,-1.0494674839320808,1.4187310162199631,-0.14134171765137765,0.9339944870620127,False,0.0,0.0,0.0,0.0,-0.0,-0.0,-0.0,0.0,0.0,-0.0,0.0,0.0,0.0,105438.87250476838,105438.87250476838,0.0
891,349.25751041819643,129.2669635393957,639,890,-1.0403404670861351,1.4168509216332432,0.2334675272501125,0.9375338524185464,False,0.0,0.0,0.0,0.0,0.0,0.0,0.0,0.0,0.0,-0.0,0.0,0.0,0.0,105438.87250476838,105438.87250476838,0.0
892,348.0743529799713,128.962114416739,640,891,-1.0187475739995393,1.4124047042352836,0.22416063571818207,0.9386483330674281,False,0.0,0.0,0.0,0.0,-0.0,-0.0,-0.0,0.0,0.0,-0.0,0.0,0.0,0.0,105438.87250476838,105438.87250476838,0.0
893,349.7903123929963,129.70515124017626,641,892,-1.0168970376607485,1.4120319932075118,0.04914276193832106,0.9403292560375697,False,0.0,0.0,0.0,0.0,0.0,0.0,0.0,0.0,0.0,-0.0,0.0,0.0,0.0,105438.87250476838,105438.87250476838,0.0
894,363.19014987147426,131.27330816293355,642,893,-1.0044832709367257,1.409476110332718,1.2532794679408987,0.9402083973292391,False,0.0,0.0,0.0,0.0,0.0,0.0,0.0,0.0,0.0,-0.0,0.0,0.0,0.0,105438.87250476838,105438.87250476838,0.0
895,361.1097146204047,130.4444954990283,643,894,-1.0188431508272162,1.412472971657229,1.425973612977413,0.9415658555987335,False,0.0,0.0,0.0,0.0,-0.0,-0.0,-0.0,0.0,0.0,-0.0,0.0,0.0,0.0,105438.87250476838,105438.87250476838,0.0
896,357.7445484278073,130.00187585612926,644,895,-1.0323596650837084,1.4152975706869069,1.152280256487581,0.9431963901568355,False,0.0,0.0,0.0,0.0,-0.0,-0.0,-0.0,0.0,0.0,-0.0,0.0,0.0,0.0,105438.87250476838,105438.87250476838,0.0
897,355.9300534009917,130.29176004075873,645,896,-1.0579569221726277,1.4206078198998293,0.6739217344262817,0.9422025734480256,False,0.0,0.0,0.0,0.0,-0.0,0.0,0.0,0.0,0.0,-0.0,0.0,0.0,0.0,105438.87250476838,105438.87250476838,0.0
898,354.4805124818027,131.33844718400871,646,897,-1.0699832730499035,1.423107273020058,-0.19910385211847503,0.9400128443510228,False,0.0,0.0,0.0,0.0,-0.0,0.0,0.0,0.0,0.0,-0.0,0.0,0.0,0.0,105438.87250476838,105438.87250476838,0.0
899,350.58114096520717,130.83600593656365,647,898,-1.050681894525432,1.419124978985453,-0.5030989756138526,0.9367942938957119,False,0.0,0.0,0.0,0.0,-0.0,-0.0,-0.0,0.0,0.0,-0.0,0.0,0.0,0.0,105438.87250476838,105438.87250476838,0.0
900,354.6982708176975,131.7738421271896,648,899,-1.0103654974963174,1.410804166498324,-0.3942812065364308,0.9362895976499468,False,0.0,0.0,0.0,0.0,0.0,0.0,0.0,0.0,0.0,-0.0,0.0,0.0,0.0,105438.87250476838,105438.87250476838,0.0
901,350.61867914892287,131.60734464593548,649,900,-0.9727294864205499,1.4030364837161002,-0.9425438409413083,0.936571267959177,False,0.0,0.0,0.0,0.0,-0.0,-0.0,-0.0,0.0,0.0,-0.0,0.0,0.0,0.0,105438.87250476838,105438.87250476838,0.0
902,349.3634894318433,131.40160881799264,650,901,-0.93446119378458,1.3951245676743633,-0.9909875163133582,0.9366242784168926,False,0.0,0.0,0.0,0.0,-0.0,-0.0,-0.0,0.0,0.0,-0.0,0.0,0.0,0.0,105438.87250476838,105438.87250476838,0.0
903,344.80090691348454,128.82953284653826,651,902,-0.8970506109118392,1.3873906244173793,-0.13105275012910675,0.9347716405959142,False,0.0,0.0,0.0,0.0,-0.0,-0.0,-0.0,0.0,0.0,-0.0,0.0,0.0,0.0,105438.87250476838,105438.87250476838,0.0
904,340.01359625877524,128.59124607083848,652,903,-0.8676470128350156,1.3813266399879438,-0.7858042913104551,0.9289500758813315,False,0.0,0.0,0.0,0.0,-0.0,-0.0,-0.0,0.0,0.0,-0.0,0.0,0.0,0.0,105438.87250476838,105438.87250476838,0.0
905,343.29518749460044,129.1885784895755,653,904,-0.8260357541197174,1.3727362548285318,-0.575461391483066,0.92765813398286,False,0.0,0.0,0.0,0.0,0.0,0.0,0.0,0.0,0.0,-0.0,0.0,0.0,0.0,105438.87250476838,105438.87250476838,0.0
906,341.4061802838185,129.30122738686433,654,905,-0.780103646435258,1.363254782581748,-0.9638862520357712,0.9209755522880779,False,0.0,0.0,0.0,0.0,-0.0,0.0,0.0,0.0,0.0,-0.0,0.0,0.0,0.0,105438.87250476838,105438.87250476838,0.0
907,340.1812747339915,128.56074009853577,655,906,-0.7288341985750878,1.352664329971889,-0.6932851887099877,0.9163739354985002,False,0.0,0.0,0.0,0.0,-0.0,-0.0,-0.0,0.0,0.0,-0.0,0.0,0.0,0.0,105438.87250476838,105438.87250476838,0.0
908,348.8112504124114,128.8680422602698,656,907,-0.692679012901792,1.3451980914915969,0.6157533653469717,0.9133185409299077,False,0.0,0.0,0.0,0.0,0.0,0.0,0.0,0.0,0.0,-0.0,0.0,0.0,0.0,105438.87250476838,105438.87250476838,0.0
909,346.7822491933622,130.23225933743274,657,908,-0.665001382289402,1.3395067534337803,-0.5807201011091714,0.9052305443355828,False,0.0,0.0,0.0,0.0,-0.0,0.0,0.0,0.0,0.0,-0.0,0.0,0.0,0.0,105438.87250476838,105438.87250476838,0.0
910,349.24369725902886,131.1674998865333,658,909,-0.6316749560047301,1.332629064721633,-0.7217698955123139,0.8934086699613624,False,0.0,0.0,0.0,0.0,0.0,0.0,0.0,0.0,0.0,-0.0,0.0,0.0,0.0,105438.87250476838,105438.87250476838,0.0
911,348.33575132835193,130.99697111082756,659,910,-0.6003238211155412,1.3261541807345765,-0.7468991459340824,0.8903573937439003,False,0.0,0.0,0.0,0.0,-0.0,-0.0,-0.0,0.0,0.0,-0.0,0.0,0.0,0.0,105438.87250476838,105438.87250476838,0.0
912,347.1016502114138,131.3255421405953,660,911,-0.5819653633624761,1.3223566121694,-1.1283103685893436,0.8782933882174464,False,0.0,0.0,0.0,0.0,-0.0,0.0,0.0,0.0,0.0,-0.0,0.0,0.0,0.0,105438.87250476838,105438.87250476838,0.0
913,352.67141326836594,132.13492156241603,661,912,-0.5556460762389965,1.3169118800953579,-0.6371442619009021,0.8767758856750835,False,0.0,0.0,0.0,0.0,0.0,0.0,0.0,0.0,0.0,-0.0,0.0,0.0,0.0,105438.87250476838,105438.87250476838,0.0
914,351.9178209723791,132.2856991963691,662,913,-0.5132254366660063,1.3081608578710648,-0.8269061474481696,0.8718040788589315,False,0.0,0.0,0.0,0.0,-0.0,0.0,0.0,0.0,0.0,-0.0,0.0,0.0,0.0,105438.87250476838,105438.87250476838,0.0
915,348.16998238177393,131.94527531611828,663,914,-0.46843472441266193,1.2989148296544415,-1.2245231362979072,0.8683544776570666,False,0.0,0.0,0.0,0.0,-0.0,-0.0,-0.0,0.0,0.0,-0.0,0.0,0.0,0.0,105438.87250476838,105438.87250476838,0.0
916,355.0400049486011,132.72884848448066,664,915,-0.4196025278001115,1.2888292262275212,-0.5016878144618,0.8766125865408707,False,0.0,0.0,0.0,0.0,0.0,0.0,0.0,0.0,0.0,-0.0,0.0,0.0,0.0,105438.87250476838,105438.87250476838,0.0
917,360.7023776080914,133.81868374661582,665,916,-0.3935346123719041,1.2834484034830036,-0.17770221293225774,0.8661618984599415,False,0.0,0.0,0.0,0.0,0.0,0.0,0.0,0.0,0.0,-0.0,0.0,0.0,0.0,105438.87250476838,105438.87250476838,0.0
918,360.10618038109766,133.83300847701847,666,917,-0.38218798862747533,1.2811069130309964,-0.26476088141600584,0.8687960366388379,False,0.0,0.0,0.0,0.0,-0.0,0.0,0.0,0.0,0.0,-0.0,0.0,0.0,0.0,105438.87250476838,105438.87250476838,0.0
919,362.13774154789616,134.56452788119287,667,918,-0.39746598494031915,1.2842463914842297,-0.3306039005534851,0.8812215108114901,False,0.0,0.0,0.0,0.0,0.0,0.0,0.0,0.0,0.0,-0.0,0.0,0.0,0.0,105438.87250476838,105438.87250476838,0.0
920,365.3670314819782,134.85897826604779,668,919,-0.4118496782984075,1.287195965895078,0.03240883244577652,0.8852585255121079,False,0.0,0.0,0.0,0.0,0.0,0.0,0.0,0.0,0.0,-0.0,0.0,0.0,0.0,105438.87250476838,105438.87250476838,0.0
921,360.3857397508184,135.1743885046343,669,920,-0.4192591226505524,1.2887196456143701,-0.9267213163217465,0.8838217184393319,False,0.0,0.0,0.0,0.0,-0.0,0.0,0.0,0.0,0.0,-0.0,0.0,0.0,0.0,105438.87250476838,105438.87250476838,0.0
922,369.57820863190324,136.02639476226548,670,921,-0.40461782746509795,1.2856738106683858,0.11327989156006583,0.8821381961791664,False,0.0,0.0,0.0,0.0,0.0,0.0,0.0,0.0,0.0,-0.0,0.0,0.0,0.0,105438.87250476838,105438.87250476838,0.0
923,370.5655492878928,135.37087855921223,671,922,-0.41533120911423305,1.2878756214772973,0.6483767591510509,0.8630568448116076,False,0.0,0.0,0.0,0.0,0.0,-0.0,0.0,0.0,0.0,-0.0,0.0,0.0,0.0,105438.87250476838,105438.87250476838,0.0
924,368.21714537242644,134.81112724930347,672,923,-0.43635841613836945,1.2922177590754609,0.5794021560632041,0.8692419873573483,False,0.0,0.0,0.0,0.0,-0.0,-0.0,-0.0,0.0,0.0,-0.0,0.0,0.0,0.0,105438.87250476838,105438.87250476838,0.0
925,375.3442925760996,135.6180573017946,673,924,-0.4508278723834696,1.2952076686752734,1.2588126025685955,0.8677300715378772,False,0.0,0.0,0.0,0.0,0.0,0.0,0.0,0.0,0.0,-0.0,0.0,0.0,0.0,105438.87250476838,105438.87250476838,0.0
926,373.32356842829074,135.34263237660423,674,925,-0.475850772065982,1.300390148698992,1.07737526119551,0.8536370842062052,False,0.0,0.0,0.0,0.0,-0.0,-0.0,-0.0,0.0,0.0,-0.0,0.0,0.0,0.0,105438.87250476838,105438.87250476838,0.0
927,379.76777807998945,135.74904499528657,675,926,-0.48656011782571545,1.3026232039366905,1.8474697010945778,0.855964788875933,False,0.0,0.0,-114.35601410111846,416.73420698244,0.0,0.0,0.0,100000.00000000001,50.00000000000001,-0.0,0.0,0.0,-50.00000000000001,92246.33127529979,105388.8725047684,-0.0004742084092157211
928,382.930047137181,136.1443132140487,676,927,-0.5165686140074622,1.3088480929190893,2.0646887469180104,0.8637701896512502,False,-114.35601410111846,416.73420698244,-113.10588302830182,416.3843317594424,-361.62448489572927,164.72178769120228,-196.902697204527,526.3462725869575,0.26317313629347877,5.170086831579249,0.0,0.0,-202.33595717239973,91809.8187866362,105186.53654759598,-0.0019198986796567087
929,384.76692810396014,136.48159108851272,677,928,-0.5464695219383351,1.3150581317058838,2.1187385579917155,0.8698025979012363,False,-113.10588302830182,416.3843317594424,-112.26396149212627,416.2066103336509,-207.76204376543308,140.43722237594076,-67.32482138949231,348.19926614137603,0.17409963307068801,5.156147752323821,0.0,0.0,-72.65506877488681,91504.80067903451,105113.8814788211,-0.00069072593470179
930,376.706996404813,135.2114849067799,678,929,-0.5935674641986686,1.3248052951859572,1.5705754815532358,0.8739858663695012,False,-112.26396149212627,416.2066103336509,-114.18517652468415,421.45565634991004,904.8398619022195,-528.6265886628304,376.2132732393891,1433.4664505650749,0.7167332252825375,5.1423166190603204,0.0,0.0,370.35422339504623,91512.9454673504,105484.23570221613,0.0035233616929049405
931,372.26632051827886,134.9592518569788,679,930,-0.6208487535530508,1.3304559958047237,1.0278699671802973,0.8647507783180123,False,-114.18517652468415,421.45565634991004,-115.26709454953095,423.01614783485786,507.059359992812,-106.3050455570646,400.7543144357474,613.3644055498654,0.3066822027749327,5.120756533638944,0.0,0.0,395.3268756993335,91699.67690748836,105879.56257791548,0.0037477341810141576
932,371.66357865546007,135.74486745438733,680,931,-0.6255183525386645,1.331442323712358,0.4868876210463181,0.8590346422236373,False,-115.26709454953095,423.01614783485786,-115.40518447767909,420.7016973280522,69.47630329049375,332.3280836947398,401.8043869852336,365.49777414788394,0.18274888707394196,5.108340138665052,0.0,0.0,396.5132979594946,92059.8835926105,106276.07587587496,0.0037449465062503345
933,365.9012874908092,134.71165017862427,681,932,-0.6109814296693946,1.3284655498186844,0.19574680163288252,0.8486601333372606,False,-115.40518447767909,420.7016973280522,0.0,0.0,664.9982748706362,-434.6762616221874,230.32201324844885,98900.32546350715,49.45016273175358,5.106179030758067,0.0,0.0,175.76567148593722,106451.8415473609,106451.8415473609,0.0016538592532456037
934,373.3583690514922,135.90115532387253,682,933,-0.5994580449821325,1.3260987162809188,0.7033712741098533,0.8513099368968932,False,0.0,0.0,0.0,0.0,0.0,0.0,0.0,0.0,0.0,-0.0,0.0,0.0,0.0,106451.8415473609,106451.8415473609,0.0
935,374.3651420476497,136.01387513439758,683,934,-0.5947522082035366,1.3251479671528903,0.7942925606793168,0.848819946344213,False,0.0,0.0,0.0,0.0,0.0,0.0,0.0,0.0,0.0,-0.0,0.0,0.0,0.0,106451.8415473609,106451.8415473609,0.0
936,365.2553686522932,134.33696661864866,684,935,-0.5967363512811914,1.3255757060029867,0.29148547592274904,0.8551470788007749,False,0.0,0.0,0.0,0.0,-0.0,-0.0,-0.0,0.0,0.0,-0.0,0.0,0.0,0.0,106451.8415473609,106451.8415473609,0.0
937,361.9163722486165,133.14987254942807,685,936,-0.5912086258659724,1.3244451801169301,0.43177484705992014,0.8519671064655576,False,0.0,0.0,0.0,0.0,-0.0,-0.0,-0.0,0.0,0.0,-0.0,0.0,0.0,0.0,106451.8415473609,106451.8415473609,0.0
938,358.1145996448721,133.19875277522866,686,937,-0.5896453591325759,1.324132475482034,-0.2219203026154367,0.8576480095890229,False,0.0,0.0,0.0,0.0,-0.0,0.0,0.0,0.0,0.0,-0.0,0.0,0.0,0.0,106451.8415473609,106451.8415473609,0.0
939,354.9912798258679,131.9483325871079,687,938,-0.5883139708921821,1.3238453103933332,-0.017624183623991138,0.8567701081760992,False,0.0,0.0,0.0,0.0,-0.0,-0.0,-0.0,0.0,0.0,-0.0,0.0,0.0,0.0,106451.8415473609,106451.8415473609,0.0
940,359.2330978398319,132.52138822215952,688,939,-0.5851420179353656,1.3231911495818451,0.3229430476987161,0.8516776230049253,False,0.0,0.0,0.0,0.0,0.0,0.0,0.0,0.0,0.0,-0.0,0.0,0.0,0.0,106451.8415473609,106451.8415473609,0.0
941,359.58278576618534,131.94144494141992,689,940,-0.5887780660883638,1.3239408521879412,0.710586417096966,0.8453215276228365,False,0.0,0.0,0.0,0.0,0.0,-0.0,0.0,0.0,0.0,-0.0,0.0,0.0,0.0,106451.8415473609,106451.8415473609,0.0
942,352.35556038723564,130.82191907024384,690,941,-0.5929405161886165,1.3248098962299046,0.111037939917395,0.8553859429559363,False,0.0,0.0,0.0,0.0,-0.0,-0.0,-0.0,0.0,0.0,-0.0,0.0,0.0,0.0,106451.8415473609,106451.8415473609,0.0
943,352.0462972710499,130.35099576922644,691,942,-0.6003604880939242,1.3263310601456815,0.3401167868553911,0.8534081046014839,False,0.0,0.0,0.0,0.0,-0.0,-0.0,-0.0,0.0,0.0,-0.0,0.0,0.0,0.0,106451.8415473609,106451.8415473609,0.0
944,355.11902833774315,131.68362409581886,692,943,-0.6220610320879971,1.3307902251626533,-0.02741202562078985,0.849125066000357,False,0.0,0.0,0.0,0.0,0.0,0.0,0.0,0.0,0.0,-0.0,0.0,0.0,0.0,106451.8415473609,106451.8415473609,0.0
945,354.34197168879405,131.46687320175178,693,944,-0.632245272813056,1.3328787577438044,-0.05743759467236348,0.8470479807797736,False,0.0,0.0,0.0,0.0,-0.0,-0.0,-0.0,0.0,0.0,-0.0,0.0,0.0,0.0,106451.8415473609,106451.8415473609,0.0
946,356.10336627294737,130.4490433331596,694,945,-0.6554810952928202,1.337649269873934,1.0672139610249243,0.8522135105849815,False,0.0,0.0,0.0,0.0,0.0,-0.0,0.0,0.0,0.0,-0.0,0.0,0.0,0.0,106451.8415473609,106451.8415473609,0.0
947,356.60552524711625,129.60950900238618,695,946,-0.6974394739879213,1.346285475099991,1.7995310282508645,0.8502781526517581,False,0.0,0.0,-119.51738437101145,442.71011295288207,0.0,-0.0,0.0,99999.99999999999,49.99999999999999,-0.0,0.0,0.0,-49.99999999999999,91642.96080693297,106401.84154736092,-0.0004696959608513698
948,356.6600196797441,129.09012535983797,696,947,-0.7654324678522623,1.3602783814474348,2.1598544030814915,0.855473355422015,False,-119.51738437101145,442.71011295288207,-118.79067284570192,446.44868168214055,-6.513032050462727,-229.93639105839566,-236.44942310885838,741.8012528447389,0.37090062642236943,5.073876146403097,0.0,0.0,-241.89419988168387,90895.7147773154,106159.94734747923,-0.002273402380672309
949,360.23218857236174,129.6916728237644,697,948,-0.8324588873769003,1.3740755653436347,2.3324411871668165,0.8623917070528898,False,-118.79067284570192,446.44868168214055,-116.92919107450528,446.2764673402347,-424.3403462725354,268.5600722391927,-155.78027403334266,692.9004185117313,0.34645020925586567,5.043795680347391,0.0,0.0,-161.1705199229459,90242.09364508609,105998.77682755628,-0.0015181857560216119
950,360.75951257146374,129.8561918954532,698,949,-0.8803164516562881,1.3839374434285645,2.1888367232360912,0.8690770694355239,False,-116.92919107450528,446.2764673402347,-116.27526917612634,447.05292616807117,-61.65956864917108,73.42099012337292,11.761421474201839,336.73653186544124,0.1683682659327206,5.014483143900583,0.0,0.0,6.578570064368535,89900.17426181083,106005.35539762067,6.206269790350883e-05
951,361.4629711984004,129.58528525040063,699,950,-0.932026310388244,1.3945879026298615,2.4040448536870582,0.8726848298282206,False,-116.27526917612634,447.05292616807117,-115.53282737247208,449.4272697278667,-81.79484120132739,-121.10960838912946,-202.90444959045686,576.0452077693237,0.2880226038846619,4.993739218106557,0.0,0.0,-208.18621141244807,89318.84729221952,105797.16918620822,-0.0019639216399167433
952,359.7571017830127,128.97041943046298,700,951,-0.9662580284995539,1.4016485665640837,2.3956056053420838,0.8803419183388579,False,-115.53282737247208,449.4272697278667,-115.73938404362453,452.52186425416426,197.0839166879698,-276.33746670356345,-79.25355001559365,473.4213833915597,0.23671069169577985,4.9715284586911475,0.0,0.0,-84.46178916598058,88988.83812841309,105712.70739704226,-0.0007983369481020921
953,358.5842935609302,129.2942217650549,701,952,-1.0083616167990765,1.410327686989316,1.8579139149111599,0.8855572396356484,False,-115.73938404362453,452.52186425416426,-115.69981047456405,452.54818349244493,135.7401012251263,146.52763609939157,282.26773732451784,17.593385736186,0.008796692868093,4.956912543533978,0.0,0.0,277.3020280881158,88966.2790334405,105990.00942513038,0.002623166456674025
954,359.7658071481502,129.88020046484996,702,953,-1.0332019647151538,1.4154543913753699,1.6012523653040927,0.8808486880292297,False,-115.69981047456405,452.54818349244493,-115.07507687266386,451.1844136099081,-136.70089811447912,265.1835961575143,128.48269804303516,401.88449427199913,0.20094224713599956,4.939063667161316,0.0,0.0,123.34269212873784,88913.50794471781,106113.35211725911,0.0011637199845317416
955,354.1947533925596,129.4130309292302,703,954,-1.0767648481231544,1.4244267826133037,0.9822940941992606,0.8790435788205154,False,-115.07507687266386,451.1844136099081,-116.45249646011214,453.9970690161175,641.0894391863291,-210.77961298502103,430.30982620130806,851.8690521713692,0.4259345260856846,4.928580704015398,0.0,0.0,424.9553109712069,89032.033959505,106538.30742823033,0.004004729871332527
956,352.2221133638216,128.19861917681527,704,955,-1.114520891139715,1.432195844404545,1.4709565120968309,0.8751946177656291,False,-116.45249646011214,453.9970690161175,-116.73063266007291,459.3254611343156,229.71885596368733,-551.3393761750998,-321.62052021141244,781.0582321387883,0.39052911606939417,4.910340864956827,0.0,0.0,-326.92139019243865,88441.60629769153,106211.38603803789,-0.0030685806644025083
957,356.7363131893583,129.08142101450966,705,956,-1.143957200624982,1.438260013608506,1.633131857732081,0.878338019096442,False,-116.73063266007291,459.3254611343156,-114.96685838537567,456.976273866767,-526.9454015888906,405.49336118919575,-121.45204039969485,932.4387627781001,0.46621938138905006,4.894655967836526,0.0,0.0,-126.81291574892043,88110.27952101296,106084.57312228899,-0.0011939672428668432
958,362.0406040222992,129.58521712956747,706,957,-1.1765439023104238,1.4449727445175446,2.115855480856304,0.8812730900422007,False,-114.96685838537567,456.976273866767,-112.97144844964015,456.06860006976416,-609.8176530255588,230.22287144767097,-379.59478157788783,840.0405244732148,0.4200202622366074,4.88248252373357,0.0,0.0,-384.89728436385803,87500.17870588863,105699.67583792513,-0.0036282116526044914
959,353.7592619749324,129.33234346215826,707,958,-1.2058978339089599,1.4510342160046505,0.8935639404908162,0.8931334503188634,False,-112.97144844964015,456.06860006976416,-115.33013671106791,457.74238963625,935.5552061979381,-115.32773948982303,820.2274667081151,1050.8829456877415,0.5254414728438708,4.869077551664494,0.0,0.0,814.8329476836067,88112.71687835961,106514.50878560872,0.007708944622810571
960,347.34544644415587,129.53381199152773,708,959,-1.2331130631728007,1.4566348478379065,-0.25067615896618983,0.8783042144737365,False,-115.33013671106791,457.74238963625,0.0,0.0,739.7062220040247,92.22068607007947,831.9269080741042,99352.51446406604,49.676257232033024,4.857036195997076,0.0,0.0,777.3936146460741,107291.90240025481,107291.90240025481,0.007298476268719604
961,348.9671727962149,128.48618734941624,709,960,-1.2539527794215592,1.4609049727998817,0.651554822398848,0.8677081876322554,False,0.0,0.0,0.0,0.0,0.0,-0.0,0.0,0.0,0.0,-0.0,0.0,0.0,0.0,107291.90240025481,107291.90240025481,0.0
962,351.99336793320015,128.76570761650626,710,961,-1.2621204647673754,1.4625901249994946,0.9285971191574923,0.8656567915687964,False,0.0,0.0,0.0,0.0,0.0,0.0,0.0,0.0,0.0,-0.0,0.0,0.0,0.0,107291.90240025481,107291.90240025481,0.0
963,355.8190291997581,127.12700669628171,711,962,-1.2729769815481597,1.4648322352850016,2.5263314183153587,0.8668924068263223,False,0.0,0.0,-114.02063740091371,467.4796413106096,0.0,-0.0,0.0,100000.0,50.0,-0.0,0.0,0.0,-50.0,88383.32741771633,107241.90240025482,-0.0004660183935732572
964,356.05953864806185,126.26975177927733,712,963,-1.2678734085613044,1.4638159286928447,2.911998223417436,0.8773745426435401,False,-114.02063740091371,467.4796413106096,-113.99062020340274,470.5208612750313,-27.423040596532946,-400.7492211129653,-428.17226170949823,394.7019995109697,0.19735099975548484,4.82984672722985,0.0,0.0,-433.19945943648355,87983.59822047836,106808.70294081833,-0.00403946078669587
965,351.9965045829088,125.54391366820977,713,964,-1.253142734025801,1.4608226657430505,2.530917639571874,0.904951110328407,False,-113.99062020340274,470.5208612750313,-115.44664885551377,472.8479573604422,463.1477729943469,-341.5219731657502,121.62579982859671,804.6697461601036,0.40233487308005184,4.831839004741668,0.0,0.0,116.391625950775,88198.72829267175,106925.09456676911,0.0010897204323815617
966,348.7203567213666,125.70633005775454,714,965,-1.2321728082217196,1.4565429487675088,1.8297880325009757,0.9113326599761512,False,-115.44664885551377,472.8479573604422,-116.73426098349036,471.67383568505124,378.22029177020465,76.79825803810411,455.01854980830876,596.6110874414118,0.2983055437207059,4.83771629320849,0.0,0.0,449.8825279713796,88790.20335827622,107374.97709474049,0.004207455039382268
967,347.4442251810284,125.11692038009882,715,966,-1.2202936393917088,1.4541240402884328,1.896748260841046,0.9029094805877443,False,-116.73426098349036,471.67383568505124,-117.27849725514335,473.57514244105437,148.96827227910447,-278.0091234497647,-129.0408511706602,426.977395728872,0.213488697864436,4.846144420448556,0.0,0.0,-134.1004842889732,88736.34982886881,107240.87661045152,-0.0012488988395373132
968,341.2979155214723,125.19912699074634,716,967,-1.2016300742598363,1.4503105062928598,0.9462060493069794,0.9090659509291181,False,-117.27849725514335,473.57514244105437,-119.57633604147127,472.75765563225923,720.8299605375106,38.93100734699448,759.7609678845051,886.5962227657097,0.44329811138285485,4.850921024905791,0.0,0.0,754.4667487482164,89617.65183249825,107995.34335919976,0.007035253464859382
969,337.8218144027974,124.40093453579658,717,968,-1.1810710025192286,1.4461049275562448,0.8721532585768011,0.894015655000834,False,-119.57633604147127,472.75765563225923,-121.01444889957016,475.22697095801243,415.659435480808,-377.3515937454045,38.307841735403485,793.0110292262227,0.39650551461311134,4.858470742458243,0.0,0.0,33.05286547833213,89791.03761709286,108028.39622467807,0.00030605824705215266
970,333.2413265843804,124.32111770774692,718,969,-1.1563085186891786,1.4410369036312856,0.2510309207330884,0.8991169311118262,False,-121.01444889957016,475.22697095801243,0.0,0.0,554.3052090369274,-37.93110942551563,516.3740996114118,99407.76368153756,49.70388184076878,4.866823892405642,0.0,0.0,461.8033938782374,108490.19961855632,108490.19961855632,0.004274833377307436
971,336.3243794648164,124.10698801562717,719,970,-1.1376118839038265,1.4372088767493685,0.7634413033844164,0.8955868060855848,False,0.0,0.0,0.0,0.0,0.0,-0.0,0.0,0.0,0.0,-0.0,0.0,0.0,0.0,108490.19961855632,108490.19961855632,0.0
972,338.12899372302934,124.33461378990516,720,971,-1.1091163025600967,1.431372238396854,0.8527951872782451,0.8982358264726155,False,0.0,0.0,0.0,0.0,0.0,0.0,0.0,0.0,0.0,-0.0,0.0,0.0,0.0,108490.19961855632,108490.19961855632,0.0
973,343.09027258714997,125.40212511258355,721,972,-1.0814876079809825,1.4257141623974405,0.9292517096037644,0.9000423695381021,False,0.0,0.0,0.0,0.0,0.0,0.0,0.0,0.0,0.0,-0.0,0.0,0.0,0.0,108490.19961855632,108490.19961855632,0.0
974,337.95258918465277,124.3920828804748,722,973,-1.0581701590701993,1.420945028439263,0.7179677002388288,0.9017338015994809,False,0.0,0.0,0.0,0.0,-0.0,-0.0,-0.0,0.0,0.0,-0.0,0.0,0.0,0.0,108490.19961855632,108490.19961855632,0.0
975,334.88420555386784,123.2345259992273,723,974,-1.033372592887035,1.415865748351177,0.8870404100586899,0.9009611468233417,False,0.0,0.0,0.0,0.0,-0.0,-0.0,-0.0,0.0,0.0,-0.0,0.0,0.0,0.0,108490.19961855632,108490.19961855632,0.0
976,334.2236927623028,123.08102805586702,724,975,-1.0116167490772547,1.4114052725410453,0.8430039739740991,0.9034035430443181,False,0.0,0.0,0.0,0.0,-0.0,-0.0,-0.0,0.0,0.0,-0.0,0.0,0.0,0.0,108490.19961855632,108490.19961855632,0.0
977,334.5160758906059,123.38552922657026,725,976,-0.9980893701425703,1.4086317189518425,0.6729293036399818,0.9042352749794489,False,0.0,0.0,0.0,0.0,0.0,0.0,0.0,0.0,0.0,-0.0,0.0,0.0,0.0,108490.19961855632,108490.19961855632,0.0
978,335.60118861747316,123.43405224357862,726,977,-0.9873202187064799,1.406424506261253,0.7849420705281449,0.9039890877380098,False,0.0,0.0,0.0,0.0,0.0,0.0,0.0,0.0,0.0,-0.0,0.0,0.0,0.0,108490.19961855632,108490.19961855632,0.0
979,339.50455222601437,124.89080479849771,727,978,-0.9822410954326434,1.405383355979393,0.48990896452372185,0.9059322321198326,False,0.0,0.0,0.0,0.0,0.0,0.0,0.0,0.0,0.0,-0.0,0.0,0.0,0.0,108490.19961855632,108490.19961855632,0.0
980,344.3384762193568,125.11979175780169,728,979,-0.9855584583719535,1.4060684637125838,1.104221842682641,0.9046557719302261,False,0.0,0.0,0.0,0.0,0.0,0.0,0.0,0.0,0.0,-0.0,0.0,0.0,0.0,108490.19961855632,108490.19961855632,0.0
981,343.4689718152002,125.37450849232789,729,980,-0.9864449459510067,1.406261799155977,0.770691848424575,0.9093462167878554,False,0.0,0.0,0.0,0.0,-0.0,0.0,0.0,0.0,0.0,-0.0,0.0,0.0,0.0,108490.19961855632,108490.19961855632,0.0
982,342.9093939206153,125.16724298379107,730,981,-0.997477393434356,1.4085414610850822,0.7967661288960275,0.9095693454468052,False,0.0,0.0,0.0,0.0,-0.0,-0.0,-0.0,0.0,0.0,-0.0,0.0,0.0,0.0,108490.19961855632,108490.19961855632,0.0
983,339.60026346401474,124.49548911154665,731,982,-1.0150695792173916,1.412167331531443,0.6502604256010992,0.911418082442475,False,0.0,0.0,0.0,0.0,-0.0,-0.0,-0.0,0.0,0.0,-0.0,0.0,0.0,0.0,108490.19961855632,108490.19961855632,0.0
984,338.0481125892523,124.30749949972768,732,983,-1.019278725057439,1.4130432579627596,0.4805081694150156,0.9118047792945898,False,0.0,0.0,0.0,0.0,-0.0,-0.0,-0.0,0.0,0.0,-0.0,0.0,0.0,0.0,108490.19961855632,108490.19961855632,0.0
985,338.3543506297012,124.72713281427868,733,984,-1.0112388816555948,1.4114022536936908,0.22086351580592964,0.9115232486927864,False,0.0,0.0,0.0,0.0,0.0,0.0,0.0,0.0,0.0,-0.0,0.0,0.0,0.0,108490.19961855632,108490.19961855632,0.0
986,334.9459907284671,123.58162389356883,734,985,-1.001551860930665,1.4094222889306203,0.3787723204503121,0.9105828635747574,False,0.0,0.0,0.0,0.0,-0.0,-0.0,-0.0,0.0,0.0,-0.0,0.0,0.0,0.0,108490.19961855632,108490.19961855632,0.0
987,335.8269473416659,124.13679054169121,735,986,-0.9870385928966776,1.4064493202750394,0.12839800380585228,0.9115475402619571,False,0.0,0.0,0.0,0.0,0.0,0.0,0.0,0.0,0.0,-0.0,0.0,0.0,0.0,108490.19961855632,108490.19961855632,0.0
988,344.56482910607235,124.62070284370373,736,987,-0.9718377851317148,1.403335463214082,1.3653736087867223,0.9094147701169841,False,0.0,0.0,0.0,0.0,0.0,0.0,0.0,0.0,0.0,-0.0,0.0,0.0,0.0,108490.19961855632,108490.19961855632,0.0
989,340.17224894843366,123.2626629975363,737,988,-0.9566183262030807,1.400225087526601,1.4785976028118533,0.914722227166141,False,0.0,0.0,0.0,0.0,-0.0,-0.0,-0.0,0.0,0.0,-0.0,0.0,0.0,0.0,108490.19961855632,108490.19961855632,0.0
990,345.2800577195263,124.58107966126619,738,989,-0.9294081644982081,1.3946461979557547,1.4343516774915481,0.9177545970975114,False,0.0,0.0,0.0,0.0,0.0,0.0,0.0,0.0,0.0,-0.0,0.0,0.0,0.0,108490.19961855632,108490.19961855632,0.0
991,344.8389815433669,124.5966397863697,739,990,-0.9101501117033128,1.3907078445205638,1.2978325886610433,0.9220708532142147,False,0.0,0.0,0.0,0.0,-0.0,0.0,0.0,0.0,0.0,-0.0,0.0,0.0,0.0,108490.19961855632,108490.19961855632,0.0
992,343.0354272467595,124.62034226777516,740,991,-0.8679185564731303,1.3820538889319003,0.9233588978217356,0.9218273963371858,False,0.0,0.0,0.0,0.0,-0.0,0.0,0.0,0.0,0.0,-0.0,0.0,0.0,0.0,108490.19961855632,108490.19961855632,0.0
993,339.4636599824586,123.97888828066637,741,992,-0.8339115310714634,1.3750857606096272,0.6856761224617325,0.9208075580238668,False,0.0,0.0,0.0,0.0,-0.0,-0.0,-0.0,0.0,0.0,-0.0,0.0,0.0,0.0,108490.19961855632,108490.19961855632,0.0
994,338.1070110003794,124.17368294772456,742,993,-0.7797751628938345,1.3639804265588276,0.26265377036504284,0.918834373792123,False,0.0,0.0,0.0,0.0,-0.0,0.0,0.0,0.0,0.0,-0.0,0.0,0.0,0.0,108490.19961855632,108490.19961855632,0.0
995,332.00735698837843,123.82512329385082,743,994,-0.7425453522163492,1.3563459167834735,-0.6927873165114756,0.9139963976725143,False,0.0,0.0,0.0,0.0,-0.0,-0.0,-0.0,0.0,0.0,-0.0,0.0,0.0,0.0,108490.19961855632,108490.19961855632,0.0
996,339.354536033003,124.87048991719016,744,995,-0.7236846186027266,1.352477053651379,-0.03285650201503474,0.9129980233103654,False,0.0,0.0,0.0,0.0,0.0,0.0,0.0,0.0,0.0,-0.0,0.0,0.0,0.0,108490.19961855632,108490.19961855632,0.0
997,342.20185580840007,125.17742524320677,745,996,-0.7069211583306965,1.3490437996322537,0.2705926828888991,0.9125819406755684,False,0.0,0.0,0.0,0.0,0.0,0.0,0.0,0.0,0.0,-0.0,0.0,0.0,0.0,108490.19961855632,108490.19961855632,0.0
998,344.68218282404445,125.80308890477302,746,997,-0.6893445792987339,1.3454462396980682,0.27784420841215507,0.9091239441093043,False,0.0,0.0,0.0,0.0,0.0,0.0,0.0,0.0,0.0,-0.0,0.0,0.0,0.0,108490.19961855632,108490.19961855632,0.0
999,340.8954245782634,125.56073865503572,747,998,-0.6665432027629563,1.3407774744667926,-0.3652947356737892,0.9022687545634114,False,0.0,0.0,0.0,0.0,-0.0,-0.0,-0.0,0.0,0.0,-0.0,0.0,0.0,0.0,108490.19961855632,108490.19961855632,0.0
1000,335.15772161668826,125.14524516053177,748,999,-0.6416034129715003,1.3356647564647894,-1.3669020776336103,0.8935220538677725,False,0.0,0.0,0.0,0.0,-0.0,-0.0,-0.0,0.0,0.0,-0.0,0.0,0.0,0.0,108490.19961855632,108490.19961855632,0.0
1001,329.06019993964145,123.92203700323556,749,1000,-0.6196605815521893,1.331165432227677,-1.810958204174256,0.8758736714542429,False,0.0,0.0,130.36216013551564,-460.797795954183,-0.0,-0.0,-0.0,99999.99999999999,49.99999999999999,-0.0,0.0,0.0,-49.99999999999999,122646.20266104364,108440.1996185563,-0.00046087112177699855
1002,327.7786842646965,124.29484184797982,750,1001,-0.5934501726562629,1.3257929085816766,-2.3985904550657833,0.8717358514931688,False,130.36216013551564,-460.797795954183,131.1741474966332,-458.61847262921503,-167.06115163334772,-171.78765077919917,-338.8488024125469,537.0307968791853,0.26851539843959266,6.797976371576626,0.0,0.0,-345.9152941825631,122102.10537239445,108094.28432437379,-0.003189917534265797
1003,325.0174597286274,124.30712932329654,751,1002,-0.5638758004448083,1.3197359894405913,-3.0224484798652194,0.876709635429203,False,131.1741474966332,-458.61847262921503,132.63396354594948,-457.6700178361694,-362.2012745656517,-5.635263162219196,-367.8365377278709,592.3653966362856,0.2961826983181428,6.786179824286945,0.0,0.0,-374.918900250476,121502.65761323555,107719.36542412327,-0.003468443337165204
1004,325.37391856125953,124.6657700550685,752,1003,-0.5401297886269899,1.3148632904219637,-3.0564851862431217,0.8791474523011853,False,132.63396354594948,-457.6700178361694,132.76754184475487,-455.62550672197744,47.278547812963325,-164.13911010685456,-116.86056229389123,298.3434469539417,0.14917172347697083,6.772815011256683,0.0,0.0,-123.78254902862489,121197.39217954689,107595.58287509467,-0.0011491206668479356
1005,329.5836746269847,125.07835846909528,753,1004,-0.524412132164494,1.3116315708044441,-2.3216682703549916,0.8811614307489093,False,132.76754184475487,-455.62550672197744,131.25495013869713,-453.6397176520842,558.9189646123776,-187.98580520856478,370.93315940381285,746.9047698209326,0.37345238491046634,6.762012458598346,0.0,0.0,363.797694560304,121440.40301026808,107959.38056965498,0.0033811582672742214
1006,326.15684364520195,123.45473377460462,754,1005,-0.5074469059777077,1.308143629219299,-1.827235796367822,0.8862438639278694,False,131.25495013869713,-453.6397176520842,132.83443539280955,-459.07627915153415,-449.7885296476383,736.5406479816936,286.7521183340553,1186.3291776293097,0.5931645888146548,6.754822764322209,0.0,0.0,279.4041309809184,121589.06435041335,108238.78470063588,0.002588048667069054
1007,326.63433427768337,123.68747685282678,755,1006,-0.481259250831691,1.3027692970570426,-1.8392502079642705,0.8802135011588408,False,132.83443539280955,-459.07627915153415,132.94981453858233,-457.394938237482,63.42719857102491,-106.84682634850225,-43.41962777747734,245.64760585755585,0.12282380292877793,6.747040455343895,0.0,0.0,-50.28949203575001,121336.54688029752,108188.49520860014,-0.0004646161925674347
1008,324.8421458349959,123.53885768800286,756,1007,-0.445324667914965,1.2953910516997333,-2.0183450073943376,0.8767196583523772,False,132.94981453858233,-457.394938237482,134.1130208804004,-456.8152852386104,-238.27112107348867,67.97765371553974,-170.29346735794894,449.4681134610807,0.22473405673054034,6.735003075696272,0.0,0.0,-177.25320449037577,120880.11902970402,108011.24200410978,-0.001638373878374024
1009,321.89638451481653,121.87169165813712,757,1008,-0.40373832301795703,1.2868472937167217,-1.403785544204099,0.8845186176009157,False,134.1130208804004,-456.8152852386104,135.84596275935587,-461.72884753808853,-395.06494944189194,761.5869254732397,366.5219760313478,1156.6518749151269,0.5783259374575634,6.718385537237753,0.0,0.0,359.22526455665246,120913.81874232428,108370.4672686664,0.003325813664312371
1010,321.53342648644315,121.17453640508785,758,1009,-0.33181474177340226,1.2720745800878899,-0.9982959423723831,0.8793646156866738,False,135.84596275935587,-461.72884753808853,136.8835590140438,-462.0389885659548,-49.30638280562001,321.89669154556594,272.59030873994595,371.2030743512076,0.1856015371756038,6.699009016289159,0.0,0.0,265.7056981864812,120610.89344796339,108636.1729668529,0.002451827558589176
1011,316.70618194935184,119.95477389187712,759,1010,-0.25805528490394175,1.2569336459455207,-1.13883624071624,0.8780036135820436,False,136.8835590140438,-462.0389885659548,139.90224007959603,-464.2757757055037,-660.770412468158,563.5778378945504,-97.19257457360766,1224.3482503626878,0.612174125181344,6.665161933399435,0.0,0.0,-104.46991063218843,119915.89445267982,108531.7030562207,-0.0009616494007395091
1012,312.66362793216547,119.0549439398528,760,1011,-0.2080086223955812,1.2466674676900666,-1.331598400347444,0.877437337625237,False,139.90224007959603,-464.2757757055037,142.35864331705443,-466.08421520925924,-565.5623626471437,417.76924897913705,-147.79311366800664,983.3316116262931,0.49166580581314656,6.6300113926463755,0.0,0.0,-154.91479086646615,119356.04849133154,108376.78826535426,-0.0014273690221757894
1013,309.1362065314878,118.03837063388784,761,1012,-0.17417718336580623,1.239729947830648,-1.3458529484309423,0.8776891039736104,False,142.35864331705443,-466.08421520925924,144.42902172848108,-468.93022847193123,-502.1589250080166,473.8087715133644,-28.350153494652204,975.9676965213577,0.4879838482606788,6.6059083467843625,0.0,0.0,-35.44404568969725,119044.86443927162,108341.34421966458,-0.0003270446214267015
1014,306.2210613700206,118.26494601819033,762,1013,-0.12118837848182179,1.22886680017974,-2.0242065134648857,0.8829656027790219,False,144.42902172848108,-468.93022847193123,146.5145741998393,-466.19182977404296,-421.03156386722185,-106.24804672708342,-527.2796105943053,962.4966655042249,0.4812483327521125,6.589495251167086,0.0,0.0,-534.3503541782245,118075.29703018347,107806.99386548635,-0.004932100095553724
1015,305.3102510617934,117.78915569291398,763,1014,-0.10590698055279742,1.2257554831261828,-1.817350775337261,0.8871502301642448,False,146.5145741998393,-466.19182977404296,147.15708001841745,-467.54248835633314,-133.4469844867344,221.8095623293686,88.36257784263418,355.2565468161046,0.17762827340805232,6.563589474089115,0.0,0.0,81.62136009513702,118031.48513369459,107888.61522558148,0.0007571063543147456
1016,309.0386690277947,117.97733621950296,764,1015,-0.08809790596619814,1.222122565487109,-1.181603896012696,0.8890416477856473,False,147.15708001841745,-467.54248835633314,145.61937598606187,-466.1741282095302,548.6631009649589,-87.9823916616166,460.68070930334227,636.6454926265815,0.3183227463132907,6.556123208816255,0.0,0.0,453.8062633482127,118338.38521014855,108342.4214889297,0.004206247919665731
1017,308.53605932677453,118.34727348210637,765,1016,-0.07601244392752234,1.2196678115382955,-1.4475194362184718,0.8858803226248979,False,145.61937598606187,-466.1741282095302,146.0178963919748,-464.29640531045095,-73.18971102709718,-172.4551808863669,-245.64489191346405,345.18130106262635,0.17259065053131317,6.547378792929693,0.0,0.0,-252.36486135692505,117986.48393964246,108090.05662757278,-0.002329326388396352
1018,310.6581698197866,118.89544109098811,766,1017,-0.07285004330267514,1.219042316406143,-1.3287948703163905,0.8901828035489244,False,146.0178963919748,-464.29640531045095,145.0613238169368,-462.0489577001866,309.8661101009615,-254.51225031141752,55.353859789544,564.3783604123739,0.28218918020618694,6.541454006670814,0.0,0.0,48.530216602667004,118009.61610696542,108138.58684417544,0.0004489794724585902
1019,313.55989102407904,118.21999823415689,767,1018,-0.07143834732319349,1.2187694536947886,-0.4067410581337989,0.8890069393995355,False,145.0613238169368,-462.0489577001866,143.73658320971325,-464.6419679671264,420.92751924233374,312.0876679849038,733.0151872272376,721.9311896149675,0.36096559480748375,6.539942218023214,0.0,0.0,726.1142794144068,118724.64638876755,108864.70112358984,0.006714664030710016
1020,319.7091028808374,118.59238826465662,768,1019,-0.04388431513267329,1.2131196460915123,0.43185769470890856,0.8825204498379533,False,143.73658320971325,-464.6419679671264,141.33186981033904,-462.2127566242913,883.8667017231048,-173.0280366227328,710.838665100372,1056.8947383458653,0.5284473691729327,6.539282456260579,0.0,0.0,703.7709352749386,119198.30144779517,109568.47205886479,0.0064646384733651
1021,322.57871000956493,119.15669197220963,769,1020,0.006304589862087386,1.2028191423408812,0.5603985186854699,0.8771897693208208,False,141.33186981033904,-462.2127566242913,140.72960132466122,-458.2506096868264,405.56694112413913,-260.8283722413841,144.73856888275503,666.3953133655018,0.3331976566827509,6.525585082674427,0.0,0.0,137.87978614339784,118913.60533406903,109706.35184500818,0.001258389238733841
1022,314.6861292757009,118.6624982684341,770,1021,0.05339030950690424,1.1931613411661917,-0.5299978191999092,0.87561499955139,False,140.72960132466122,-458.2506096868264,144.89447229424337,-458.47441402429513,-1110.719740099384,226.46456605852404,-884.2551740408599,1337.1843061578936,0.6685921530789468,6.500431755301242,0.0,0.0,-891.4241979492401,117622.36636761746,108814.92764705891,-0.008125547727707315
1023,313.1693520721197,118.11104464207212,771,1022,0.06272130502787206,1.1912565099434602,-0.48121832573643325,0.8741745576725749,False,144.89447229424337,-458.47441402429513,145.72280652821564,-460.2794197797056,-219.77263250084013,252.82737820788606,33.054745707045925,472.6000107087373,0.23630000535436865,6.476633257176102,0.0,0.0,26.341812444515455,117569.43565435916,108841.26945950346,0.00024207903285094164
1024,315.89577274746796,117.75481800317357,772,1023,0.060223804752977395,1.191765897221398,0.21263584950904701,0.8693183022232169,False,145.72280652821564,-460.2794197797056,0.0,0.0,397.3016725883023,163.9637906622983,561.2654632506006,100233.33788192601,50.11666894096301,6.4719146544556985,0.0,0.0,504.67687965518195,109345.94633915863,109345.94633915863,0.004636815448417311
1025,315.41178692891594,118.00896305261395,773,1024,0.07895072992038424,1.1879159258850855,0.014527233784568862,0.8677526630005838,False,0.0,0.0,0.0,0.0,-0.0,0.0,0.0,0.0,0.0,-0.0,0.0,0.0,0.0,109345.94633915863,109345.94633915863,0.0
1026,309.243385169709,115.92745365349465,774,1025,0.0918118035597319,1.1852774279580762,0.12323783602946474,0.8617605974503844,False,0.0,0.0,0.0,0.0,-0.0,-0.0,-0.0,0.0,0.0,-0.0,0.0,0.0,0.0,109345.94633915863,109345.94633915863,0.0
1027,310.99924164567045,116.0078999390566,775,1026,0.10796327494506058,1.1819629009158559,0.42837327757321403,0.8611434540849439,False,0.0,0.0,0.0,0.0,0.0,0.0,0.0,0.0,0.0,-0.0,0.0,0.0,0.0,109345.94633915863,109345.94633915863,0.0
1028,312.09728025279367,115.99654836805429,776,1027,0.13155396628943342,1.1771208907170745,0.666016708739884,0.8744819402440208,False,0.0,0.0,0.0,0.0,0.0,-0.0,0.0,0.0,0.0,-0.0,0.0,0.0,0.0,109345.94633915863,109345.94633915863,0.0
1029,315.13830751004554,116.2013011774138,777,1028,0.1584127070846832,1.171604202244482,1.1107881419890295,0.8734783939647229,False,0.0,0.0,0.0,0.0,0.0,0.0,0.0,0.0,0.0,-0.0,0.0,0.0,0.0,109345.94633915863,109345.94633915863,0.0
1030,315.7086357127573,116.62122138656873,778,1029,0.19385243333061278,1.1643295927201092,0.9211711699414642,0.8730551876976064,False,0.0,0.0,0.0,0.0,0.0,0.0,0.0,0.0,0.0,-0.0,0.0,0.0,0.0,109345.94633915863,109345.94633915863,0.0
1031,312.894910077998,116.51019087919761,779,1030,0.22232166936096684,1.158485501520059,0.40807366127414824,0.8702321665320787,False,0.0,0.0,0.0,0.0,-0.0,-0.0,-0.0,0.0,0.0,-0.0,0.0,0.0,0.0,109345.94633915863,109345.94633915863,0.0
1032,310.2519408304328,116.67005631166371,780,1031,0.23745813963200452,1.155387187778627,-0.20238419787049508,0.8615406764330911,False,0.0,0.0,0.0,0.0,-0.0,0.0,0.0,0.0,0.0,-0.0,0.0,0.0,0.0,109345.94633915863,109345.94633915863,0.0
1033,307.00329648915107,116.0652134989799,781,1032,0.23841619213280899,1.155207701211479,-0.46107302387387433,0.8644016181707104,False,0.0,0.0,0.0,0.0,-0.0,-0.0,-0.0,0.0,0.0,-0.0,0.0,0.0,0.0,109345.94633915863,109345.94633915863,0.0
1034,302.44698347838454,115.67312358022696,782,1033,0.23397729156544134,1.156135655967422,-1.1019567833111965,0.8610397791690841,False,0.0,0.0,0.0,0.0,-0.0,-0.0,-0.0,0.0,0.0,-0.0,0.0,0.0,0.0,109345.94633915863,109345.94633915863,0.0
1035,300.7610755203788,114.966905188961,783,1034,0.21212275839959577,1.1606471111342265,-0.9650540446398691,0.8555232390804116,False,0.0,0.0,0.0,0.0,-0.0,-0.0,-0.0,0.0,0.0,-0.0,0.0,0.0,0.0,109345.94633915863,109345.94633915863,0.0
1036,302.1536720978702,115.89560487931561,784,1035,0.18984867815723988,1.1652546606745975,-1.2051801572155112,0.8636051257307503,False,0.0,0.0,0.0,0.0,0.0,0.0,0.0,0.0,0.0,-0.0,0.0,0.0,0.0,109345.94633915863,109345.94633915863,0.0
1037,303.3885890152275,116.41027164805,785,1036,0.1626304944217788,1.1708833012425834,-1.2187467384905468,0.869129562310032,False,0.0,0.0,0.0,0.0,0.0,0.0,0.0,0.0,0.0,-0.0,0.0,0.0,0.0,109345.94633915863,109345.94633915863,0.0
1038,305.86310478352107,115.83255074049369,786,1037,0.13745852146323945,1.176091635166297,-0.34642115418328023,0.869206732149716,False,0.0,0.0,0.0,0.0,0.0,-0.0,0.0,0.0,0.0,-0.0,0.0,0.0,0.0,109345.94633915863,109345.94633915863,0.0
1039,302.1493866185384,114.84683414325578,787,1038,0.1283592990450014,1.1780058872566053,-0.45230442383279496,0.858947710367309,False,0.0,0.0,0.0,0.0,-0.0,-0.0,-0.0,0.0,0.0,-0.0,0.0,0.0,0.0,109345.94633915863,109345.94633915863,0.0
1040,301.8736819138278,114.90630641903104,788,1039,0.1226829983673746,1.179218450687073,-0.5222921741239858,0.8619526768204921,False,0.0,0.0,0.0,0.0,-0.0,0.0,0.0,0.0,0.0,-0.0,0.0,0.0,0.0,109345.94633915863,109345.94633915863,0.0
1041,306.5976632917098,115.99694772336144,789,1040,0.11365917837180282,1.1811191803440495,-0.23026931346681956,0.8557270650801106,False,0.0,0.0,0.0,0.0,0.0,0.0,0.0,0.0,0.0,-0.0,0.0,0.0,0.0,109345.94633915863,109345.94633915863,0.0
1042,303.5157803298843,115.59484854167208,790,1041,0.10479578867020499,1.1829894717366018,-0.5705211378575892,0.8664977050157294,False,0.0,0.0,0.0,0.0,-0.0,-0.0,-0.0,0.0,0.0,-0.0,0.0,0.0,0.0,109345.94633915863,109345.94633915863,0.0
1043,307.285295513862,115.70705474689632,791,1042,0.09004148767419037,1.1860758160352818,0.14658439623249844,0.8704185487094103,False,0.0,0.0,0.0,0.0,0.0,0.0,0.0,0.0,0.0,-0.0,0.0,0.0,0.0,109345.94633915863,109345.94633915863,0.0
1044,310.36280056446293,116.59004404032112,792,1043,0.08908898422342997,1.1863225871823715,0.2203910732131399,0.8656176437526367,False,0.0,0.0,0.0,0.0,0.0,0.0,0.0,0.0,0.0,-0.0,0.0,0.0,0.0,109345.94633915863,109345.94633915863,0.0
1045,311.90760026492273,116.8050573802256,793,1044,0.09023405422832052,1.1861431380511778,0.4036316002237234,0.8673439048729837,False,0.0,0.0,0.0,0.0,0.0,0.0,0.0,0.0,0.0,-0.0,0.0,0.0,0.0,109345.94633915863,109345.94633915863,0.0
1046,312.94174463796577,117.30574919588967,794,1045,0.09257536814874698,1.1857157571825945,0.29767244528536796,0.8676387612051135,False,0.0,0.0,0.0,0.0,0.0,0.0,0.0,0.0,0.0,-0.0,0.0,0.0,0.0,109345.94633915863,109345.94633915863,0.0
1047,310.842898854483,117.8993321628656,795,1046,0.09774828849060949,1.184699028604769,-0.4897908958206105,0.8658909855820269,False,0.0,0.0,0.0,0.0,-0.0,0.0,0.0,0.0,0.0,-0.0,0.0,0.0,0.0,109345.94633915863,109345.94633915863,0.0
1048,320.8294711128394,118.83232140969912,796,1047,0.09527887677173145,1.1852475985347184,0.9190067640003646,0.8623677163994323,False,0.0,0.0,0.0,0.0,0.0,0.0,0.0,0.0,0.0,-0.0,0.0,0.0,0.0,109345.94633915863,109345.94633915863,0.0
1049,324.19205920563087,119.06640015595514,797,1048,0.11384547125687007,1.181465330540914,1.4707799834711879,0.8494000948987521,False,0.0,0.0,0.0,0.0,0.0,0.0,0.0,0.0,0.0,-0.0,0.0,0.0,0.0,109345.94633915863,109345.94633915863,0.0
1050,320.31032943760954,118.23388444792239,798,1049,0.13325804572348574,1.177513729738427,1.2516702595751246,0.8575541784876813,False,0.0,0.0,0.0,0.0,-0.0,-0.0,-0.0,0.0,0.0,-0.0,0.0,0.0,0.0,109345.94633915863,109345.94633915863,0.0
1051,322.2825112689457,118.77963002478565,799,1050,0.15043283324081597,1.1740130564084812,1.344926926821156,0.8612413590652486,False,0.0,0.0,0.0,0.0,0.0,0.0,0.0,0.0,0.0,-0.0,0.0,0.0,0.0,109345.94633915863,109345.94633915863,0.0
1052,322.3519317578031,118.96963849711189,800,1051,0.16394740709959843,1.171252973705607,1.2758765224315936,0.8642541068787158,False,0.0,0.0,0.0,0.0,0.0,0.0,0.0,0.0,0.0,-0.0,0.0,0.0,0.0,109345.94633915863,109345.94633915863,0.0
1053,322.1805047487735,119.55090704615843,801,1052,0.17428323455529585,1.1691381703192407,0.8740021055586301,0.8643122355423031,False,0.0,0.0,0.0,0.0,-0.0,0.0,0.0,0.0,0.0,-0.0,0.0,0.0,0.0,109345.94633915863,109345.94633915863,0.0
1054,321.7943853971493,119.68086421359854,802,1053,0.1785776499049626,1.1682544396574324,0.7255886612133191,0.8651615297568762,False,0.0,0.0,0.0,0.0,-0.0,0.0,0.0,0.0,0.0,-0.0,0.0,0.0,0.0,109345.94633915863,109345.94633915863,0.0
1055,318.67630423025867,120.27777164675643,803,1054,0.1790433035758256,1.1681505849542404,-0.355258457222015,0.8648404922448352,False,0.0,0.0,0.0,0.0,-0.0,0.0,0.0,0.0,0.0,-0.0,0.0,0.0,0.0,109345.94633915863,109345.94633915863,0.0
1056,317.6618610895432,120.54443298252272,804,1055,0.16877785302438894,1.1702393950149494,-0.7540260102581332,0.8646218997709939,False,0.0,0.0,0.0,0.0,-0.0,0.0,0.0,0.0,0.0,-0.0,0.0,0.0,0.0,109345.94633915863,109345.94633915863,0.0
1057,314.96043369358205,119.87674918994144,805,1056,0.15874051534164174,1.1722864615007882,-0.8722106594865552,0.8675251709339723,False,0.0,0.0,0.0,0.0,-0.0,-0.0,-0.0,0.0,0.0,-0.0,0.0,0.0,0.0,109345.94633915863,109345.94633915863,0.0
1058,318.2678643313722,120.16447872596957,806,1057,0.14742878962024608,1.174595950136799,-0.300919393443705,0.8675526132921235,False,0.0,0.0,0.0,0.0,0.0,0.0,0.0,0.0,0.0,-0.0,0.0,0.0,0.0,109345.94633915863,109345.94633915863,0.0
1059,327.0691129442792,120.5073810775717,807,1058,0.13972881034339496,1.1761508066856312,1.459618777683294,0.8639487233145257,False,0.0,0.0,0.0,0.0,0.0,0.0,0.0,0.0,0.0,-0.0,0.0,0.0,0.0,109345.94633915863,109345.94633915863,0.0
1060,322.95572745321834,120.24819911958045,808,1059,0.144798038161306,1.1750957704384246,0.7107219694018749,0.8568939349913792,False,0.0,0.0,0.0,0.0,-0.0,-0.0,-0.0,0.0,0.0,-0.0,0.0,0.0,0.0,109345.94633915863,109345.94633915863,0.0
1061,322.5108180874088,120.79957100416048,809,1060,0.1446221853244517,1.1751227355003473,0.21249015980615502,0.8553588828575813,False,0.0,0.0,0.0,0.0,-0.0,0.0,0.0,0.0,0.0,-0.0,0.0,0.0,0.0,109345.94633915863,109345.94633915863,0.0
1062,323.1737567054343,120.9707032102796,810,1061,0.14269713555991814,1.1755080700683873,0.2284190268569773,0.8546816150706502,False,0.0,0.0,0.0,0.0,0.0,0.0,0.0,0.0,0.0,-0.0,0.0,0.0,0.0,109345.94633915863,109345.94633915863,0.0
1063,323.64134816822104,121.86194616300229,811,1062,0.14154864142611578,1.175735811203755,-0.31094250027027276,0.8553517629998498,False,0.0,0.0,0.0,0.0,0.0,0.0,0.0,0.0,0.0,-0.0,0.0,0.0,0.0,109345.94633915863,109345.94633915863,0.0
1064,325.7719727984407,121.70560116814278,812,1063,0.1364927203325667,1.176761682072233,0.2539020225732844,0.8554542675098039,False,0.0,0.0,0.0,0.0,0.0,-0.0,0.0,0.0,0.0,-0.0,0.0,0.0,0.0,109345.94633915863,109345.94633915863,0.0
1065,321.2795424171121,121.65108341486338,813,1064,0.1355427361030788,1.1769462645959399,-0.7983606920193353,0.851987658488944,False,0.0,0.0,0.0,0.0,-0.0,-0.0,-0.0,0.0,0.0,-0.0,0.0,0.0,0.0,109345.94633915863,109345.94633915863,0.0
1066,324.4248391281177,121.58033649714524,814,1065,0.12834958409278838,1.1784036545129417,-0.012330312984431657,0.8589807985087176,False,0.0,0.0,0.0,0.0,0.0,-0.0,0.0,0.0,0.0,-0.0,0.0,0.0,0.0,109345.94633915863,109345.94633915863,0.0
1067,325.7293827537823,122.8091783912392,815,1066,0.1250900151451363,1.1790648085119386,-0.6418874585104491,0.8536251012313244,False,0.0,0.0,0.0,0.0,0.0,0.0,0.0,0.0,0.0,-0.0,0.0,0.0,0.0,109345.94633915863,109345.94633915863,0.0
1068,323.67973450850747,123.16043366149272,816,1067,0.12073842995455344,1.1799452592649244,-1.415527440208217,0.8535037226766252,False,0.0,0.0,0.0,0.0,-0.0,0.0,0.0,0.0,0.0,-0.0,0.0,0.0,0.0,109345.94633915863,109345.94633915863,0.0
1069,330.31439465874706,123.6814535004801,817,1068,0.11523060825650888,1.1810658036463004,-0.21825228976040542,0.8556344669190813,False,0.0,0.0,0.0,0.0,0.0,0.0,0.0,0.0,0.0,-0.0,0.0,0.0,0.0,109345.94633915863,109345.94633915863,0.0
1070,327.3520333763427,123.26634119115317,818,1069,0.11407019976932119,1.1812977594471006,-0.6290909049474507,0.8439994593260419,False,0.0,0.0,0.0,0.0,-0.0,-0.0,-0.0,0.0,0.0,-0.0,0.0,0.0,0.0,109345.94633915863,109345.94633915863,0.0
1071,320.73980631940685,122.29405104699354,819,1070,0.11077732253739739,1.1819772944886608,-1.4975159708056183,0.8405797139110021,False,0.0,0.0,0.0,0.0,-0.0,-0.0,-0.0,0.0,0.0,-0.0,0.0,0.0,0.0,109345.94633915863,109345.94633915863,0.0
1072,322.1145741061088,121.90904881295504,820,1071,0.10157537636586196,1.1838762740053912,-0.8449508327104098,0.8419066634349519,False,0.0,0.0,0.0,0.0,0.0,-0.0,0.0,0.0,0.0,-0.0,0.0,0.0,0.0,109345.94633915863,109345.94633915863,0.0
1073,320.80293862641,121.92880050239081,821,1072,0.09152912637428355,1.1859642934589856,-1.1852447606196777,0.8393202478816472,False,0.0,0.0,0.0,0.0,-0.0,0.0,0.0,0.0,0.0,-0.0,0.0,0.0,0.0,109345.94633915863,109345.94633915863,0.0
1074,321.7382560664948,122.2821332162086,822,1073,0.08370029292512883,1.1875959649145988,-1.2245876777860096,0.8416137686054783,False,0.0,0.0,0.0,0.0,0.0,0.0,0.0,0.0,0.0,-0.0,0.0,0.0,0.0,109345.94633915863,109345.94633915863,0.0
1075,324.60325286294415,123.05050935610016,823,1074,0.07718196711467805,1.1889439309078622,-1.1539047000510219,0.8486685137245744,False,0.0,0.0,0.0,0.0,0.0,0.0,0.0,0.0,0.0,-0.0,0.0,0.0,0.0,109345.94633915863,109345.94633915863,0.0
1076,319.8490057376311,122.59027762513207,824,1075,0.07257545069346652,1.1898971198631658,-2.0219796716664997,0.847804255431934,False,0.0,0.0,142.76813376720114,-443.23053521174427,-0.0,-0.0,-0.0,100000.0,50.0,-0.0,0.0,0.0,-50.0,117967.45506624584,109295.9463391586,-0.00045726432185189526
1077,318.73597663516654,122.69265701425795,825,1076,0.06243442449218999,1.1919938522072822,-2.315925128318735,0.8525293034582129,False,142.76813376720114,-443.23053521174427,143.12964098853928,-443.2166962343786,-158.90508778744893,-45.37767143691166,-204.2827592243606,116.92329815723052,0.05846164907861526,6.468542186136143,0.0,0.0,-210.80976305957537,117844.00476425339,109085.13657609904,-0.0019287976372462173
1078,320.7451519156841,122.45285860082669,826,1077,0.053142421222793,1.1939118518714147,-1.585097766846004,0.8524453154310783,False,143.12964098853928,-443.2166962343786,142.1087191231024,-444.4103463008078,287.57253658352914,106.28266056324844,393.8551971467776,473.621601626921,0.2368108008134605,6.473742154056805,0.0,0.0,387.1446441919073,118310.91581292544,109472.28122029094,0.0035490137001553783
1079,314.5212411243614,121.6222630573352,827,1078,0.04542475432534766,1.1955024872760824,-2.4447466304927117,0.8625270862167771,False,142.1087191231024,-444.4103463008078,144.81584602637204,-447.7168817985331,-884.4719904913288,369.1252531189579,-515.3467373723709,1253.5972436102827,0.6267986218051413,6.478490154323481,0.0,0.0,-522.4520261484995,117854.50994076456,108949.82919414245,-0.004772459478551992
1080,312.7606507937707,121.82562207465773,828,1079,0.03220852086640085,1.198218440569392,-2.845469705981655,0.8779040257865421,False,144.81584602637204,-447.7168817985331,145.45111173792557,-447.43145740527973,-254.96137823033845,-91.04726512125538,-346.00864335159383,233.4581216358243,0.11672906081791216,6.48242147301322,0.0,0.0,-352.607793885425,117614.45266859491,108597.22140025705,-0.003236423558379999
1081,316.7147217755792,121.7637260446492,829,1080,0.017346470837284033,1.201265451402044,-1.7320792174179163,0.8947809607175544,False,145.45111173792557,-447.43145740527973,143.4363850856972,-448.17604534438993,575.1240201947192,27.694230914315842,602.818251109035,728.7573929483191,0.36437869647415955,6.489120908829634,0.0,0.0,595.9647515037312,118336.35656193794,109193.18615176078,0.00548784530413695
1082,321.26931453192134,123.23936585776451,830,1081,0.007486026933664315,1.203285382022942,-1.6806447644164115,0.8831711719752747,False,143.4363850856972,-448.17604534438993,141.27327082051838,-443.14763177896333,653.2943205072149,-661.3464157947532,-8.052095287538236,1314.6407363019753,0.6573203681509876,6.496617286320069,0.0,0.0,-15.206032942009292,118404.44636243793,109177.98011881878,-0.00013925807532401413
1083,317.7436135014127,123.17122212700495,831,1082,0.0009862026823428012,1.2046124118028902,-2.301943842483242,0.8789687255798593,False,141.27327082051838,-443.14763177896333,142.75486631746318,-443.61460402687953,-498.0873165152262,30.19773290668174,-467.88958360854446,528.2850494218974,0.2641425247109487,6.501575371643996,0.0,0.0,-474.6553015048994,117984.43068007015,108703.32481731387,-0.004347536939118537
1084,320.30808584691965,122.84158220424072,832,1083,-0.008534541626030108,1.2065547269110628,-1.456006500074413,0.8762200249439615,False,142.75486631746318,-443.61460402687953,141.48727901116243,-445.1300569975714,366.09090685767484,146.23308380850492,512.3239906661797,592.1791044009518,0.2960895522004759,6.5048277299259665,0.0,0.0,505.5230733840533,118569.80886718899,109208.84789069794,0.004650484005283661
1085,327.03064985284874,123.11685998342983,833,1084,-0.014828723947470217,1.2078293736108565,-0.2725480003044369,0.8662061727615583,False,141.48727901116243,-445.1300569975714,0.0,0.0,951.1572891772865,-122.53441354061366,828.6228756366729,101073.69170271792,50.53684585135896,6.5095810105054195,0.0,0.0,771.5764487748086,109980.42433947275,109980.42433947275,0.00706514594446637
1086,326.7117083129535,122.60995621511883,834,1085,-0.016278797259388463,1.2081169942401992,-0.006596177699734731,0.8603370861018643,False,0.0,0.0,0.0,0.0,-0.0,-0.0,-0.0,0.0,0.0,-0.0,0.0,0.0,0.0,109980.42433947275,109980.42433947275,0.0
1087,326.46464922086636,122.23709423640373,835,1086,-0.01605588917474423,1.2080592456226122,0.19137083381230088,0.8534979653096881,False,0.0,0.0,0.0,0.0,-0.0,-0.0,-0.0,0.0,0.0,-0.0,0.0,0.0,0.0,109980.42433947275,109980.42433947275,0.0
1088,324.34895756243446,121.69540969533892,836,1087,-0.012880228348863376,1.2073898240487555,0.13728054753244168,0.8670315015871695,False,0.0,0.0,0.0,0.0,-0.0,-0.0,-0.0,0.0,0.0,-0.0,0.0,0.0,0.0,109980.42433947275,109980.42433947275,0.0
1089,320.2329244125964,121.16175573713274,837,1088,-0.011423417623646216,1.2070791452292036,-0.3235677002315147,0.8672901352710312,False,0.0,0.0,0.0,0.0,-0.0,-0.0,-0.0,0.0,0.0,-0.0,0.0,0.0,0.0,109980.42433947275,109980.42433947275,0.0
1090,321.82446408936676,121.2243835126197,838,1089,-0.012088714669183006,1.2071986794834924,-0.005405480377108931,0.8720240222348128,False,0.0,0.0,0.0,0.0,0.0,0.0,0.0,0.0,0.0,-0.0,0.0,0.0,0.0,109980.42433947275,109980.42433947275,0.0
1091,324.25876347717775,121.90232825688973,839,1090,-0.010240386430200197,1.2068010103634514,0.08201871381835502,0.8713456497368516,False,0.0,0.0,0.0,0.0,0.0,0.0,0.0,0.0,0.0,-0.0,0.0,0.0,0.0,109980.42433947275,109980.42433947275,0.0
1092,329.28417606529825,122.03331496726331,840,1091,-0.01099468781807061,1.2069497259627728,1.0938915853963402,0.8697534864214299,False,0.0,0.0,0.0,0.0,0.0,0.0,0.0,0.0,0.0,-0.0,0.0,0.0,0.0,109980.42433947275,109980.42433947275,0.0
1093,329.3133931201055,122.22361380259927,841,1092,-0.008510537931306256,1.2064452171006,0.9574093356524079,0.8652496522164602,False,0.0,0.0,0.0,0.0,0.0,0.0,0.0,0.0,0.0,-0.0,0.0,0.0,0.0,109980.42433947275,109980.42433947275,0.0
1094,322.919483855322,121.14394785683506,842,1093,-0.004816107475492422,1.2056764354609724,0.3253624442650173,0.8667561455919798,False,0.0,0.0,0.0,0.0,-0.0,-0.0,-0.0,0.0,0.0,-0.0,0.0,0.0,0.0,109980.42433947275,109980.42433947275,0.0
1095,318.2475878163442,120.81982549450836,843,1094,-0.0029506398814949067,1.2052788309326847,-0.47342084735068635,0.8630580677692433,False,0.0,0.0,0.0,0.0,-0.0,-0.0,-0.0,0.0,0.0,-0.0,0.0,0.0,0.0,109980.42433947275,109980.42433947275,0.0
1096,313.0253040122131,120.20557293655247,844,1095,-0.002437427879579318,1.2051485211747783,-1.1903980018966278,0.8623625150184577,False,0.0,0.0,0.0,0.0,-0.0,-0.0,-0.0,0.0,0.0,-0.0,0.0,0.0,0.0,109980.42433947275,109980.42433947275,0.0
1097,315.7558136670465,120.9464644352844,845,1096,-0.0029897610974164,1.2052228369158169,-1.0818925028485675,0.866686034880261,False,0.0,0.0,0.0,0.0,0.0,0.0,0.0,0.0,0.0,-0.0,0.0,0.0,0.0,109980.42433947275,109980.42433947275,0.0
1098,313.0231637879966,120.09618888944637,846,1097,-0.006536652449496572,1.2059286419600281,-1.0805618597662943,0.8656175854297499,False,0.0,0.0,0.0,0.0,-0.0,-0.0,-0.0,0.0,0.0,-0.0,0.0,0.0,0.0,109980.42433947275,109980.42433947275,0.0
1099,317.51165376016917,120.29092263441676,847,1098,-0.014717405975495876,1.2076009138745658,-0.21613764792625442,0.8674063223732764,False,0.0,0.0,0.0,0.0,0.0,0.0,0.0,0.0,0.0,-0.0,0.0,0.0,0.0,109980.42433947275,109980.42433947275,0.0
1100,320.3354034858486,121.08727055116074,848,1099,-0.018524312570894083,1.2083810428584087,-0.1491992283277462,0.8550406798384007,False,0.0,0.0,0.0,0.0,0.0,0.0,0.0,0.0,0.0,-0.0,0.0,0.0,0.0,109980.42433947275,109980.42433947275,0.0
1101,320.8035035398958,119.92980199358712,849,1100,-0.02271837023024302,1.2092445339434723,0.7384678355633206,0.8558848168818569,False,0.0,0.0,0.0,0.0,0.0,-0.0,0.0,0.0,0.0,-0.0,0.0,0.0,0.0,109980.42433947275,109980.42433947275,0.0
1102,318.12493798616504,120.07642096343322,850,1101,-0.024676534645305778,1.2096627178368824,0.06659293900040981,0.8508307372837717,False,0.0,0.0,0.0,0.0,-0.0,0.0,0.0,0.0,0.0,-0.0,0.0,0.0,0.0,109980.42433947275,109980.42433947275,0.0
1103,321.1426667304776,121.09475098786018,851,1102,-0.02286809089483536,1.2092760486464638,0.013386438104317704,0.8486881901395156,False,0.0,0.0,0.0,0.0,0.0,0.0,0.0,0.0,0.0,-0.0,0.0,0.0,0.0,109980.42433947275,109980.42433947275,0.0
1104,319.24392620588463,121.03637842256998,852,1103,-0.023181578327707435,1.2093335465999624,-0.33599737012307584,0.8486309904648778,False,0.0,0.0,0.0,0.0,-0.0,-0.0,-0.0,0.0,0.0,-0.0,0.0,0.0,0.0,109980.42433947275,109980.42433947275,0.0
1105,322.2182877378906,120.41838607797362,853,1104,-0.028354373362953263,1.210397735779381,0.7331416378173312,0.8496772521888503,False,0.0,0.0,0.0,0.0,0.0,-0.0,0.0,0.0,0.0,-0.0,0.0,0.0,0.0,109980.42433947275,109980.42433947275,0.0
1106,326.45696203953014,121.1680476109968,854,1105,-0.028159498555560134,1.2103650751221582,1.1206967511546628,0.844096522713353,False,0.0,0.0,0.0,0.0,0.0,0.0,0.0,0.0,0.0,-0.0,0.0,0.0,0.0,109980.42433947275,109980.42433947275,0.0
1107,328.99280466338655,121.40379437880954,855,1106,-0.027155152596510315,1.2101703558063335,1.479616185626352,0.8459194276334229,False,0.0,0.0,0.0,0.0,0.0,0.0,0.0,0.0,0.0,-0.0,0.0,0.0,0.0,109980.42433947275,109980.42433947275,0.0
1108,329.6409082877517,121.92580210645562,856,1107,-0.022845436785537857,1.2092918436019449,1.2149402318825702,0.8400271368450253,False,0.0,0.0,0.0,0.0,0.0,0.0,0.0,0.0,0.0,-0.0,0.0,0.0,0.0,109980.42433947275,109980.42433947275,0.0
1109,333.0666295344929,122.3727672590134,857,1108,-0.018601860150625395,1.2084219888383623,1.6255942217911257,0.8332429477895021,False,0.0,0.0,-135.95238009024945,447.1484972659879,0.0,0.0,0.0,100000.0,50.0,-0.0,0.0,0.0,-50.0,100492.82636717611,109930.42433947275,-0.0004546263601026555
1110,332.50969805060294,123.25861136328396,858,1109,-0.013106465260495522,1.207297306850425,0.9471425438967996,0.8284668609932774,False,-135.95238009024945,447.1484972659879,-136.24947893097894,443.74771300888494,75.71616078203564,396.1038600365163,471.82002081855194,517.9641908987726,0.2589820954493863,5.390619168315676,0.0,0.0,466.1704195547869,101005.14095681111,110396.59475902753,0.004240595106912465
1111,333.63892992536825,122.98956930021787,859,1110,-0.008024228090294998,1.206246000788646,1.4033664814586522,0.8168517924509618,False,-136.24947893097894,443.74771300888494,-135.85303492000392,444.5428918343189,-153.85725452902594,-119.38680018877196,-273.2440547177979,230.06785685379862,0.11503392842689932,5.393365845106166,0.0,0.0,-278.752454491331,100769.56470018378,110117.8423045362,-0.0025250095358447418
1112,336.92781046395015,123.74034361546306,860,1111,-0.0014936479872300146,1.2048994649987126,1.60946747051883,0.8188097794644527,False,-135.85303492000392,444.5428918343189,-134.60907757834417,441.62200157433267,-446.8044026556891,333.7513852140296,-113.0530174416595,780.5557878697286,0.39027789393486434,5.395935856883785,0.0,0.0,-118.83923119247815,100706.08662743073,109999.00307334372,-0.0010792005065248913
1113,335.58685316704884,122.36271211944545,861,1112,0.005466706222121,1.2034647949489607,2.300939790845278,0.8211704198055663,False,-134.60907757834417,441.62200157433267,-135.23495011442805,446.35271404888005,180.50502480783493,-608.3923787031408,-427.88735389530586,788.8974035109777,0.39444870175548885,5.3992311639337505,0.0,0.0,-433.6810337609951,100331.4647337902,109565.32203958272,-0.0039425905839512825
1114,342.3422652680449,123.68071830131171,862,1113,0.02104912503631265,1.2002461624079237,2.715005402961804,0.8323378186927706,False,-135.23495011442805,446.35271404888005,-132.7602946945949,441.0593722758209,-913.5678184806068,588.2956364092098,-325.27218207139697,1501.863454889814,0.750931727444907,5.402746588940921,0.0,0.0,-331.4258603877828,100132.81622599659,109233.89617919494,-0.0030249156778642794
1115,341.76419180604444,123.87106602705367,863,1114,0.02778890341011781,1.1988727895832594,2.330547499153987,0.854447748508335,False,-132.7602946945949,441.0593722758209,-133.06791043422314,440.15244950924125,76.74520317030778,83.95464842987818,160.69985160018595,217.47353454128987,0.10873676727064494,5.410650002785812,0.0,0.0,155.1804648301295,100344.77037376782,109389.07664402507,0.0014206255590807108
1116,341.35841248624354,123.6580578995042,864,1115,0.030794708917848298,1.1982740614813852,2.2510235141625103,0.8546208239113942,False,-133.06791043422314,440.15244950924125,-133.26237665491007,440.8104703151304,53.99620618332607,-93.75604910627688,-39.7598429229508,147.75225528960684,0.07387612764480342,5.414029388675163,0.0,0.0,-45.247748439270765,100324.29557371368,109343.82889558582,-0.00041364046418002103
1117,335.7448372338967,122.87879091018013,865,1116,0.036855455449329555,1.1970396953632398,1.5757490796452922,0.8566307486966239,False,-133.26237665491007,440.8104703151304,-135.56661529126006,443.3979892796271,748.0783796589257,-343.50904806499955,404.5693315939261,1091.5874277239031,0.5457937138619516,5.415503968936183,0.0,0.0,398.60803391112796,100774.01930012576,109742.43692949694,0.0036454552391041524
1118,332.78807652304954,122.76965368183194,866,1117,0.04477868930316672,1.195409398672184,1.0498708748038386,0.848262481064984,False,-135.56661529126006,443.3979892796271,-136.87266500256882,443.5168419251577,400.83804179573,-48.391227605138454,352.44681419059157,449.229269400885,0.22461463470044252,5.418546569680286,0.0,0.0,346.8036529862108,101188.42241206035,110089.24058248315,0.0031601599407621657
1119,332.1157737744196,122.90207648471196,867,1118,0.050941552940191655,1.194137927867955,0.8264812466297264,0.8488391867672184,False,-136.87266500256882,443.5168419251577,-137.22921292734495,442.82420054107183,92.01986889353086,58.73174333222191,150.75161222575275,203.5422542880811,0.10177112714404055,5.422570346998643,0.0,0.0,145.22727075161006,101386.44032487427,110234.46785323476,0.0013191776960510464
1120,334.8371568452606,123.17814174415639,868,1119,0.059575608522959705,1.1923467081942445,1.16975838099023,0.8534350413331281,False,-137.22921292734495,442.82420054107183,-136.22509446592466,441.5294459549101,-373.4532568853115,122.24837781064622,-251.20487907466526,495.70163469593365,0.24785081734796682,5.425712647121398,0.0,0.0,-256.8784425391346,101204.03605459012,109977.58941069563,-0.002330291491778604
1121,331.6802366931675,123.2962370890125,869,1120,0.07435386638125048,1.1892803271616192,0.5272472227706647,0.8566540862795814,False,-136.22509446592466,441.5294459549101,-137.7142974229447,440.5883789908898,430.05174594026477,52.14257218416844,482.1943181244332,609.9692047810571,0.30498460239052855,5.430145633565149,0.0,0.0,476.4591878884776,101808.27012913521,110454.04859858408,0.004332329799566565
1122,328.3443501381783,122.52216198829724,870,1121,0.08647811605568438,1.1867548653707904,0.36843807169312964,0.8494344993649661,False,-137.7142974229447,440.5883789908898,-139.27409682603707,442.9413936701244,459.3992732029853,-341.04849384134224,118.35077936164305,800.4477670443061,0.4002238835221531,5.437751281580424,0.0,0.0,112.51280419654047,102026.28702963436,110566.56140278062,0.0010186390234135667
1123,320.8248179018617,120.89044086759698,871,1122,0.09539584373679773,1.18489411041293,-0.06212435830351607,0.8436407113067477,False,-139.27409682603707,442.9413936701244,0.0,0.0,1047.2760607672642,-722.7568272839517,324.5192334833125,98229.96711194876,49.11498355597438,5.444031287312721,0.0,0.0,269.9602186400254,110836.52162142064,110836.52162142064,0.002441608160866985
1124,320.38967697444235,120.21533799523448,872,1123,0.09666648050472773,1.1846210786772011,0.24860664785699826,0.8376111714473835,False,0.0,0.0,0.0,0.0,-0.0,-0.0,-0.0,0.0,0.0,-0.0,0.0,0.0,0.0,110836.52162142064,110836.52162142064,0.0
1125,316.1080841977985,119.13741664267869,873,1124,0.10343808800189984,1.1832062546030087,0.08424174240315882,0.8414030733723129,False,0.0,0.0,0.0,0.0,-0.0,-0.0,-0.0,0.0,0.0,-0.0,0.0,0.0,0.0,110836.52162142064,110836.52162142064,0.0
1126,315.22893761470937,118.97777521210344,874,1125,0.10327526408519758,1.1832347250484088,0.005133137731781155,0.8425622470357187,False,0.0,0.0,0.0,0.0,-0.0,-0.0,-0.0,0.0,0.0,-0.0,0.0,0.0,0.0,110836.52162142064,110836.52162142064,0.0
1127,321.2627107269062,119.0265515120408,875,1126,0.10102771068775758,1.1836967745095932,1.1024737502188888,0.8414939797331702,False,0.0,0.0,0.0,0.0,0.0,0.0,0.0,0.0,0.0,-0.0,0.0,0.0,0.0,110836.52162142064,110836.52162142064,0.0
1128,317.9357661381861,119.47787869343098,876,1127,0.0954209464063418,1.1848903360064018,0.19782424854296654,0.8375008039258965,False,0.0,0.0,0.0,0.0,-0.0,0.0,0.0,0.0,0.0,-0.0,0.0,0.0,0.0,110836.52162142064,110836.52162142064,0.0
1129,316.8533904040818,118.34070623617835,877,1128,0.08772847446856927,1.1864961237096066,0.6516262641985117,0.8324837501695856,False,0.0,0.0,0.0,0.0,-0.0,-0.0,-0.0,0.0,0.0,-0.0,0.0,0.0,0.0,110836.52162142064,110836.52162142064,0.0
1130,310.99357745516625,117.50932460878765,878,1129,0.08372428886518117,1.1873442611626697,0.03464781976628619,0.8343858743484366,False,0.0,0.0,0.0,0.0,-0.0,-0.0,-0.0,0.0,0.0,-0.0,0.0,0.0,0.0,110836.52162142064,110836.52162142064,0.0
1131,312.3981075240437,117.82267884547517,879,1130,0.06832874686448884,1.1905529738018934,0.11446687616686607,0.8308766306897887,False,0.0,0.0,0.0,0.0,0.0,0.0,0.0,0.0,0.0,-0.0,0.0,0.0,0.0,110836.52162142064,110836.52162142064,0.0
1132,313.9219578871563,117.79010964595265,880,1131,0.04839333351552155,1.1947117210477798,0.413804179949521,0.8296197118081513,False,0.0,0.0,0.0,0.0,0.0,-0.0,0.0,0.0,0.0,-0.0,0.0,0.0,0.0,110836.52162142064,110836.52162142064,0.0
1133,314.9147949842716,117.2448174549086,881,1132,0.031137697014179885,1.19832329594323,0.9237801848566247,0.8285732084128161,False,0.0,0.0,0.0,0.0,0.0,-0.0,0.0,0.0,0.0,-0.0,0.0,0.0,0.0,110836.52162142064,110836.52162142064,0.0
1134,313.8496418496061,117.22522360987195,882,1133,0.009119601008638931,1.2029393340154488,0.7147478922121165,0.8242674900064986,False,0.0,0.0,0.0,0.0,-0.0,-0.0,-0.0,0.0,0.0,-0.0,0.0,0.0,0.0,110836.52162142064,110836.52162142064,0.0
1135,316.6557969830278,117.60372552343438,883,1134,-0.009479293520950746,1.2068420190670957,0.9962285466888797,0.8215761809331795,False,0.0,0.0,0.0,0.0,0.0,0.0,0.0,0.0,0.0,-0.0,0.0,0.0,0.0,110836.52162142064,110836.52162142064,0.0
1136,311.2004458461753,116.58400982366501,884,1135,-0.02148637673463262,1.2093737913170781,0.5627950499011543,0.8297453885248852,False,0.0,0.0,0.0,0.0,-0.0,-0.0,-0.0,0.0,0.0,-0.0,0.0,0.0,0.0,110836.52162142064,110836.52162142064,0.0
1137,311.7623551543876,116.19017164330722,885,1136,-0.03257233337575474,1.2117067102729933,0.8985015664850343,0.8235314073319437,False,0.0,0.0,0.0,0.0,0.0,-0.0,0.0,0.0,0.0,-0.0,0.0,0.0,0.0,110836.52162142064,110836.52162142064,0.0
1138,315.4967721209814,117.25046767682835,886,1137,-0.03592121866366391,1.2124383015168765,0.9286382805923191,0.8243710301687449,False,0.0,0.0,0.0,0.0,0.0,0.0,0.0,0.0,0.0,-0.0,0.0,0.0,0.0,110836.52162142064,110836.52162142064,0.0
1139,322.55404561621197,118.36793259088171,887,1138,-0.033824055019072125,1.212029311299893,1.5548948660755626,0.8348283616457312,False,0.0,0.0,-140.15436535451167,462.9010682606995,0.0,0.0,0.0,100000.0,50.0,-0.0,0.0,0.0,-50.0,101201.23673316142,110786.52162142063,-0.0004511148425497989
1140,320.76434254658653,118.26170981370161,888,1139,-0.030224012321613276,1.2113203589122854,1.2378817792025838,0.8429514355472264,False,-140.15436535451167,462.9010682606995,-140.9815403378644,463.19429161486164,250.83469789637383,-49.1706370302835,201.66406086609032,300.00533492664624,0.15000266746332314,5.381828280460761,0.0,0.0,196.13222991816625,101426.3560466991,110982.65385133881,0.0017703618368703725
1141,320.65089287171065,119.29724488487174,889,1140,-0.030949159482435425,1.2115066745041474,0.5118952637637865,0.8395547131133818,False,-140.9815403378644,463.19429161486164,-141.01953944488224,459.20556520402977,15.994309914831568,479.65393373299395,495.6482436478255,488.02851900536336,0.24401425950268169,5.383553702104779,0.0,0.0,490.020675686218,101908.75699774285,111472.67452702502,0.004415290666436933
1142,320.86379368937173,119.97938186123041,890,1141,-0.03223711422422702,1.2117902545596664,0.06031299884107879,0.8447017811915328,False,-141.01953944488224,459.20556520402977,0.0,0.0,-30.023175254004297,313.2410957753478,283.2179205213435,100343.26427102933,50.17163213551466,5.383100147066537,0.0,0.0,227.6631882387623,111700.33771526377,111700.33771526377,0.0020423228311755525
1143,316.37644502724197,119.88785995385696,891,1142,-0.035442404236900905,1.212465997006525,-0.9065727409258453,0.8430353000613227,False,0.0,0.0,0.0,0.0,-0.0,-0.0,-0.0,0.0,0.0,-0.0,0.0,0.0,0.0,111700.33771526377,111700.33771526377,0.0
1144,319.80372106779527,120.73084213600131,892,1143,-0.04052455402757417,1.2135141787957306,-0.8358368412418832,0.842318438971489,False,0.0,0.0,0.0,0.0,0.0,0.0,0.0,0.0,0.0,-0.0,0.0,0.0,0.0,111700.33771526377,111700.33771526377,0.0
1145,320.41518911476675,121.13391298451309,893,1144,-0.044366512506810514,1.214307470340747,-1.0666406013201002,0.8430076700545243,False,0.0,0.0,0.0,0.0,0.0,0.0,0.0,0.0,0.0,-0.0,0.0,0.0,0.0,111700.33771526377,111700.33771526377,0.0
1146,317.09119617751065,120.21767978007115,894,1145,-0.04953175536198428,1.2153753582359896,-1.1602793792790365,0.8432075853460297,False,0.0,0.0,0.0,0.0,-0.0,-0.0,-0.0,0.0,0.0,-0.0,0.0,0.0,0.0,111700.33771526377,111700.33771526377,0.0
1147,319.88591912031427,121.17791923852191,895,1146,-0.04366853032027836,1.2141349625538997,-1.213682888416269,0.841889662031465,False,0.0,0.0,0.0,0.0,0.0,0.0,0.0,0.0,0.0,-0.0,0.0,0.0,0.0,111700.33771526377,111700.33771526377,0.0
1148,321.4740918110617,121.01206671866007,896,1147,-0.036886822256921754,1.2127014666889322,-0.672732885264747,0.8395692203496441,False,0.0,0.0,0.0,0.0,0.0,-0.0,0.0,0.0,0.0,-0.0,0.0,0.0,0.0,111700.33771526377,111700.33771526377,0.0
1149,324.7970237771064,122.23198229382774,897,1148,-0.03168399583838888,1.2116052327938103,-0.813722047509845,0.8303493274864575,False,0.0,0.0,0.0,0.0,0.0,0.0,0.0,0.0,0.0,-0.0,0.0,0.0,0.0,111700.33771526377,111700.33771526377,0.0
1150,320.7571778443664,121.87363258926673,898,1149,-0.029575060666329926,1.2111558676971272,-1.5202555061632979,0.8287660365609751,False,0.0,0.0,140.99517748355507,-449.4391741428513,-0.0,-0.0,-0.0,100000.0,50.0,-0.0,0.0,0.0,-50.0,121199.90727668241,111650.33771526374,-0.0004476262204997491
1151,321.71396169365386,122.41427501557297,899,1150,-0.03659066144503618,1.2126042788225044,-1.6711145009217134,0.8343587975407297,False,140.99517748355507,-449.4391741428513,140.48383144590673,-447.6960715950969,134.90190864368063,-242.98588558566152,-108.0839769419809,377.88779422935244,0.1889438971146762,6.520807711989206,0.0,0.0,-114.79372855108478,121144.32404998035,111535.54398671267,-0.0010281538856051055
1152,324.3038850207771,122.34390898339936,900,1151,-0.046445151673112764,1.2146454381785459,-0.9678866705464765,0.8416432685916675,False,140.48383144590673,-447.6960715950969,139.233468606129,-448.2940398247037,363.8423521454039,31.502596177859164,395.34494832326305,478.65529728350623,0.23932764864175313,6.524332146623076,0.0,0.0,388.58128852799825,121616.21568746859,111924.12527524069,0.0034839233722149554
1153,323.1823691411713,122.21719035239391,901,1152,-0.05466321936778003,1.2163518524766894,-1.106274790833908,0.8384069803140108,False,139.233468606129,-448.2940398247037,139.60906953884904,-449.0432973839449,-156.1525460143686,56.80720701448715,-99.34533899988145,212.95975302884418,0.10647987651442209,6.529291095965948,0.0,0.0,-105.98110997236182,121579.76447094876,111818.14416526831,-0.0009469013915610064
1154,319.57635691402197,121.84670869913275,902,1153,-0.06959374862614401,1.2194583899799991,-1.6349357084078837,0.8403603326517249,False,139.60906953884904,-449.0432973839449,140.98676677132144,-450.92693342914464,-503.4320117780315,166.36230320064928,-337.06970857738224,669.7943149787004,0.33489715748935023,6.533429780100026,0.0,0.0,-343.93803551497166,121362.13153402176,111474.20612975332,-0.003075869646044632
1155,318.1303504472587,121.94206023224844,903,1154,-0.0870163038478299,1.2230778611040378,-1.9823728820729105,0.8444546664885048,False,140.98676677132144,-450.92693342914464,141.39700886211818,-451.1759102127297,-203.867776479375,-42.996574425625326,-246.86435090500032,160.87120205374703,0.08043560102687351,6.5409479407302635,0.0,0.0,-253.48573444675745,121255.36043230697,111220.72039530656,-0.002273940701149364
1156,314.0572086282062,120.62425873275025,904,1155,-0.09579890286139943,1.22489031085001,-1.8969486565849203,0.8484622792569708,False,141.39700886211818,-451.1759102127297,143.11416761597386,-456.4087239313375,-575.9300698852338,594.560291015795,18.630221130561154,1170.4903609010282,0.5852451804505141,6.549680954583357,0.0,0.0,11.495294995527283,121340.14369705816,111232.21569030211,0.00010335569626496352
1157,318.19570382151255,120.8292122919688,905,1156,-0.11189199948972957,1.228230797129327,-1.1095115363362038,0.8499993977724661,False,143.11416761597386,-456.4087239313375,141.04104461605814,-456.19221126326744,592.2772947727498,-93.54259242812516,498.7347023446246,685.8198872008804,0.34290994360044025,6.554043333735479,0.0,0.0,491.8377490672887,121966.74452071344,111724.0534393694,0.004421720326390728
1158,315.2429296270596,120.21533583713838,906,1157,-0.12447132915542417,1.2308478940375782,-1.3582664705956387,0.8499237573333621,False,141.04104461605814,-456.19221126326744,142.19511780158848,-458.9597001193701,-416.4623569009846,280.0456573715437,-136.4166995294409,696.5080142725354,0.34825400713626775,6.562064945318097,0.0,0.0,-143.32701848189527,121928.7153920123,111580.72642088748,-0.0012828662590522017
1159,315.1241887104311,120.44556224101622,907,1158,-0.14207583356190454,1.2345116904544706,-1.5797944041701875,0.8523249753314093,False,142.19511780158848,-458.9597001193701,142.0154611184185,-458.6926409141437,-16.884378627857657,-105.66464128333264,-122.5490199111903,88.78026265548183,0.04439013132774092,6.568332676852666,0.0,0.0,-129.16174271937072,121946.55073960933,111451.56467816813,-0.0011575631998679782
1160,314.6973164230119,119.68169827609007,908,1159,-0.15710428243390623,1.2376358161781318,-1.077413161329803,0.8551230795771457,False,142.0154611184185,-458.6926409141437,142.0095514479353,-462.14229952942526,-60.62246473651188,350.3787793711222,289.75631463461036,414.7207589916492,0.2073603794958246,6.577082503657214,0.0,0.0,282.97187175145734,122354.48705571781,111734.53654991958,0.002538967241676404
1161,313.291919260867,119.03615146491205,909,1160,-0.16211139530109903,1.2386662799734776,-0.9092956645126135,0.8528493654725691,False,142.0095514479353,-462.14229952942526,142.58093193139143,-464.8213631261505,-199.57982060239556,298.3344877716988,98.75466716930322,497.9143083740911,0.24895715418704556,6.584520863440371,0.0,0.0,91.9211891516758,122487.55010949392,111826.45773907125,0.0008226748146989237
1162,311.7463262943958,118.67574561154366,910,1161,-0.1778205157403031,1.2419369784033165,-0.9670973520077555,0.853345255273211,False,142.58093193139143,-464.8213631261505,143.07878890693385,-466.7820952137641,-220.37208554607423,167.5243400413391,-52.847745504735144,387.89642558740627,0.19394821279370314,6.58696978395373,0.0,0.0,-59.62866350148258,122558.25545079382,111766.82907556978,-0.0005332250051289575
1163,308.4009880895555,116.91326457867906,911,1162,-0.19730108620858205,1.245992070503139,-0.3942078721988317,0.855531981830072,False,143.07878890693385,-466.7820952137641,144.3696888699452,-474.5077087894794,-478.6469388326447,822.6945892950566,344.0476504624119,1301.3415281277137,0.6506707640638568,6.594727760430001,0.0,0.0,336.8022519379181,123056.1219321621,112103.6313275077,0.0030134365868981646
1164,305.5331032520107,116.5862955852351,912,1163,-0.2148254929964686,1.2496488133137078,-0.8060434883341102,0.8531200883879415,False,144.3696888699452,-474.5077087894794,145.48794246908037,-476.4592371069963,-414.0356417111771,155.14930792429362,-258.8863337868835,569.1849496354739,0.284592474817737,6.604314916943714,0.0,0.0,-265.77524117864493,122935.09098967283,111837.85608632906,-0.0023707995720689897
1165,303.04005001835446,115.74486938328427,913,1164,-0.24125791590796886,1.2551575651062987,-0.7355447944047383,0.8523085235262401,False,145.48794246908037,-476.4592371069963,146.3265321134498,-480.8610583422177,-362.70918543052977,400.9052862633339,38.19610083280412,763.6144716938519,0.38180723584692594,6.6129306490085575,0.0,0.0,31.201362947948635,123183.45822793267,111869.05744927702,0.0002789874917119097
1166,311.07808283661944,117.05073530220841,914,1165,-0.2641170711343712,1.2599190149491173,0.1493773644523345,0.8526393362542093,False,146.3265321134498,-480.8610583422177,0.0,0.0,1176.1774673108139,-627.9400678268951,548.2373994839188,101804.1175351377,50.90205876756885,6.625857189205693,0.0,0.0,490.70948352714424,112359.76693280417,112359.76693280417,0.0043864630194961314
1167,304.134652482658,116.33716770421069,915,1166,-0.28292238925121144,1.2638519935136205,-0.8930818916553954,0.8551581724098354,False,0.0,0.0,0.0,0.0,-0.0,-0.0,-0.0,0.0,0.0,-0.0,0.0,0.0,0.0,112359.76693280417,112359.76693280417,0.0
1168,299.2323870857495,115.46062161097574,916,1167,-0.3156383536013636,1.2706704873324104,-1.3209665762816656,0.8542194102777664,False,0.0,0.0,0.0,0.0,-0.0,-0.0,-0.0,0.0,0.0,-0.0,0.0,0.0,0.0,112359.76693280417,112359.76693280417,0.0
1169,297.73367357456374,115.5954213693586,917,1168,-0.34666645234590504,1.2771242864124133,-1.716514706310745,0.8489309316521726,False,0.0,0.0,147.49772057101515,-485.1832464134591,-0.0,0.0,0.0,99999.99999999999,49.99999999999999,-0.0,0.0,0.0,-49.99999999999999,124479.69055383847,112309.76693280417,-0.0004449991430642793
1170,299.4534410039159,115.59499040887901,918,1169,-0.37941200756540383,1.2839267923343922,-1.2298909085932102,0.8517425449529911,False,147.49772057101515,-485.1832464134591,146.21385004207556,-486.31657205580694,253.66177574171584,0.20909480456370774,253.87087054627955,515.4662144518157,0.25773310722590786,6.6767811679187075,0.0,0.0,246.93635627113494,124988.22225401516,112556.70328907529,0.0021987077617111107
1171,300.3101660153764,115.81935730011674,919,1170,-0.41053887841236086,1.2904006721612797,-1.151113009660942,0.8456687614529286,False,146.21385004207556,-486.31657205580694,145.38463266009714,-486.44301041812935,125.26506235298478,-109.11333742954687,16.15172492343791,263.6664195070363,0.13183320975351817,6.692352319341658,0.0,0.0,9.327539394342732,125245.06448799309,112566.03082846964,8.28696925352559e-05
1172,303.6665501091059,117.01777565284253,920,1171,-0.4444784917710008,1.297462394567317,-1.2517387741454307,0.8441765235099052,False,145.38463266009714,-486.44301041812935,143.33578622604145,-482.60801382093155,487.9666685330568,-582.9622312402715,-94.99556270721473,1070.928899773342,0.535464449886671,6.707085336876395,0.0,0.0,-102.2381124939778,125411.22529509905,112463.79271597568,-0.0009082501332018098
1173,304.2824382995416,117.41482044757447,921,1172,-0.47293859507733144,1.3033795907694248,-1.364115506257816,0.848666598518606,False,143.33578622604145,-482.60801382093155,142.67819215712885,-481.92835949124196,88.27881800343056,-191.616999783521,-103.33818178009045,279.89581778696214,0.13994790889348108,6.7230614630430585,0.0,0.0,-110.20119115202698,125524.65512134024,112353.59152482363,-0.00097988151111321
1174,303.0352662725544,117.31765621656407,922,1173,-0.5219360571949,1.3135810072184793,-1.5223396928913375,0.8508878489464416,False,142.67819215712885,-481.92835949124196,142.63368954366192,-483.95922438896474,-177.9442501194737,46.82619845206818,-131.11805166740552,251.74217121510483,0.12587108560755242,6.736372833125988,0.0,0.0,-137.98029558613905,125769.53504863662,112215.6112292375,-0.001228089762984013
1175,299.079682984152,116.50437056346775,923,1174,-0.556908632898881,1.3208514012893153,-1.7606722415705487,0.8621002939328386,False,142.63368954366192,-483.95922438896474,144.06741174304213,-488.49982101349303,-564.1994387220864,393.5970938791723,-170.60234484291408,957.7965326012501,0.47889826630062504,6.75916213210709,0.0,0.0,-177.8404052413218,125862.49915908353,112037.77082399622,-0.0015848098432399288
1176,302.54350934353477,117.51472464989607,924,1175,-0.5856061491550508,1.3268075651925468,-1.6973004557277518,0.8662827801365554,False,144.06741174304213,-488.49982101349303,142.05341955727718,-485.23842525075673,499.0244983236014,-493.5577903804865,5.466707943114898,992.5822887040777,0.49629114435203886,6.775281448517102,0.0,0.0,-1.8048646497542435,126081.28582513015,112035.96595934646,-1.610943020812213e-05
1177,296.4710749566516,117.34548252252229,925,1176,-0.6128293976974712,1.3324591998363613,-2.9680995346298364,0.8680457476843376,False,142.05341955727718,-485.23842525075673,144.6117615141056,-486.82569098110565,-862.6100696939527,82.12278337293996,-780.4872863210128,944.7328530668852,0.47236642653344263,6.78841189677284,0.0,0.0,-787.748064644319,125501.80911977847,111248.2178947021,-0.007031206969110274
1178,297.83671979586904,117.7635455301548,926,1177,-0.6375311248364012,1.3375631037343352,-2.7596113347198767,0.886238628014535,False,144.6117615141056,-486.82569098110565,143.6343839799677,-485.89235291709275,197.48830580188334,-203.5238125643367,-6.035506762453366,401.0121183662171,0.20050605918310857,6.800809001492639,0.0,0.0,-13.036821823129113,125675.9935238912,111235.181072879,-0.00011718679247015906
1179,298.98365341646047,116.90935245766453,927,1178,-0.6642663142875842,1.34309341504206,-1.6737314739822613,0.892154674065486,False,143.6343839799677,-485.89235291709275,142.7456728580047,-490.30617324033346,164.7391040595635,415.04588183778077,579.7849858973443,781.7269739308945,0.39086348696544726,6.811953122084059,0.0,0.0,572.5821692882947,126450.51768121305,111807.7632421673,0.005147491681729359
1180,301.48619065363033,118.11422993976302,928,1179,-0.6704500706957998,1.3443485224738272,-1.9506038450326058,0.884640683772387,False,142.7456728580047,-490.30617324033346,141.48499998226106,-485.49803313253705,357.2263617720239,-590.7588674711619,-233.53250569913803,947.9852292431698,0.47399261462158493,6.823973478514627,0.0,0.0,-240.83047179227424,126255.38541181335,111566.93277037502,-0.0021539691413973334
1181,298.4100587165121,117.0832731101748,929,1180,-0.6680001447138586,1.343798843172442,-1.767380250539869,0.893845144992165,False,141.48499998226106,-485.49803313253705,142.97700856963826,-489.68756129384747,-435.226527068608,500.527513009637,65.30098594102901,935.7540400782468,0.4678770200391234,6.826693609609424,0.0,0.0,58.006415311380465,126293.3841409324,111624.93918568638,0.0005199248009331873
1182,294.0255787311576,117.14297498520298,930,1181,-0.6653291830072958,1.3432030721734396,-2.6371888770294905,0.894923048216349,False,142.97700856963826,-489.68756129384747,145.14596210309944,-489.3453875436096,-626.8798324394321,-29.235265587220454,-656.1150980266525,677.811068981619,0.3389055344908095,6.825502675907501,0.0,0.0,-663.2795062370508,125608.40866374038,110961.65967944934,-0.005942036887775473
1183,298.420161836207,117.6250730221887,931,1182,-0.6846699216469648,1.3471839950495637,-1.9097315523061924,0.912455641754461,False,145.14596210309944,-489.3453875436096,142.76597094541225,-487.9551134046033,637.8559928244181,-235.9124507427897,401.9435420816284,873.7684435672277,0.43688422178361386,6.824211249064943,0.0,0.0,394.68244661077983,126147.8538175938,111356.34212606013,0.0035569263090599835
1184,297.8247471337201,117.16723809085987,932,1183,-0.7103950345725489,1.352510533175014,-1.63403977619145,0.9049294548286356,False,142.76597094541225,-487.9551134046033,142.72749436549643,-490.685118283517,-85.00495811571486,223.40289583714937,138.39793772143452,331.3264093208897,0.16566320466044485,6.8328280768770036,0.0,0.0,131.39944643989708,126472.18173563314,111487.7415725,0.0011799906851387174
1185,297.7893077374845,116.78777273386525,933,1184,-0.7530856599622657,1.3613816648841783,-1.3241977241291656,0.9069498413080205,False,142.72749436549643,-490.685118283517,142.20822412143153,-493.64680937685506,-5.058176226537646,186.19800358139963,181.13982735486198,500.5224328254391,0.2502612164127196,6.84431191447221,0.0,0.0,174.04525422397705,126965.6095953277,111661.78682672398,0.001561115614767379
1186,294.8264946197058,117.04542518321186,934,1185,-0.8033793044361227,1.3718461890698233,-1.9787080728091337,0.9065230120423451,False,142.20822412143153,-493.64680937685506,143.00359944181065,-494.15643514503125,-421.3363918829898,-127.18930954808486,-548.5257014310747,294.14708233490546,0.14707354116745275,6.863322783845458,0.0,0.0,-555.5360977560875,126783.75084610879,111106.25072896789,-0.004975167544275191
1187,298.4983464744347,117.7217788978057,935,1186,-0.8522450626449254,1.3819983624426686,-1.6411990529095402,0.9177253406791734,False,143.00359944181065,-494.15643514503125,140.64251103765233,-492.84375036172503,525.088031843323,-334.224540500794,190.86349134252907,859.3125723441105,0.42965628617205526,6.885565483163147,0.0,0.0,183.5482695731939,127326.68502103779,111289.79899854111,0.0016520066906133626
1188,300.93436631074456,117.84934195534697,936,1187,-0.8950950216263773,1.3909022219890403,-1.2318175704555454,0.91455321941946,False,140.64251103765233,-492.84375036172503,138.98450924963151,-493.6369080787461,342.60794671615054,-62.86865568624621,279.73929102990434,592.4228324378633,0.29621141621893166,6.906957501339089,0.0,0.0,272.53612211234633,127911.90468455809,111562.33512065344,0.0024488868212971062
1189,306.20202669729485,117.87668986518025,937,1188,-0.9462513513168057,1.4015501689433036,-0.2986763845493681,0.9157418886372215,False,138.98450924963151,-493.6369080787461,0.0,0.0,732.1231937184162,-13.499937652517364,718.6232560658989,100745.62313137093,50.37281156568547,6.925569616899087,0.0,0.0,661.3248748833144,112223.65999553674,112223.65999553674,0.005927850776591255
1190,305.29184754686867,118.02024025481667,938,1189,-0.9826810577913663,1.4091433871194379,-0.522621784874668,0.9055714819154489,False,0.0,0.0,0.0,0.0,-0.0,0.0,0.0,0.0,0.0,-0.0,0.0,0.0,0.0,112223.65999553674,112223.65999553674,0.0
1191,305.6835764090057,117.70810957846011,939,1190,-1.04193263788862,1.4214988976960328,-0.23293919521388493,0.9050385758663355,False,0.0,0.0,0.0,0.0,0.0,-0.0,0.0,0.0,0.0,-0.0,0.0,0.0,0.0,112223.65999553674,112223.65999553674,0.0
1192,306.9695523219018,117.9895631497394,940,1191,-1.0900554098598707,1.4315379667151733,-0.17140257596089337,0.9060519855925191,False,0.0,0.0,0.0,0.0,0.0,0.0,0.0,0.0,0.0,-0.0,0.0,0.0,0.0,112223.65999553674,112223.65999553674,0.0
1193,313.1270533347174,118.36623789053446,941,1192,-1.1326273581867647,1.440418031303992,0.6718223123102941,0.9049951860175214,False,0.0,0.0,0.0,0.0,0.0,0.0,0.0,0.0,0.0,-0.0,0.0,0.0,0.0,112223.65999553674,112223.65999553674,0.0
1194,315.61402618591285,118.69220229690204,942,1193,-1.1559304359911011,1.4452900864615903,0.9207073920680855,0.9017203915439033,False,0.0,0.0,0.0,0.0,0.0,0.0,0.0,0.0,0.0,-0.0,0.0,0.0,0.0,112223.65999553674,112223.65999553674,0.0
1195,314.7730729421186,118.71713945556967,943,1194,-1.1886806494634923,1.4521420838027919,0.7793495773115116,0.9020378517468896,False,0.0,0.0,0.0,0.0,-0.0,0.0,0.0,0.0,0.0,-0.0,0.0,0.0,0.0,112223.65999553674,112223.65999553674,0.0
1196,309.17873685451326,117.92533563363726,944,1195,-1.216373159040286,1.4579347410150356,0.3499704538831276,0.8978323114376585,False,0.0,0.0,0.0,0.0,-0.0,-0.0,-0.0,0.0,0.0,-0.0,0.0,0.0,0.0,112223.65999553674,112223.65999553674,0.0
1197,309.1358348068691,118.08424931981276,945,1196,-1.2647989140201863,1.468049249429257,0.26010123048939987,0.8914526293338161,False,0.0,0.0,0.0,0.0,-0.0,0.0,0.0,0.0,0.0,-0.0,0.0,0.0,0.0,112223.65999553674,112223.65999553674,0.0
1198,308.6450448923882,117.32080945009987,946,1197,-1.3159899223501554,1.4787402042565763,0.794404564951296,0.8952141690784191,False,0.0,0.0,0.0,0.0,-0.0,-0.0,-0.0,0.0,0.0,-0.0,0.0,0.0,0.0,112223.65999553674,112223.65999553674,0.0
1199,307.20038969351015,117.79252089252265,947,1198,-1.3337701381771787,1.4824591945340138,0.1774863353973408,0.889106099512559,False,0.0,0.0,0.0,0.0,-0.0,0.0,0.0,0.0,0.0,-0.0,0.0,0.0,0.0,112223.65999553674,112223.65999553674,0.0
