observation,price_a,price_b,fit_first,fit_last,alpha,beta,z,ar_phi,paused,held_a,held_b,shares_a,shares_b,pnl_a,pnl_b,gross_pnl,turnover_usd,transaction_cost,borrow_cost,funding_notional,funding_cost,net_pnl,cash,equity,daily_return
600,295.433154034293,114.39502176360304,348,599,0.37983101661596563,1.1205357340761841,0.5940464762324537,0.9310926821430398,False,0.0,0.0,0.0,0.0,0.0,-0.0,0.0,0.0,0.0,-0.0,0.0,0.0,0.0,100000.0,100000.0,0.0
601,295.4382265946289,114.73154513371811,349,600,0.3824362256482053,1.119975258879626,0.4154348486710124,0.9264963561957428,False,0.0,0.0,0.0,0.0,0.0,0.0,0.0,0.0,0.0,-0.0,0.0,0.0,0.0,100000.0,100000.0,0.0
602,296.61628042124033,113.43051181944911,350,601,0.38716888165401536,1.1189541881590217,1.339539909233958,0.9264589877985484,False,0.0,0.0,0.0,0.0,0.0,-0.0,0.0,0.0,0.0,-0.0,0.0,0.0,0.0,100000.0,100000.0,0.0
603,291.2544060189048,112.21072656692527,351,602,0.38416870316466784,1.1196155954063038,0.9586442818654831,0.9266922429143085,False,0.0,0.0,0.0,0.0,-0.0,-0.0,-0.0,0.0,0.0,-0.0,0.0,0.0,0.0,100000.0,100000.0,0.0
604,295.7660796409072,111.89521982706023,352,603,0.3811520980578913,1.120267623244934,1.9369534986243822,0.9255761938111071,False,0.0,0.0,-159.46337570634486,472.1930266788006,0.0,-0.0,0.0,100000.00000000001,50.00000000000001,-0.0,0.0,0.0,-50.00000000000001,94277.71495794141,99950.00000000001,-0.0004999999999998545
605,297.9620500054342,112.16096637765457,353,604,0.3709164814259592,1.1224906305234976,2.10307161056045,0.9260017134717728,False,-159.46337570634486,472.1930266788006,-158.12235162336756,471.51466028343265,-350.176847278568,125.48366805459408,-224.6931792239739,475.6605153331699,0.23783025766658494,5.614744937972703,0.0,0.0,-230.54575441961322,93948.37432833778,99719.45424558039,-0.0023066108496210616
606,300.2858838104194,112.7769150991736,354,605,0.35763390164654363,1.1253717477144274,2.0818170620437324,0.9295708840299843,False,-158.12235162336756,471.51466028343265,-156.6859950157289,469.50572694264855,-367.45006602614006,290.42885217906127,-77.0212138470788,657.8789182052175,0.32893945910260874,5.608864290640321,0.0,0.0,-82.95901759682174,93737.68021600985,99636.49522798357,-0.0008319241037211705
607,295.40415366232423,112.82304934289506,355,606,0.34431598290523047,1.1282638659259465,1.1236428296050363,0.932458564299358,False,-156.6859950157289,469.50572694264855,-159.05888393707264,469.88044833795885,764.8987456525759,21.660291635390593,786.5590372879665,743.2384540171828,0.3716192270085914,5.601261011192039,0.0,0.0,780.5861570497658,94390.39136884296,100417.08138503335,0.007834339769415607
608,292.6759951252517,112.90684251445276,356,607,0.3346702650234864,1.1303430203200888,0.5624511651812398,0.924867850302519,False,-159.05888393707264,469.88044833795885,-160.38485605415661,469.9378839199899,433.93785211015586,39.37277301919223,473.31062512934807,394.5650790909923,0.19728253954549616,5.59364940379819,0.0,0.0,467.5196931860044,94766.1957755604,100884.60107821933,0.004655778546215188
609,294.6315539433306,112.03838179575355,357,608,0.327728990121075,1.1318285906832002,1.3889146643096502,0.9247473851683692,False,-160.38485605415661,469.9378839199899,-159.20931041737776,473.8725481261295,-313.64201954301853,-408.1225924131408,-721.7646119561593,787.1862482610135,0.39359312413050673,5.588190160556016,0.0,0.0,-727.7463952408458,93973.0277440147,100156.8546829785,-0.0072136519098349
610,301.61107120188916,112.83293812170604,358,609,0.3161917018616958,1.134318941222417,2.2730529095164425,0.9249861902424452,False,-159.20931041737776,473.8725481261295,-155.34361318593966,471.020672751522,-1111.2041297812996,376.5184308088394,-734.6856989724602,1487.7225605901313,0.7438612802950656,5.584296015537869,0.0,0.0,-741.0138562682931,93122.54798147656,99415.84082671022,-0.007398533616234039
611,299.3636786455483,112.9135120305001,359,610,0.2984703126828584,1.1381540894467077,1.7162033038094633,0.9306721734727342,False,-155.34361318593966,471.020672751522,-156.22908636215976,471.4288399851751,349.118079949174,37.951976726400325,387.07005667557434,311.16610322275335,0.15558305161137667,5.577780187783712,0.0,0.0,381.33669343617925,93335.80552976481,99797.17752014638,0.0038357739598144642
612,294.3450158353466,110.6767934498637,360,611,0.2840629774853256,1.1412673988859559,2.017287052611857,0.9275306727651059,False,-156.22908636215976,471.4288399851751,-158.66181164589864,481.5705702819025,784.0611055975614,-1054.4536458427083,-270.39254024514685,1838.5147514402925,0.9192573757201462,5.567775476763002,0.0,0.0,-276.87957309763,92922.92486980236,99520.29794704873,-0.002774422884271924
613,295.2547321809726,111.15084330852554,361,612,0.26767587251623254,1.1448079403099818,1.8400036299575513,0.9304160207663664,False,-158.66181164589864,481.5705702819025,-157.91185099710577,480.21029024036045,-144.33724348090908,228.28846077783896,83.95121729692988,372.62570425876277,0.1863128521293814,5.5596801739734305,0.0,0.0,78.20522427082707,92846.9457200238,99598.50317131955,0.0007858218462370985
614,295.0448256262726,111.25786789700695,362,613,0.2490895674139771,1.148815081560539,1.689093617595559,0.9305953585735184,False,-157.91185099710577,480.21029024036045,-157.72950993997134,480.5298290736163,33.146732589104175,51.394308697512315,84.54104128661649,89.34999470508615,0.04467499735254307,5.550502532660966,0.0,0.0,78.94586375660298,92752.0005477887,99677.44903507616,0.0007926410663101854
615,298.8800171529875,112.08061957038473,363,614,0.22806076428310101,1.1533388460845748,1.9654123151909042,0.9306091512822015,False,-157.72950993997134,480.5298290736163,-155.37843592051573,477.8746817440354,-604.9228800346684,395.35672097825665,-209.56615905641178,1000.2796010129186,0.5001398005064593,5.540151875756698,0.0,0.0,-215.60645073267492,92340.86177059967,99461.84258434348,-0.0021630414182932166
616,302.319686093085,112.46289351280602,364,615,0.20993377688831577,1.1572529848102715,2.352778750701194,0.932971258506355,False,-155.37843592051573,477.8746817440354,-153.33189161082214,476.999559450681,-534.4503799967329,182.67903857361293,-351.7713414231199,717.1294185703557,0.35856470928517786,5.528513046800965,0.0,0.0,-357.6584191792061,91814.68284484964,99104.18416516428,-0.0035959359879736037
617,306.39261656231133,113.40981494019935,365,616,0.19413110056012955,1.1606811749334076,2.4297995516999102,0.9387033366481171,False,-153.33189161082214,476.999559450681,-151.0535778423587,473.6653443276178,-624.5101332458253,451.6811037010306,-172.82902954479465,1076.191236946866,0.538095618473433,5.518482064266986,0.0,0.0,-178.88560722753505,91488.70047037487,98925.29855793677,-0.0018050257790264705
618,307.09184346949155,113.72263848297787,366,617,0.17463162550907263,1.1649052633107082,2.224535761633672,0.9414481174456552,False,-151.0535778423587,473.6653443276178,-150.41557984069485,473.156471024392,-105.62072605321883,148.17367110397157,42.55294505075274,253.79439715718985,0.12689719857859494,5.5097263043117914,0.0,0.0,36.91632154786235,91345.01027910755,98962.2148794846,0.0003731737188158441
619,309.58682494879287,114.6013660421903,367,618,0.15573510070440819,1.168998393833317,2.0481100500740395,0.9437742441810337,False,-150.41557984069485,473.156471024392,-148.9218077354172,470.28907454485284,-375.284085900902,415.77563090883365,40.49154500793162,791.0597168097363,0.39552985840486815,5.4989759166442225,0.0,0.0,34.59703923288253,91205.27116360226,98996.81191871746,0.00034959847326570013
620,311.80898206585164,114.87837146430464,368,619,0.13328183053141035,1.1738483602897634,2.1662596951697424,0.9434545600885926,False,-148.9218077354172,470.28907454485284,-147.5306081056999,470.05045923535096,-330.9276549445152,130.27262361005378,-200.65503133446143,461.20027855456124,0.23060013927728062,5.488598764576475,0.0,0.0,-206.37423023831516,90793.1751624679,98790.43768847916,-0.002084655316049465
621,314.7584260561551,115.72886932609188,369,620,0.10951139817496401,1.1789853759888944,2.0768464091380223,0.9460300957755574,False,-147.5306081056999,470.05045923535096,-145.80362428297937,467.5331317283302,-435.1332654631701,399.77691051177936,-35.356354951390756,834.9101759749408,0.4174550879874704,5.476353421070758,0.0,0.0,-41.25016346044899,90535.02611020587,98749.18752501873,-0.00041755218850738425
622,318.8642146404492,116.5223619847741,370,621,0.08568170740228956,1.1841370657024495,2.209505124140341,0.9478165717226928,False,-145.80362428297937,467.5331317283302,-143.58673781548197,465.2783095897639,-598.6388561297612,370.9841077171334,-227.65474841262778,969.6229638469019,0.48481148192345097,5.463442772927807,0.0,0.0,-233.60300266747905,90084.92929498672,98515.58452235124,-0.0023656194903710014
623,327.0321594585234,116.23368636769378,371,622,0.0594217491387329,1.1898150534645142,3.442750821590281,0.9488077813401741,False,-143.58673781548197,465.2783095897639,-139.6375116254298,467.4552165526323,-1172.8085510841454,-134.3145031349111,-1307.1230542190565,1544.5538902966102,0.7722769451483051,5.450556236466397,0.0,0.0,-1313.3458874006712,88534.1525715085,97202.23863495057,-0.013331351519339596
624,326.9907116001126,115.67371684225158,372,623,0.02287148566524659,1.1977325923175741,3.333480222667111,0.9719011245384591,False,-139.6375116254298,467.4552165526323,-139.1520903775073,471.140380326305,5.787675810684029,-261.76067577845777,-255.97299996777375,585.0048301571265,0.2925024150785633,5.436423448604638,0.0,0.0,-261.70192583145695,87943.4188154877,96940.53670911913,-0.002692344636364583
625,328.53572716031334,116.79320140964101,373,624,-0.009059944266786194,1.2046703459387524,2.721650805351421,0.9766741209221999,False,-139.1520903775073,471.140380326305,-138.0618647142701,467.850390463549,-214.99214486770825,527.4343848492873,312.44223998157906,742.4265297170123,0.37121326485850614,5.416838220617178,0.0,0.0,306.65418849610336,87963.70113163829,97247.19089761522,0.0031633225780071735
626,324.242201125527,116.71345285089015,374,625,-0.041019612572310696,1.2116039666183684,2.0395175293967727,0.9721440772547034,False,-138.0618647142701,467.850390463549,-139.45147134464364,469.3884607373396,592.7722105618681,-37.31039435049729,555.4618162113708,630.0826049123606,0.3150413024561803,5.399792275834706,0.0,0.0,549.7469826330799,88229.04191820954,97796.93788024833,0.005653088562855223
627,317.7005338089353,116.22710202098195,375,626,-0.07017977157702524,1.2179140597310352,1.3653092801049016,0.9616882899190073,False,-139.45147134464364,469.3884607373396,-141.9179540204792,472.4594289609725,912.2451323458811,-228.28746742893964,683.9576649169414,1140.532599774822,0.5702662998874111,5.382863335592928,0.0,0.0,678.0045352814611,88649.76191428614,98474.94241552979,0.006932778775872053
628,317.78489333842145,117.69202108201235,376,627,-0.09200815063897268,1.222630749884569,0.7688254467473871,0.9519939492343423,False,-141.9179540204792,472.4594289609725,-141.57919327988267,467.3916775231588,-11.972131826806725,692.114823048467,680.1426912216602,704.0869548752739,0.352043477437637,5.367548779687877,0.0,0.0,674.4230989645347,89132.82318526888,99149.36551449433,0.006848677261660276
629,315.36338876097574,116.85557411043179,377,628,-0.11169506627105799,1.2268642356954842,0.7885512035068045,0.9459575946014076,False,-141.57919327988267,467.3916775231588,-142.39508064985498,471.4692066918784,342.83466459830777,-390.94835320620246,-48.11368860789469,733.7830178045049,0.3668915089022525,5.356158194688962,0.0,0.0,-53.836738311485895,88907.91912944427,99095.52877618285,-0.0005429862110777872
630,316.48439132055074,116.52144445400339,378,629,-0.12434845237166384,1.2296008239196496,1.0238817222031174,0.9434037175539239,False,-142.39508064985498,471.4692066918784,-141.71655545294615,473.2941860259826,-159.62524987937655,-157.53184404852868,-317.15709392790524,427.3918620478687,0.21369593102393436,5.3459756162655605,0.0,0.0,-322.71676547519473,88474.96759584911,98772.81201070765,-0.0032566228714928755
631,308.1017684795897,116.54078832769247,379,630,-0.14160538106092382,1.2333272990132258,0.0170226931822485,0.9503370107215077,False,-141.71655545294615,473.2941860259826,0.0,0.0,1187.9564346821915,9.155342952263103,1197.1117776344545,98821.19890827009,49.410599454135046,5.339414022925088,0.0,0.0,1142.3617641573944,99915.17377486505,99915.17377486505,0.011565548665695119
632,305.45174115647546,116.2257950849787,380,631,-0.14359026079270135,1.233755789405054,-0.17520926041324425,0.9375360307442728,False,0.0,0.0,0.0,0.0,-0.0,-0.0,-0.0,0.0,0.0,-0.0,0.0,0.0,0.0,99915.17377486505,99915.17377486505,0.0
633,301.5798114440621,116.09172137129617,381,632,-0.141679441489309,1.2333462417326833,-0.5784989429590981,0.946272944127983,False,0.0,0.0,0.0,0.0,-0.0,-0.0,-0.0,0.0,0.0,-0.0,0.0,0.0,0.0,99915.17377486505,99915.17377486505,0.0
634,307.12994288446373,117.20786017906393,382,633,-0.13372150210484005,1.23163191002866,-0.3297216113609972,0.946230062642103,False,0.0,0.0,0.0,0.0,0.0,0.0,0.0,0.0,0.0,-0.0,0.0,0.0,0.0,99915.17377486505,99915.17377486505,0.0
635,307.48300174003157,117.22164312776307,383,634,-0.12798503043556247,1.230400641299219,-0.287888130379715,0.9453268422907912,False,0.0,0.0,0.0,0.0,0.0,0.0,0.0,0.0,0.0,-0.0,0.0,0.0,0.0,99915.17377486505,99915.17377486505,0.0
636,314.6247779333982,118.91747580429069,384,635,-0.11567545111422374,1.2277736176395948,-0.09338454049680497,0.9456643348209945,False,0.0,0.0,0.0,0.0,0.0,0.0,0.0,0.0,0.0,-0.0,0.0,0.0,0.0,99915.17377486505,99915.17377486505,0.0
637,313.57144497279694,118.67817239974622,385,636,-0.10532985714086175,1.2255715966950633,-0.1343759592292003,0.946372732366846,False,0.0,0.0,0.0,0.0,-0.0,-0.0,-0.0,0.0,0.0,-0.0,0.0,0.0,0.0,99915.17377486505,99915.17377486505,0.0
638,311.93688164136057,118.47343274440517,386,637,-0.09243483125832463,1.2228267619603328,-0.25544566918461964,0.9464759835079164,False,0.0,0.0,0.0,0.0,-0.0,-0.0,-0.0,0.0,0.0,-0.0,0.0,0.0,0.0,99915.17377486505,99915.17377486505,0.0
639,311.3299289607465,116.78113107775576,387,638,-0.07683003671937687,1.2194999905420592,0.3114903979339975,0.9464742405703518,False,0.0,0.0,0.0,0.0,-0.0,-0.0,-0.0,0.0,0.0,-0.0,0.0,0.0,0.0,99915.17377486505,99915.17377486505,0.0
640,308.3822672318862,117.23669180880599,388,639,-0.07335822303504963,1.218781511792366,-0.22676997621772615,0.945219909468188,False,0.0,0.0,0.0,0.0,-0.0,0.0,0.0,0.0,0.0,-0.0,0.0,0.0,0.0,99915.17377486505,99915.17377486505,0.0
641,308.73694459622516,116.84042107249371,389,640,-0.06143740785848296,1.216241387071364,-0.044299243082938464,0.9433370952292333,False,0.0,0.0,0.0,0.0,0.0,-0.0,0.0,0.0,0.0,-0.0,0.0,0.0,0.0,99915.17377486505,99915.17377486505,0.0
642,307.55759404175694,116.70204256608669,390,641,-0.05424155776382577,1.214715114593014,-0.1489653897604749,0.9431544501082927,False,0.0,0.0,0.0,0.0,-0.0,-0.0,-0.0,0.0,0.0,-0.0,0.0,0.0,0.0,99915.17377486505,99915.17377486505,0.0
643,307.87027972589584,116.92190108611794,391,642,-0.05066994257691179,1.2139568034782984,-0.21817123464433527,0.9428650314307837,False,0.0,0.0,0.0,0.0,0.0,0.0,0.0,0.0,0.0,-0.0,0.0,0.0,0.0,99915.17377486505,99915.17377486505,0.0
644,305.70814261547355,116.00235560198999,392,643,-0.0462813631988593,1.213022958500289,-0.13547606610807017,0.9417647125674868,False,0.0,0.0,0.0,0.0,-0.0,-0.0,-0.0,0.0,0.0,-0.0,0.0,0.0,0.0,99915.17377486505,99915.17377486505,0.0
645,307.78610518594814,116.83431198339203,393,644,-0.04577872004622728,1.2129196047336728,-0.22522029073700453,0.9375912810681316,False,0.0,0.0,0.0,0.0,0.0,0.0,0.0,0.0,0.0,-0.0,0.0,0.0,0.0,99915.17377486505,99915.17377486505,0.0
646,307.69216173228114,117.26660511986341,394,645,-0.03841358854453541,1.2113523482806186,-0.4165640463870119,0.9344045843744956,False,0.0,0.0,0.0,0.0,-0.0,0.0,0.0,0.0,0.0,-0.0,0.0,0.0,0.0,99915.17377486505,99915.17377486505,0.0
647,314.90733405969974,118.07905184496421,395,646,-0.034425957877936425,1.2104976970512997,0.15420291007902873,0.9360390100675797,False,0.0,0.0,0.0,0.0,0.0,0.0,0.0,0.0,0.0,-0.0,0.0,0.0,0.0,99915.17377486505,99915.17377486505,0.0
648,311.3402249322405,117.48484055763132,396,647,-0.04166283559020115,1.2120543658201872,-0.06620236334805317,0.9396033745511798,False,0.0,0.0,0.0,0.0,-0.0,-0.0,-0.0,0.0,0.0,-0.0,0.0,0.0,0.0,99915.17377486505,99915.17377486505,0.0
649,306.1883620040163,116.9786165427135,397,648,-0.04862277131251924,1.2135438206568872,-0.5338444102015203,0.9397885542758675,False,0.0,0.0,0.0,0.0,-0.0,-0.0,-0.0,0.0,0.0,-0.0,0.0,0.0,0.0,99915.17377486505,99915.17377486505,0.0
650,309.2359528283063,117.81457941603834,398,649,-0.052018819310193753,1.2142588358618491,-0.49704849118515454,0.939622095206615,False,0.0,0.0,0.0,0.0,0.0,0.0,0.0,0.0,0.0,-0.0,0.0,0.0,0.0,99915.17377486505,99915.17377486505,0.0
651,307.58270045860485,117.34139540222286,399,650,-0.05997873850558249,1.2159464884863178,-0.5279367148545182,0.9395115545058446,False,0.0,0.0,0.0,0.0,-0.0,-0.0,-0.0,0.0,0.0,-0.0,0.0,0.0,0.0,99915.17377486505,99915.17377486505,0.0
652,305.8373956794515,118.28801614690991,400,651,-0.0731290847270437,1.2187391955719478,-1.1643672751393233,0.9364930882524761,False,0.0,0.0,0.0,0.0,-0.0,0.0,0.0,0.0,0.0,-0.0,0.0,0.0,0.0,99915.17377486505,99915.17377486505,0.0
653,304.74921285099725,117.22448894288111,401,652,-0.08162841145973602,1.2205210113583411,-0.8724122952320176,0.9367424273158698,False,0.0,0.0,0.0,0.0,-0.0,-0.0,-0.0,0.0,0.0,-0.0,0.0,0.0,0.0,99915.17377486505,99915.17377486505,0.0
654,300.59915527532826,116.86641975131543,402,653,-0.07931279966054547,1.2200106849458272,-1.3250345892740887,0.9414108203561782,False,0.0,0.0,0.0,0.0,-0.0,-0.0,-0.0,0.0,0.0,-0.0,0.0,0.0,0.0,99915.17377486505,99915.17377486505,0.0
655,302.73539846789555,117.50098436136669,403,654,-0.07565415497545706,1.219202356809703,-1.3305910727047314,0.942543784217631,False,0.0,0.0,0.0,0.0,0.0,0.0,0.0,0.0,0.0,-0.0,0.0,0.0,0.0,99915.17377486505,99915.17377486505,0.0
656,306.46674501008835,118.68119138296116,404,655,-0.07839983075948788,1.2197579335080515,-1.339874460275406,0.9420707880358,False,0.0,0.0,0.0,0.0,0.0,0.0,0.0,0.0,0.0,-0.0,0.0,0.0,0.0,99915.17377486505,99915.17377486505,0.0
657,308.47927247958586,119.16412974140034,405,656,-0.07723847676378508,1.2194809091067373,-1.2906675048709262,0.9432286480262989,False,0.0,0.0,0.0,0.0,0.0,0.0,0.0,0.0,0.0,-0.0,0.0,0.0,0.0,99915.17377486505,99915.17377486505,0.0
658,304.5700329352626,119.02829986420468,406,657,-0.07363472593651516,1.2186854869162485,-1.7941305573577933,0.9433412614144014,False,0.0,0.0,147.9847922691046,-461.47233059151984,-0.0,-0.0,-0.0,100000.0,50.0,-0.0,0.0,0.0,-50.0,109721.70766422669,99865.17377486505,-0.0005004244912055404
659,304.38711326428,119.75393350296225,407,658,-0.06419837336148108,1.2166336244027076,-2.1247347328053623,0.9457407605535013,False,147.9847922691046,-461.47233059151984,148.21078969169184,-458.32770553435665,-27.069329512290814,-334.8598464330615,-361.9291759453523,445.37192305377084,0.22268596152688544,6.539079398176288,0.0,0.0,-368.6909413050555,109269.5739758132,99496.48283355999,-0.003691887044989604
660,311.23717051539205,121.00520032530922,408,659,-0.04229719470253365,1.211920075701479,-1.6639617725433393,0.9491963678781549,False,148.21078969169184,-458.32770553435665,145.25768257318205,-452.7938446695004,1015.2523946206165,-573.4902516975491,441.7621429230675,1588.7426463181696,0.7943713231590848,6.534112567991263,0.0,0.0,434.4336590319171,109511.73625319157,99930.91649259187,0.004366321769972673
661,312.0528107273956,119.91348435791357,409,660,-0.038156843930049915,1.2109949914622897,-1.0657311740689386,0.9457466069892865,False,145.25768257318205,-452.7938446695004,144.93862685368876,-456.758423797087,118.4780070091316,494.3222701641563,612.8002771732879,574.9687312481001,0.28748436562405005,6.5226678428928375,0.0,0.0,605.990124964771,110079.89483223116,100536.90661755664,0.006064090536082394
662,312.0591060386878,119.33960697144113,410,661,-0.0433795797658775,1.2120820854988865,-0.8274595608652251,0.94094874083017,False,144.93862685368876,-456.758423797087,144.86447649747504,-459.1411213592147,0.9124337743088516,262.12333049794637,263.0357642722552,307.48948446863506,0.15374474223431753,6.520415965159197,0.0,0.0,256.3616035648617,110380.7101559924,100793.26822112153,0.0025499253178744635
663,312.42033417201003,119.8823770119106,411,662,-0.05236947381431882,1.2139780350666098,-0.9969110725344271,0.9371252921610322,False,144.86447649747504,-459.1411213592147,144.5730687207194,-457.3852715028509,52.329124429886804,-249.20804502134226,-196.87892059145545,301.5371694512356,0.15076858472561783,6.52306201993279,0.0,0.0,-203.55275119611386,110254.58258592515,100589.7154699254,-0.002019507401521794
664,317.61790941493285,119.65385943986811,412,663,-0.05317821179999216,1.2141291641158256,-0.2151790211434453,0.9363948668395692,False,144.5730687207194,-457.3852715028509,0.0,0.0,751.4294027761912,104.52057173182735,855.9499745080185,100646.90883104435,50.32345441552218,6.527670661666651,0.0,0.0,799.0988494308297,101388.81431935623,101388.81431935623,0.007944140667837385
665,310.44627195690646,119.02114791204073,413,664,-0.05455494928126286,1.2144287676077399,-0.8791517308786035,0.933882929430641,False,0.0,0.0,0.0,0.0,-0.0,-0.0,-0.0,0.0,0.0,-0.0,0.0,0.0,0.0,101388.81431935623,101388.81431935623,0.0
666,308.43163339728693,119.03495944612051,414,665,-0.038622713570213955,1.2110300222487658,-1.1227577299960196,0.9275896489282915,False,0.0,0.0,0.0,0.0,-0.0,0.0,0.0,0.0,0.0,-0.0,0.0,0.0,0.0,101388.81431935623,101388.81431935623,0.0
667,313.66448836112306,120.22344186289206,415,666,-0.010782404323763853,1.2050946783757237,-0.8881663531928577,0.9231244914049783,False,0.0,0.0,0.0,0.0,0.0,0.0,0.0,0.0,0.0,-0.0,0.0,0.0,0.0,101388.81431935623,101388.81431935623,0.0
668,317.7572456875253,121.29077492582819,416,667,0.00455915099931666,1.201819797866142,-0.7743784376417873,0.9159144637500053,False,0.0,0.0,0.0,0.0,0.0,0.0,0.0,0.0,0.0,-0.0,0.0,0.0,0.0,101388.81431935623,101388.81431935623,0.0
669,319.45418685152345,122.01656404216631,417,668,0.01663286527889959,1.1992430046494078,-0.8409547633577276,0.9101399798267867,False,0.0,0.0,0.0,0.0,0.0,0.0,0.0,0.0,0.0,-0.0,0.0,0.0,0.0,101388.81431935623,101388.81431935623,0.0
670,322.5017689168522,122.26802048729539,418,669,0.029090191536026728,1.1965829512124198,-0.5363065924202753,0.914352849425486,False,0.0,0.0,0.0,0.0,0.0,0.0,0.0,0.0,0.0,-0.0,0.0,0.0,0.0,101388.81431935623,101388.81431935623,0.0
671,318.65361301398474,121.0300693659736,419,670,0.03962386986838192,1.1943428855585043,-0.5080182751019753,0.91359479123996,False,0.0,0.0,0.0,0.0,-0.0,-0.0,-0.0,0.0,0.0,-0.0,0.0,0.0,0.0,101388.81431935623,101388.81431935623,0.0
672,320.3177183433743,121.45425839223662,420,671,0.048389969426901824,1.1924794681552557,-0.45007854166466527,0.9142372911901213,False,0.0,0.0,0.0,0.0,0.0,0.0,0.0,0.0,0.0,-0.0,0.0,0.0,0.0,101388.81431935623,101388.81431935623,0.0
673,318.8139273673305,120.74762421321502,421,672,0.05458273748929357,1.1911635373644693,-0.34125484446364207,0.9086350737434337,False,0.0,0.0,0.0,0.0,-0.0,-0.0,-0.0,0.0,0.0,-0.0,0.0,0.0,0.0,101388.81431935623,101388.81431935623,0.0
674,321.17794620586335,121.32597076279347,422,673,0.06426394553699344,1.1891119700107708,-0.2563189542489454,0.898104127670311,False,0.0,0.0,0.0,0.0,0.0,0.0,0.0,0.0,0.0,-0.0,0.0,0.0,0.0,101388.81431935623,101388.81431935623,0.0
675,321.8982463231265,120.8826647127439,423,674,0.0642705560551167,1.189113520040799,0.021991527999459266,0.9116261226827503,False,0.0,0.0,0.0,0.0,0.0,-0.0,0.0,0.0,0.0,-0.0,0.0,0.0,0.0,101388.81431935623,101388.81431935623,0.0
676,317.5384783980341,120.49158018881661,424,675,0.05385334750059536,1.1913326468495324,-0.36583622721723097,0.9177941508500557,False,0.0,0.0,0.0,0.0,-0.0,-0.0,-0.0,0.0,0.0,-0.0,0.0,0.0,0.0,101388.81431935623,101388.81431935623,0.0
677,323.0935222865998,120.47293831453526,425,676,0.05759318392173385,1.1905389280547993,0.3702673404449792,0.9157852852945157,False,0.0,0.0,0.0,0.0,0.0,-0.0,0.0,0.0,0.0,-0.0,0.0,0.0,0.0,101388.81431935623,101388.81431935623,0.0
678,316.785851205822,119.84471230733398,426,677,0.046743401408114095,1.1928602306482428,-0.17075898914658336,0.9145267739097926,False,0.0,0.0,0.0,0.0,-0.0,-0.0,-0.0,0.0,0.0,-0.0,0.0,0.0,0.0,101388.81431935623,101388.81431935623,0.0
679,319.96298788881614,121.45841357041672,427,678,0.05240724574149992,1.191666020433368,-0.398513634033938,0.9133800521588871,False,0.0,0.0,0.0,0.0,0.0,0.0,0.0,0.0,0.0,-0.0,0.0,0.0,0.0,101388.81431935623,101388.81431935623,0.0
680,318.0952539648545,121.17688998603829,428,679,0.06747455862455339,1.1884751346338667,-0.5042250006383846,0.9143181806840553,False,0.0,0.0,0.0,0.0,-0.0,-0.0,-0.0,0.0,0.0,-0.0,0.0,0.0,0.0,101388.81431935623,101388.81431935623,0.0
681,320.99646052942364,121.63988241169662,429,680,0.07939397607159057,1.1859457212315245,-0.28331077939707966,0.9119249155990738,False,0.0,0.0,0.0,0.0,0.0,0.0,0.0,0.0,0.0,-0.0,0.0,0.0,0.0,101388.81431935623,101388.81431935623,0.0
682,320.67258463530595,121.30856434436112,430,681,0.08752211831804237,1.1842250840415438,-0.16116974011252266,0.9145019289752077,False,0.0,0.0,0.0,0.0,-0.0,-0.0,-0.0,0.0,0.0,-0.0,0.0,0.0,0.0,101388.81431935623,101388.81431935623,0.0
683,325.72773748245123,122.22351401121465,431,682,0.0935556081941837,1.1829512765274546,0.16818261038280322,0.9138322631516247,False,0.0,0.0,0.0,0.0,0.0,0.0,0.0,0.0,0.0,-0.0,0.0,0.0,0.0,101388.81431935623,101388.81431935623,0.0
684,330.5608436583687,122.75359934642546,432,683,0.0988444553384063,1.1818485901593416,0.7015977510201975,0.913605546730287,False,0.0,0.0,0.0,0.0,0.0,0.0,0.0,0.0,0.0,-0.0,0.0,0.0,0.0,101388.81431935623,101388.81431935623,0.0
685,332.5890279129138,123.24289078825227,433,684,0.09638925697356743,1.1824000967959176,0.919757959832304,0.9177290599553155,False,0.0,0.0,0.0,0.0,0.0,0.0,0.0,0.0,0.0,-0.0,0.0,0.0,0.0,101388.81431935623,101388.81431935623,0.0
686,333.00235959240376,124.20414037963714,434,685,0.084656352896158,1.1849116854050903,0.5972707779552863,0.9187019030698371,False,0.0,0.0,0.0,0.0,0.0,0.0,0.0,0.0,0.0,-0.0,0.0,0.0,0.0,101388.81431935623,101388.81431935623,0.0
687,336.46161667289306,124.66004528399269,435,686,0.07350900262788193,1.1872832443528067,1.131289114534945,0.9163681607472367,False,0.0,0.0,0.0,0.0,0.0,0.0,0.0,0.0,0.0,-0.0,0.0,0.0,0.0,101388.81431935623,101388.81431935623,0.0
688,336.8199495529234,123.99007234639717,436,687,0.058309575196574696,1.1905207073796875,1.7825710806750186,0.9180235551380715,False,0.0,0.0,-135.53605184718623,438.33149562483953,0.0,-0.0,0.0,100000.0,50.0,-0.0,0.0,0.0,-50.0,92641.30661089957,101338.81431935623,-0.0004931510476343982
689,337.51087169658854,124.36691188460938,437,688,0.04530082289247832,1.1933085825990757,1.679278810598138,0.9206236045346353,False,-135.53605184718623,438.33149562483953,-135.0866697597319,437.46989862772847,-93.64485948616853,165.1806383951316,71.53577890896308,258.82549788129745,0.12941274894064872,5.434672160210914,0.0,0.0,65.97169399981152,92591.22534374864,101404.78601335603,0.0006510012421489568
690,329.2167576145235,123.30185128925122,438,689,0.03139649929976843,1.196281224119419,0.5981182881084792,0.9212250113806705,False,-135.0866697597319,437.46989862772847,-138.3025277743983,441.74916813246807,1120.4242499534635,-465.9319506837232,654.4922992697402,1586.3562006371794,0.7931781003185897,5.427764245856702,0.0,0.0,648.2713569235649,93116.07689783958,102053.0573702796,0.006392906907157025
691,325.53416956448723,121.72894426176272,439,690,0.03453050000866255,1.1956305834580274,1.0106597289910142,0.9171106372970218,False,-138.3025277743983,441.74916813246807,-139.9085152043496,447.34634000318795,509.31123607180695,-694.8303709427569,-185.51913487094993,1204.1416070145715,0.6020708035072858,5.420417829021426,0.0,0.0,-191.54162350347863,92951.5203708729,101861.51574677613,-0.0018768827552955432
692,322.782405629054,122.41072187829351,440,691,0.0326132540170536,1.1960516698802495,-0.22294125028389356,0.9169837676370574,False,-139.9085152043496,447.34634000318795,0.0,0.0,384.9952063993432,304.990721451148,689.9859278504912,99919.9955150518,49.959997757525905,5.422024084767665,0.0,0.0,634.6039060081976,102496.11965278433,102496.11965278433,0.006230065411414041
693,319.7238710282664,121.1226957833189,441,692,0.0341877636351393,1.1957100876021665,0.03955415304851269,0.9152707419507443,False,0.0,0.0,0.0,0.0,-0.0,-0.0,-0.0,0.0,0.0,-0.0,0.0,0.0,0.0,102496.11965278433,102496.11965278433,0.0
694,320.5549016996094,120.08123521117503,442,693,0.03408364183023705,1.1957282852853472,1.07670757543549,0.9158374818059881,False,0.0,0.0,0.0,0.0,0.0,-0.0,0.0,0.0,0.0,-0.0,0.0,0.0,0.0,102496.11965278433,102496.11965278433,0.0
695,318.3566894060964,120.16198939629025,443,694,0.029637317460342223,1.1966819979923233,0.43090229738894,0.9150060864647626,False,0.0,0.0,0.0,0.0,-0.0,0.0,0.0,0.0,0.0,-0.0,0.0,0.0,0.0,102496.11965278433,102496.11965278433,0.0
696,316.17226350950193,120.33095166021278,444,695,0.030224986337252922,1.1965625732977414,-0.2635831273749806,0.9122603240865902,False,0.0,0.0,0.0,0.0,-0.0,0.0,0.0,0.0,0.0,-0.0,0.0,0.0,0.0,102496.11965278433,102496.11965278433,0.0
697,316.6304511288674,121.04422936254414,445,696,0.035461919239259954,1.1954497296060551,-0.7020766173811518,0.9118546829119087,False,0.0,0.0,0.0,0.0,0.0,0.0,0.0,0.0,0.0,-0.0,0.0,0.0,0.0,102496.11965278433,102496.11965278433,0.0
698,319.07960698603796,121.52571462768232,446,697,0.04405966921978607,1.193619778229248,-0.442549532922032,0.9127538896313138,False,0.0,0.0,0.0,0.0,0.0,0.0,0.0,0.0,0.0,-0.0,0.0,0.0,0.0,102496.11965278433,102496.11965278433,0.0
699,318.49210681362445,122.82738968242111,447,698,0.051043298497619745,1.1921346355424423,-1.5913056448111438,0.9123381361754443,False,0.0,0.0,143.23003642689798,-442.754373271422,-0.0,0.0,0.0,100000.0,50.0,-0.0,0.0,0.0,-50.0,111210.84753159451,102446.11965278434,-0.0004878233455994759
700,314.3987078331674,121.84728127499174,448,699,0.06627484551209209,1.1888872170750082,-1.7990923336593168,0.9123574391435775,False,143.23003642689798,-442.754373271422,145.31012037511857,-445.7603431987974,-586.2976850806887,433.9472836694422,-152.35040141124648,1020.2449687501388,0.5101224843750695,6.474090945167273,0.0,0.0,-159.33461484078882,110916.15687590497,102286.78503794354,-0.0015553016100641672
701,317.3652301955178,123.10646352855517,449,700,0.07663315187646286,1.1866634189592142,-1.9334382949275533,0.9137941166945036,False,145.31012037511857,-445.7603431987974,144.098253016559,-440.8235214070623,431.0657215686203,-561.2935134982669,-130.22779192964657,992.3592350669063,0.4961796175334532,6.466034037973894,0.0,0.0,-137.1900055851539,110686.04455361393,102149.59503235837,-0.0013412290310452317
702,315.539949225166,121.86147534924223,450,701,0.08637665250729591,1.184560141976264,-1.3635556436205825,0.9124137937542754,False,144.098253016559,-440.8235214070623,145.07134687121916,-444.96584682589963,-263.01979909206375,548.8200733148976,285.8002742228339,811.8398724069757,0.4059199362034879,6.460502947693782,0.0,0.0,278.9338513389366,110876.91803215543,102428.52888369729,0.0027306407945187046
703,313.1226614433717,121.7088103683664,451,702,0.09337883620252048,1.1830480607075873,-1.7750954824747647,0.9141818296645876,False,145.07134687121916,-444.96584682589963,146.29254771941555,-445.2634771857932,-350.6791942802409,67.9307024960719,-282.748491784169,418.60989677631034,0.20930494838815517,6.455261258836793,0.0,0.0,-289.41305799139394,110524.0920432362,102139.11582570591,-0.002825512200023794
704,311.3884586023091,121.9012914560886,452,703,0.10645356895193277,1.180250795414098,-2.232693170502424,0.9163503133696494,False,146.29254771941555,-445.2634771857932,147.29602763340688,-444.07828949449976,-253.70095188130432,-85.70479841169049,-339.4057502929948,456.947973842667,0.2284739869213335,6.451486679614898,0.0,0.0,-346.08571095953107,110060.464108727,101793.03011474638,-0.003388375826065618
705,315.0282623967801,122.76141781900941,453,704,0.1253173499409987,1.1762257381979437,-1.8670436856890285,0.9254139291468162,False,147.29602763340688,-444.07828949449976,145.8634696313168,-440.2758258671022,536.1286402905869,-381.9634439949982,154.16519629558866,918.092084285579,0.4590460421427895,6.4444901186893215,0.0,0.0,147.26166013475654,110038.06100464266,101940.29177488115,0.0014466772427224935
706,313.13673909192005,122.6471004517421,454,705,0.141438236124359,1.1727806322566092,-2.1114271140488663,0.9249028790977143,False,145.8634696313168,-440.2758258671022,146.9772420935177,-440.0921464209429,-275.9041521353852,50.33117328456526,-225.5729788508199,371.29082838798337,0.1856454141939917,6.434391025581043,0.0,0.0,-232.19301529059496,109660.1501398149,101708.09875959056,-0.002277735439519297
707,314.2825713669692,122.81734823631363,455,706,0.1628742145530612,1.168216002670055,-1.8597102909058427,0.9283433815787401,False,146.9772420935177,-440.0921464209429,146.749677939078,-438.69318662020606,168.4112676884643,-74.92471293549464,93.48655475296967,243.3359806239635,0.12166799031198175,6.425717344060974,0.0,0.0,86.93916941859672,109553.30566907307,101795.03792900912,0.0008547910193863847
708,317.8802098296175,123.47102032502585,456,707,0.18319439214221503,1.1638895203847792,-1.4390313125797378,0.9266736406966972,False,146.749677939078,-438.69318662020606,145.37891568687544,-435.6238381691896,527.9522857348805,-286.7614916018467,241.19079413303382,814.7137773367092,0.4073568886683546,6.4141826035752345,0.0,0.0,234.36925464079025,109603.24673695746,102029.40718364992,0.002302364235123574
709,320.6046245770682,124.38443128000316,457,708,0.20291906121472547,1.159698957861144,-1.38071376794705,0.924782442734703,False,145.37891568687544,-435.6238381691896,144.4232117193699,-431.70395100025434,396.0724618657125,-397.903586033,-1.8311241672874985,793.9760478987213,0.39698802394936067,6.403204735315925,0.0,0.0,-8.631316926552785,109415.27671971734,102020.77586672336,-8.459636456602205e-05
710,323.34330274515844,124.16916385873634,458,709,0.2239485810876612,1.1552331576117658,-0.6604387614315035,0.9258066738428948,False,144.4232117193699,-431.70395100025434,143.49668557480481,-431.67970281445827,395.5286969013137,92.93179628252064,488.46049318383433,302.59690061880275,0.15129845030940137,6.392529812678212,0.0,0.0,481.9166649208467,109705.30803816237,102502.69253164422,0.004723711036567924
711,328.6872144618695,124.44624588063797,459,710,0.2386358076949939,1.15212268623286,0.23456127860286374,0.9203414408804034,False,143.49668557480481,-431.67970281445827,0.0,0.0,766.8336193523986,-119.61068486972673,647.2229344826719,100886.44430422212,50.44322215211106,6.381108065864176,0.0,0.0,590.3986042646967,103093.09113590892,103093.09113590892,0.005759835080258361
712,330.2634838167239,124.90702895419888,460,711,0.24929202380266194,1.1498892218199512,0.2733024503793248,0.9144617629789273,False,0.0,0.0,0.0,0.0,0.0,0.0,0.0,0.0,0.0,-0.0,0.0,0.0,0.0,103093.09113590892,103093.09113590892,0.0
713,330.2819034314932,124.40831679107178,461,712,0.2599901586354673,1.1476523900425257,0.5565730066462655,0.9073207918616704,False,0.0,0.0,0.0,0.0,0.0,-0.0,0.0,0.0,0.0,-0.0,0.0,0.0,0.0,103093.09113590892,103093.09113590892,0.0
714,329.42468871826713,124.05961419098423,462,713,0.26839321215199236,1.1459067755425938,0.5838854819105065,0.9076302439912219,False,0.0,0.0,0.0,0.0,-0.0,-0.0,-0.0,0.0,0.0,-0.0,0.0,0.0,0.0,103093.09113590892,103093.09113590892,0.0
715,331.30795565046947,124.1698594356226,463,714,0.2788948838639943,1.1437253246035048,0.8605156983139103,0.9088779042622899,False,0.0,0.0,0.0,0.0,0.0,0.0,0.0,0.0,0.0,-0.0,0.0,0.0,0.0,103093.09113590892,103093.09113590892,0.0
716,334.82786542068834,123.70348936831516,464,715,0.2815960633692426,1.1431833158884797,1.7732615784982293,0.9054608786164297,False,0.0,0.0,-139.35388670626298,431.1958850024801,0.0,-0.0,0.0,100000.00000000001,50.00000000000001,-0.0,0.0,0.0,-50.00000000000001,96362.21998377786,103043.09113590894,-0.00048499855275529395
717,337.3205200480658,125.25038173190147,465,716,0.276847480907563,1.1442303771126214,1.2738149491635957,0.9056375358610697,False,-139.35388670626298,431.1958850024801,-138.25657514796,426.05235555488883,-347.361110541403,667.0136217201768,319.65251117877386,1014.3747322615973,0.5071873661307986,5.554710050468389,0.0,0.0,313.5906137621747,96630.24140761982,103356.6817496711,0.0030432958707396797
718,333.95516796548674,124.54359879650377,466,717,0.2702592825049523,1.1456480515921914,1.0097561386815943,0.9022775056007943,False,-138.25657514796,426.05235555488883,-139.55755264535475,428.7176103904843,465.2820531044382,-301.1265344921879,164.15551861225032,766.4085875966236,0.38320429379831183,5.551997598687423,0.0,0.0,158.22031671976458,96726.83393545427,103514.90206639086,0.0015308184632220165
719,330.5460463871991,124.24756334733112,467,718,0.2711444737351194,1.1454963140594474,0.51047729460129,0.9022166314768153,False,-139.55755264535475,428.7176103904843,-141.00686603993526,429.7125551492503,475.76866413629006,-126.91561036017181,348.85305377611826,602.6842744964729,0.30134213724823644,5.548329277920441,0.0,0.0,343.00338236094956,97076.42961465183,103857.90544875182,0.0033135652501604567
720,333.747841732946,124.1467574080277,468,719,0.2722979620612512,1.1452690653452224,1.164318020080917,0.9050094919314794,False,-141.00686603993526,429.7125551492503,-139.66891641279736,430.02170741027805,-451.4751274050156,-43.31757775229598,-494.79270515731156,484.9180511566299,0.24245902557831495,5.548721676541668,0.0,0.0,-500.5838858594316,96585.72038279306,103357.32156289238,-0.0048198919831523735
721,333.4610549947708,123.83017963832309,469,720,0.26723206156477053,1.1463619754590448,1.2617495979416506,0.9034559424122939,False,-139.66891641279736,430.02170741027805,-139.7178565224634,431.31275686110763,40.05519296248812,-136.1353130565134,-96.08012009402529,176.19050601898033,0.08809525300949017,5.549309453565518,0.0,0.0,-101.71752480060029,96436.5317132691,103255.60403809177,-0.0009841346821155299
722,332.21844109609293,123.40660765793433,470,721,0.26095404539546163,1.1477105348694858,1.2303947782931441,0.9100831876068982,False,-139.7178565224634,431.31275686110763,-140.1523927213502,433.03022089668343,173.61535040829204,-182.69199859059407,-9.076648182302023,356.30734899891115,0.17815367449945557,5.546483790189126,0.0,0.0,-14.801285646990603,96363.22160399349,103240.80275244477,-0.00014334607583663009
723,332.7134031769696,122.65752736512331,471,722,0.25150393007963845,1.1497212399157564,1.7285784533739859,0.9100580445148234,False,-140.1523927213502,433.03022089668343,-139.8130004670199,436.0298300081488,-69.37011994120648,-324.37440466530643,-393.7445246065129,480.84498862437556,0.2404224943121878,5.543001122115996,0.0,0.0,-399.5279482229411,95876.59319175268,102841.27480422182,-0.0038698647973607666
724,334.04275697353944,122.83000301456038,472,723,0.23880886595782883,1.1524227426191949,1.8018987596977207,0.915735008673679,False,-139.8130004670199,436.0298300081488,-139.0818210435664,435.8928904964683,-185.8609429806508,75.20452810458676,-110.65641487606405,261.0654710852539,0.13053273554262695,5.537816570686361,0.0,0.0,-116.32476418229304,95643.49993262625,102724.95004003952,-0.001131109706717881
725,337.97196938246464,123.10522285088517,473,724,0.22672373500679938,1.1550018666346564,2.291248336787158,0.9165471492932208,False,-139.0818210435664,435.8928904964683,-137.30035714937563,435.37005706272834,-546.4820171002946,119.96636997757943,-426.5156471227151,666.4483870778619,0.33322419353893096,5.530866065034923,0.0,0.0,-432.3797373812889,95099.91450803871,102292.57030265823,-0.004209101461843053
726,336.4835455128957,123.40562911438292,474,725,0.20813929589880628,1.158952356175595,1.7349977761219988,0.9207107698904655,False,-137.30035714937563,435.37005706272834,-137.6553547810149,434.99829424063137,204.3611288814683,130.78789208101585,335.14902096248414,165.32848668487546,0.08266424334243773,5.524246678891695,0.0,0.0,329.54211004025,95259.63608380135,102622.11241269848,0.0032215644700804022
727,338.1200580844888,123.74188731019125,475,726,0.18990660831256823,1.1628111587487726,1.7580350073838797,0.9224221596634417,False,-137.6553547810149,434.99829424063137,-136.74468762676162,434.4840655462198,-225.2747186462355,146.2717416010544,-79.0029770451811,371.5464602472934,0.18577323012364672,5.514138313756123,0.0,0.0,-84.70288858906086,95009.65297032126,102537.40952410942,-0.000825386328517831
728,337.8581623447499,123.15315005482798,476,727,0.17126896023271182,1.1667592505887687,1.9493483794822257,0.9237433324741663,False,-136.74468762676162,434.4840655462198,-136.6013291374401,437.2452181677925,35.812851121370244,-255.79695624875663,-219.98410512738639,388.47947888750423,0.1942397394437521,5.504300205131655,0.0,0.0,-225.6826450719618,94615.47495148917,102311.72687903745,-0.0022009786098497346
729,335.0697114674773,121.4836457552602,477,728,0.1561604508646008,1.1699808738344544,2.274560519949237,0.9298605328164957,False,-136.6013291374401,437.2452181677925,-137.53363525777732,443.8181302668777,380.90609606990125,-729.9827716965801,-349.0766756266789,1110.8888677664863,0.5554444338832432,5.494270718598316,0.0,0.0,-355.12639077916043,94123.31145405171,101956.6004882583,-0.003471023328528331
730,333.59891887236586,121.50847377470951,478,729,0.13802773331206733,1.1738387374526498,1.9019027440532772,0.9339489723784643,False,-137.53363525777732,443.8181302668777,-137.89484847475424,444.40050930828477,202.2834523158976,11.019125170225204,213.3025774861228,191.26432714566283,0.09563216357283141,5.486113747963894,0.0,0.0,207.72083157458607,94167.46605832633,102164.32131983287,0.002037345601754376
731,332.4987727324324,121.11867623739776,479,730,0.12124864433764782,1.177405949436594,1.8398118962311747,0.9348593541723725,False,-137.89484847475424,444.40050930828477,-138.124445680632,446.4529584261258,151.70448526620595,-173.226224108457,-21.52173884225104,324.9307093746693,0.16246535468733464,5.476377663005562,0.0,0.0,-27.160581859943935,93989.57808428827,102137.16073797294,-0.0002658519286288451
732,328.1269653089896,121.22629278264696,480,731,0.10670701257520451,1.1805049283804958,1.0476680695962417,0.9349418097235384,False,-138.124445680632,446.4529584261258,-139.76582920349773,446.5950526642807,603.8534769855112,48.045725002104646,651.8992019876158,555.8077519834022,0.27790387599170113,5.467405794423532,0.0,0.0,646.1538923172006,94505.18941116668,102783.31463029014,0.0063263349759141605
733,326.74889037876227,121.92503403989474,481,732,0.09408449875384152,1.1831805720447908,0.475116594957464,0.9286262944447189,False,-139.76582920349773,446.5950526642807,-140.18328106400568,444.4966441013985,192.60778532777675,312.05438857927584,504.6621739070526,392.2504676665403,0.19612523383327016,5.4596354036236034,0.0,0.0,499.0064132695957,94891.78411819576,103282.32104355973,0.0048549359890221674
734,322.5705325374403,121.2247872080317,482,733,0.08215195156393207,1.1856956657806659,0.1664415681415556,0.9259277887631544,False,-140.18328106400568,444.4966441013985,0.0,0.0,585.7359116560335,-311.2573668057578,274.47854485027574,99103.0067215382,49.551503360769104,5.452944230633097,0.0,0.0,219.4740972588735,103501.7951408186,103501.7951408186,0.0021249919157637145
735,323.84296259773436,121.34546064691996,483,734,0.07243513474604825,1.1877379234852752,0.2990224022940549,0.9240958131675517,False,0.0,0.0,0.0,0.0,0.0,0.0,0.0,0.0,0.0,-0.0,0.0,0.0,0.0,103501.7951408186,103501.7951408186,0.0
736,327.0033572927324,122.36571984071767,484,735,0.06536593928973802,1.189229549060641,0.286378050189897,0.9214719070276092,False,0.0,0.0,0.0,0.0,0.0,0.0,0.0,0.0,0.0,-0.0,0.0,0.0,0.0,103501.7951408186,103501.7951408186,0.0
737,330.21477402731614,122.39136609313802,485,736,0.057472982841655584,1.19089420023221,0.7468215492881115,0.919051294653563,False,0.0,0.0,0.0,0.0,0.0,0.0,0.0,0.0,0.0,-0.0,0.0,0.0,0.0,103501.7951408186,103501.7951408186,0.0
738,329.99399566055666,121.9454243418996,486,737,0.04457862898275795,1.1936200923069307,0.924929146293692,0.9189685546999566,False,0.0,0.0,0.0,0.0,-0.0,-0.0,-0.0,0.0,0.0,-0.0,0.0,0.0,0.0,103501.7951408186,103501.7951408186,0.0
739,334.1949030319079,122.71880420151481,487,738,0.032331014508407634,1.1962151961347434,1.1514578178650765,0.9194473366371376,False,0.0,0.0,0.0,0.0,0.0,0.0,0.0,0.0,0.0,-0.0,0.0,0.0,0.0,103501.7951408186,103501.7951408186,0.0
740,334.5794056178161,122.53827755990986,488,739,0.02062744130491577,1.198704168819268,1.2563261383369049,0.9182131095787194,False,0.0,0.0,0.0,0.0,0.0,-0.0,0.0,0.0,0.0,-0.0,0.0,0.0,0.0,103501.7951408186,103501.7951408186,0.0
741,334.8325473641918,121.82115927321426,489,740,0.004538247317099172,1.2021159372928423,1.5881756119711694,0.9181979910276827,False,0.0,0.0,-135.62262720933708,448.1087733604948,0.0,-0.0,0.0,100000.0,50.0,-0.0,0.0,0.0,-50.0,94273.53463827158,103451.7951408186,-0.00048308340866912375
742,338.1037989663353,122.49952330472333,490,741,-0.007128434814076564,1.2046082953953083,1.6692568434453041,0.9182315796790335,False,-135.62262720933708,448.1087733604948,-134.15859834078944,446.0463744096347,-443.6557365454595,303.9808740514059,-139.67486249405357,747.6366105968658,0.3738183052984329,5.406055922467439,0.0,0.0,-145.45473672181944,94025.40393013599,103306.34040409679,-0.0014060146227895351
743,338.9378248160644,122.31261462700576,491,742,-0.015129930563971987,1.206336435961977,1.799355335786221,0.9004721511195763,False,-134.15859834078944,446.0463744096347,-133.72365084334635,447.01846022528935,-111.89173897963836,-83.36993804162014,-195.2616770212585,266.3185164470942,0.13315925822354713,5.399944257502333,0.0,0.0,-200.79478053698438,93753.55231017317,103105.5456235598,-0.0019436830280847744
744,341.3466251094538,122.59315784267844,492,743,-0.029503288930901976,1.2094051928833391,1.9169839015859242,0.8902660371789486,False,-133.72365084334635,447.01846022528935,-132.59557050237686,446.50900970180186,-322.1135693845531,125.40799629665244,-196.70557308790066,447.5215656811939,0.22376078284059697,5.395714683726986,0.0,0.0,-202.32504855446825,93425.32156590329,102903.22057500534,-0.001962310051615926
745,335.14213187899946,121.75935730353781,493,744,-0.047244785999411995,1.213185421885208,1.4009875320636174,0.8955643653381883,False,-132.59557050237686,446.50900970180186,-134.81964249927765,450.20160099050406,822.6883195702255,-372.2994530205092,450.38886654971634,1194.987772590737,0.5974938862953685,5.38822029707726,0.0,0.0,444.4031523663437,93715.10854011662,103347.6237273717,0.004318651543490187
746,327.66872365064864,121.03335355884721,494,745,-0.0594254384492146,1.2157840136179403,0.7106280993955869,0.8977383464121156,False,-134.81964249927765,450.20160099050406,-137.73286640506652,453.33989224407276,1007.5622255974175,-326.8480481848098,680.7141774126078,1334.4102737822136,0.6672051368911068,5.379016953139579,0.0,0.0,674.6679553225771,94283.79676208115,104022.29168269425,0.006528141925181668
747,330.7058142409045,121.38437032448277,495,746,-0.0627233164480835,1.216500477959078,0.940516200614574,0.9000702024082616,False,-137.73286640506652,453.33989224407276,-136.4238621666915,452.1491146970633,-418.30719252779267,159.12990270908924,-259.17728981870346,577.4370952368848,0.2887185476184424,5.3727086356777916,0.0,0.0,-264.83871700199967,93989.78180514152,103757.45296569225,-0.002545980411678045
748,337.49075995554335,123.51911658953452,496,747,-0.06751360966768445,1.21753698472633,0.8851048229355344,0.9130655542530322,False,-136.4238621666915,452.1491146970633,-133.61869972515666,444.5054741440508,-925.6284989823768,965.2236338460092,39.59513486363244,1890.8521328283784,0.9454260664141892,5.370971954729122,0.0,0.0,33.278736842489124,93980.88473156407,103790.73170253474,0.0003207358690030136
749,342.5107634040782,124.2545866132321,497,748,-0.07479993775549311,1.2190980700090595,1.1946621616499093,0.9120917402048041,False,-133.61869972515666,444.5054741440508,-131.56769936408833,442.1297301683472,-670.7663334090291,326.9204516024323,-343.8458818065968,997.6867850114872,0.4988433925057436,5.368461489823175,0.0,0.0,-349.71318668892576,93567.72481287013,103441.01851584582,-0.0033694066989642807
750,348.5888873304139,124.80949141318699,498,749,-0.10346797711366053,1.2251480554228948,1.6758272914245653,0.9118897479842741,False,-131.56769936408833,442.1297301683472,-128.92215275948416,441.1456980868074,-799.6847814378084,245.3399094731732,-554.3448719646352,1045.0246909109612,0.5225123454554806,5.364684898632398,0.0,0.0,-560.232069208723,92762.44601197756,102880.7864466371,-0.005415956621916894
751,342.4432490617638,123.5505385470541,499,750,-0.14051725233176052,1.2329722036138107,1.387361642977364,0.9395265303669308,False,-128.92215275948416,441.1456980868074,-130.77600738081952,446.91540629875743,792.3089156754385,-555.3816409885794,236.92727468685905,1347.6905566640348,0.6738452783320175,5.350098783651218,0.0,0.0,230.90333062487582,92678.41151088804,103111.68977726197,0.002244377581081588
752,343.07570785854716,122.58905102583816,500,751,-0.17054458809392706,1.2393144182424238,1.805649608825416,0.9370352768444342,False,-130.77600738081952,446.91540629875743,-130.1652196370312,451.455286351776,-82.71043627620224,-429.70358619540843,-512.4140224716107,766.0860250221779,0.38304301251108896,5.33135248414441,0.0,0.0,-518.1284179682661,91906.6110903692,102593.5613592937,-0.005024924129238028
753,335.92177456975764,121.85460477457222,501,752,-0.2047651464827474,1.2465459205077076,1.191460496416203,0.9476218697199245,False,-130.1652196370312,451.455286351776,-132.5093561865729,455.35597136735396,931.1932978039565,-331.56964267525166,599.6236551287049,1262.7629404792146,0.6313814702396073,5.316252960183065,0.0,0.0,593.6760206982822,92212.7935345713,103187.23737999199,0.005786679133002994
754,335.3718786630388,122.94013764501712,502,753,-0.23381684905534295,1.2526745410866782,0.6583219023676177,0.9373517360681193,False,-132.5093561865729,455.35597136735396,-132.3655307785005,452.32032709406894,72.86635256894779,494.30387467262653,567.1702272415744,421.4375221036827,0.21071876105184134,5.299140247296388,0.0,0.0,561.6603682332262,92532.25120305721,103748.89774822522,0.005443118572550729
755,332.7490371286971,122.23273705916031,503,754,-0.25909277746533244,1.2579973512057403,0.6224543585413068,0.9296962283531058,False,-132.3655307785005,452.32032709406894,-133.09439438795965,455.79416579058045,347.1738118410305,-319.97166438128505,27.202147459745447,667.1454762223074,0.3335727381111537,5.284723419930475,0.0,0.0,21.583851301703817,92344.54475916823,103770.48159952693,0.00020803933121378278
756,328.4023720055287,121.23154406352837,504,755,-0.28922545328703464,1.2643338455401205,0.500904556606097,0.9300894357207474,False,-133.09439438795965,455.79416579058045,-134.47862396121312,460.58062972321915,578.5167621753651,-456.33792623943197,122.17883593593314,1034.8546884148157,0.5174273442074079,5.272265664264362,0.0,0.0,116.38914292746136,92213.06892825823,103886.8707424544,0.0011216016456070577
757,327.1545906143106,121.08304014082863,505,756,-0.30727660841430965,1.2681344223754507,0.39776784946327964,0.9293510671111579,False,-134.47862396121312,460.58062972321915,-134.76533388497367,461.7566778867791,167.7999244954179,-68.39803023341716,99.40189426200075,236.19795472881873,0.11809897736440937,5.257511796774038,0.0,0.0,94.0262834878623,92159.09229822116,103980.89702594226,0.0009050834125225218
758,332.85839291505164,122.48191610582796,506,757,-0.33157363722635025,1.2732400327585687,0.48483972037172524,0.9287269710293665,False,-134.76533388497367,461.7566778867791,-132.15852789446586,457.2913828898208,-768.6748214732443,645.9403183737547,-122.73450309948953,1414.6151398469756,0.7073075699234878,5.2487020995404094,0.0,0.0,-128.69051276895343,91832.35692311515,103852.2065131733,-0.001237636108648503
759,334.5300100128319,123.3981112014017,507,758,-0.3556194416593244,1.2782971302946788,0.2898044455402126,0.930647723996633,False,-132.15852789446586,457.2913828898208,0.0,0.0,-220.91845484585807,418.9681222517876,198.0496674059295,100639.88657709767,50.319943288548835,5.236913714877493,0.0,0.0,142.49281040250318,103994.6993235758,103994.6993235758,0.0013720730178653196
760,332.4016610544286,123.16739323945926,508,759,-0.3845681622858894,1.2843752058715707,0.10730165502238884,0.9325718111799691,False,0.0,0.0,0.0,0.0,-0.0,-0.0,-0.0,0.0,0.0,-0.0,0.0,0.0,0.0,103994.6993235758,103994.6993235758,0.0
761,334.11931247626535,123.34667561280435,509,760,-0.41248938835861065,1.2902301309957698,0.2131958352038482,0.9316031519249438,False,0.0,0.0,0.0,0.0,0.0,0.0,0.0,0.0,0.0,-0.0,0.0,0.0,0.0,103994.6993235758,103994.6993235758,0.0
762,333.32398742082864,123.97615472762847,510,761,-0.4411898492099112,1.296251538027646,-0.18874106112696976,0.9322428065034523,False,0.0,0.0,0.0,0.0,-0.0,0.0,0.0,0.0,0.0,-0.0,0.0,0.0,0.0,103994.6993235758,103994.6993235758,0.0
763,331.51708654456456,123.61200892038401,511,762,-0.4722889753706849,1.3027611013976859,-0.28579665020645684,0.9299825964403121,False,0.0,0.0,0.0,0.0,-0.0,-0.0,-0.0,0.0,0.0,-0.0,0.0,0.0,0.0,103994.6993235758,103994.6993235758,0.0
764,340.1584633159253,125.2937879521338,512,763,-0.49276081282590173,1.3070439809855083,0.02969070068000616,0.9296195366340188,False,0.0,0.0,0.0,0.0,0.0,0.0,0.0,0.0,0.0,-0.0,0.0,0.0,0.0,103994.6993235758,103994.6993235758,0.0
765,340.8674372512533,124.81055949888342,513,764,-0.5287262882748139,1.3145794368092425,0.31121781100923684,0.929826360028657,False,0.0,0.0,0.0,0.0,0.0,-0.0,0.0,0.0,0.0,-0.0,0.0,0.0,0.0,103994.6993235758,103994.6993235758,0.0
766,342.85967887798796,124.50135537927123,514,765,-0.5500137141629862,1.3190531894297906,0.7116356822551012,0.9313228690905846,False,0.0,0.0,0.0,0.0,0.0,-0.0,0.0,0.0,0.0,-0.0,0.0,0.0,0.0,103994.6993235758,103994.6993235758,0.0
767,335.773727715391,123.61075325782161,515,766,-0.5738036098649286,1.3240601575317774,0.11620203545964912,0.9350571265097425,False,0.0,0.0,0.0,0.0,-0.0,-0.0,-0.0,0.0,0.0,-0.0,0.0,0.0,0.0,103994.6993235758,103994.6993235758,0.0
768,336.7641232445052,123.72211700313952,516,767,-0.590636384174665,1.3275937117273886,0.16702462905268875,0.9309742254093168,False,0.0,0.0,0.0,0.0,0.0,0.0,0.0,0.0,0.0,-0.0,0.0,0.0,0.0,103994.6993235758,103994.6993235758,0.0
769,340.2249743713058,124.82847327864522,517,768,-0.6052706215686711,1.3306688149940014,0.029898196940317933,0.9328095910179514,False,0.0,0.0,0.0,0.0,0.0,0.0,0.0,0.0,0.0,-0.0,0.0,0.0,0.0,103994.6993235758,103994.6993235758,0.0
770,343.7928205832467,125.27207038518597,518,769,-0.6144685328901247,1.332606876631654,0.34019715533322537,0.9324993894473527,False,0.0,0.0,0.0,0.0,0.0,0.0,0.0,0.0,0.0,-0.0,0.0,0.0,0.0,103994.6993235758,103994.6993235758,0.0
771,343.4878551568192,125.92553822643482,519,770,-0.6283816126649018,1.3355372526280633,-0.2386470265440421,0.9340200468183866,False,0.0,0.0,0.0,0.0,-0.0,0.0,0.0,0.0,0.0,-0.0,0.0,0.0,0.0,103994.6993235758,103994.6993235758,0.0
772,344.93707370474976,126.39100585056136,520,771,-0.6402185522424316,1.3380224091960244,-0.33974977188941896,0.9301485664621377,False,0.0,0.0,0.0,0.0,0.0,0.0,0.0,0.0,0.0,-0.0,0.0,0.0,0.0,103994.6993235758,103994.6993235758,0.0
773,347.13740776678503,126.75369931975553,521,772,-0.6615989692354373,1.3424955560973415,-0.20935243859024721,0.9325631016542253,False,0.0,0.0,0.0,0.0,0.0,0.0,0.0,0.0,0.0,-0.0,0.0,0.0,0.0,103994.6993235758,103994.6993235758,0.0
774,346.3271795191703,127.4417275073759,522,773,-0.6842100596396254,1.3472297720915511,-1.019253955016947,0.9305331023849045,False,0.0,0.0,0.0,0.0,-0.0,0.0,0.0,0.0,0.0,-0.0,0.0,0.0,0.0,103994.6993235758,103994.6993235758,0.0
775,343.69483025178675,127.08316440739291,523,774,-0.6998250531396611,1.3504860976909692,-1.3868014000093485,0.9275023612325473,False,0.0,0.0,0.0,0.0,-0.0,-0.0,-0.0,0.0,0.0,-0.0,0.0,0.0,0.0,103994.6993235758,103994.6993235758,0.0
776,341.89826584175194,127.43081683909394,524,775,-0.7112842071542648,1.3528669514677014,-2.1486710562944387,0.9259597441133478,False,0.0,0.0,124.30990437102906,-451.21471159675855,-0.0,0.0,0.0,99999.99999999999,49.99999999999999,-0.0,0.0,0.0,-49.99999999999999,118942.01786075807,103944.69932357578,-0.00048079373588495446
777,342.0198414128188,128.2304191945007,525,776,-0.7184529092410542,1.3543365947048298,-2.6947471343228897,0.9258186713977498,False,124.30990437102906,-451.21471159675855,124.18814657527054,-448.60798369316336,15.113047613172352,-360.79234618695733,-345.679298573785,375.9053938001182,0.1879526969000591,6.845078484356087,0.0,0.0,-352.71232975504114,118642.36659976891,103591.98699382076,-0.0033932690368081993
778,345.1608960175524,128.19158635985428,526,777,-0.7260507643297567,1.35587842636978,-1.832744504006042,0.9219774225026123,False,124.18814657527054,-448.60798369316336,122.97746517619336,-448.9607279549324,390.0817496535844,17.42071965182396,407.50246930540834,463.0987229927693,0.23154936149638466,6.848236881306438,0.0,0.0,400.42268306260553,119098.38553651886,103992.40967688337,0.0038653827837716744
779,345.42937292729897,128.51677449322375,527,778,-0.7425853791471233,1.3592999427437529,-2.007342478940236,0.9112423381435805,False,122.97746517619336,-448.9607279549324,122.70367740258042,-448.3037011016089,33.01660981897402,-145.99670107986088,-112.98009126088687,179.0133108988453,0.08950665544942266,6.8515461821211625,0.0,0.0,-119.92114409845746,119101.579850691,103872.48853278489,-0.0011531720869925898
780,342.75581168683516,128.08333172599438,528,779,-0.7537258870732304,1.3615919265169454,-2.2344295439465096,0.9155097259023015,False,122.70367740258042,-448.3037011016089,123.5407738054997,-450.1419585275753,-328.05579596591434,194.3139967646478,-133.74179920126653,522.3697927305507,0.26118489636527537,6.858874483208697,0.0,0.0,-140.8618585808405,119042.99026995653,103731.62667420405,-0.0013561036283094713
781,343.6278369318221,127.6249821994385,529,780,-0.7576274739150649,1.3623709412748217,-1.614301089623953,0.9252897116170989,False,123.5407738054997,-450.1419585275753,123.18662867935036,-451.86799836627114,107.73067354361919,206.32235357404986,314.05302711766905,341.97992734772106,0.17098996367386055,6.863771642604314,0.0,0.0,307.0182655113909,119377.93543569797,104038.64493971545,0.002959736344207482
782,349.04527153749353,128.56502150691014,530,781,-0.7654300076909176,1.3639781263012078,-1.1802346717747576,0.9253027547381741,False,123.18662867935036,-451.86799836627114,121.19223290513874,-448.78788554699923,667.3555051635077,-424.77368025282397,242.58182491068374,1092.1291854163283,0.5460645927081641,6.865433958094197,0.0,0.0,235.17032635988136,119670.6635808567,104273.81526607531,0.0022604132002692753
783,349.1686502376728,129.12739321501365,531,782,-0.7764070219534648,1.366258978815207,-1.5601429806807923,0.9226488634979214,False,121.19223290513874,-448.78788554699923,121.03263293561871,-447.1491097711169,14.952540167659789,-252.3856097712296,-237.43306960356983,267.3381499388786,0.1336690749694393,6.868860018736986,0.0,0.0,-244.43559869727628,119507.77751369469,104029.37966737806,-0.00234417047149877
784,351.39517902536096,129.23655677512926,532,783,-0.7829434539208785,1.3676041704128998,-1.15078235320607,0.9299525155846146,False,121.03263293561871,-447.1491097711169,120.19740866758046,-446.9572039386556,269.4826414808483,-48.81238872513824,220.67025275571007,318.2950302059908,0.1591475151029954,6.873714157518847,0.0,0.0,213.63739108308823,119769.43718420331,104243.01705846113,0.0020536255408438882
785,348.3107541617431,128.79727950187615,533,784,-0.7982469369021706,1.3707812475921544,-1.4032205252190009,0.9292204099631627,False,120.19740866758046,-446.9572039386556,121.09930006918471,-448.9210617496063,-370.7398758367231,196.33814180700745,-174.40173402971567,567.0780176437245,0.2835390088218622,6.876572626532273,0.0,0.0,-181.5618456650698,119701.07814168217,104061.45521279608,-0.0017417171028658225
786,347.08302735260975,128.6669948030719,534,785,-0.8104129876454338,1.373298106956465,-1.4980634524120702,0.927139869391561,False,121.09930006918471,-448.9210617496063,121.39878224735622,-449.7232816327955,-148.6768572622215,58.48754531692982,-90.18931194529168,207.1644025791486,0.10358220128957431,6.883310888624171,0.0,0.0,-97.17620503520541,119693.36528909556,103964.27900776087,-0.0009338347694301928
787,334.18024614014575,127.31187396351366,535,786,-0.813530261964084,1.3739299824407258,-2.9696017674599178,0.9283412615494013,False,121.39878224735622,-449.7232816327955,126.05245832220689,-454.59827626055574,-1566.381926797195,609.4293909751203,-956.9525358220748,2175.8113177723226,1.0879056588861613,6.888636088174683,0.0,0.0,-964.9290775691356,118750.86683282061,102999.34993019173,-0.009281352083412246
788,336.16634864893336,127.56797922415285,536,787,-0.8061256342140581,1.372335947328885,-2.5318207399180204,0.9335657714638634,False,126.05245832220689,-454.59827626055574,125.3919260727607,-453.46374861373215,250.35310371258075,-116.42501002783534,133.92809368474542,366.77811374041084,0.18338905687020543,6.8899712442041,0.0,0.0,126.85473338367112,118821.11278770152,103126.20466357542,0.001231607126352417
789,336.94380953947314,128.67197639177087,537,788,-0.8020540424878171,1.3714404135606864,-2.922490725579315,0.9313518009810482,False,125.3919260727607,-453.46374861373215,125.14984080291809,-449.4493478558611,97.4873185110257,-500.62269408700956,-403.13537557598386,598.1100125980487,0.2990550062990244,6.886601674055124,0.0,0.0,-410.32103225633796,118378.95538453145,102715.8836313191,-0.003978824136841832
790,336.75950387925315,128.3676103466374,538,789,-0.7882336912606188,1.368498867719973,-2.5594376325751815,0.9408159261045796,False,125.14984080291809,-449.4493478558611,125.37384857553157,-450.10703867001524,-23.065824035608568,136.79712049470257,113.731296459094,159.86294453031155,0.07993147226515578,6.884706651976925,0.0,0.0,106.76665833485191,118380.98019819669,102822.65028965395,0.0010394366923626706
791,336.66672023389026,128.06405549894666,539,790,-0.7752366936402371,1.3657356529677678,-2.2391027752756645,0.9406439920982061,False,125.37384857553157,-450.10703867001524,125.55487986881498,-450.7888662457734,-11.632642704012245,136.63217356801007,124.99953086399783,148.26481627203287,0.07413240813601644,6.878472018365639,0.0,0.0,118.04692643749617,118400.39798650338,102940.69721609144,0.0011480634481309095
792,334.3427743981436,127.65022328445947,540,791,-0.7662013442852931,1.3638041568114594,-2.2526832079130017,0.9398615787511527,False,125.55487986881498,-450.7888662457734,126.53089093518415,-451.9797098128979,-291.78274022880424,186.5509547846565,-105.23178544414773,478.3336950134614,0.2391668475067307,6.872601236334043,0.0,0.0,-112.34355352798852,118218.97541788669,102828.35366256344,-0.001091342457999587
793,335.2082023797905,127.81614613523189,541,792,-0.7526551585660746,1.3609309487982721,-2.0839955457096795,0.9431664326864713,False,126.53089093518415,-451.9797098128979,126.3578063508741,-450.99018097041943,109.5033735580226,-74.99376194344624,34.50961161457636,184.4971355014801,0.09224856775074006,6.86848939019781,0.0,0.0,27.548873656627812,118143.55628915971,102855.90253622009,0.00026791125866947827
794,332.3148687179387,126.79940208762457,542,793,-0.7354179299804046,1.3572907657296758,-1.8768392767089297,0.9438065378829361,False,126.3578063508741,-450.99018097041943,127.65477714558746,-454.0906230130082,-365.59529455274037,458.54158203102116,92.9462874782808,824.1368765837617,0.41206843829188083,6.862360342436881,0.0,0.0,85.67185869755203,118098.4133782104,102941.57439491764,0.0008329308924918407
795,330.26510396950255,126.13327985067706,543,794,-0.7112803412427772,1.352220303999341,-1.75964320692565,0.9442351135826624,False,127.65477714558746,-454.0906230130082,128.72393794695472,-455.76373910708713,-261.6622621624956,302.479861578316,40.81759941582038,564.1421237408033,0.28207106187040165,6.85457374900552,0.0,0.0,33.68095460494446,117949.20585069298,102975.25534952257,0.0003271851514114435
796,325.8929538516867,124.71081406454599,544,795,-0.6807435413813989,1.3458208244898753,-1.605992462457291,0.9445438582864294,False,128.72393794695472,-455.76373910708713,130.80676103111873,-460.0322649975148,-562.8003804604999,648.3083254389987,85.50794497849881,1211.1087058995133,0.6055543529497567,6.84368752983157,0.0,0.0,78.05870309571749,117795.31058021232,103053.31405261828,0.0007580335958455312
797,327.58796164320887,125.62250067270493,545,796,-0.6515936822050068,1.3397142381093345,-1.767968976294589,0.9468492879208412,False,130.80676103111873,-460.0322649975148,130.46957519865626,-455.80797625897077,221.718479131527,-419.40525531926124,-197.68677618773424,641.1237344507956,0.3205618672253978,6.8298807456901205,0.0,0.0,-204.83721880064977,117367.9524422513,102848.47683381764,-0.0019876820137589997
798,330.8413166202619,125.34214586535278,546,797,-0.6193126586523858,1.3329487417863162,-1.12134509366389,0.9516279916951912,False,130.46957519865626,-455.80797625897077,129.56123009635832,-455.8386299956722,424.4638418265455,127.78795737365894,552.2517992002045,304.3602947267661,0.15218014736338303,6.816635452882956,0.0,0.0,545.2829835999581,117665.34392137783,103393.7598174176,0.00530180903389581
799,331.9509887672367,125.53514406008078,547,798,-0.5846193130636456,1.3256986787760703,-1.0322668834253197,0.9444293347931928,False,129.56123009635832,-455.8386299956722,129.53066263929708,-454.0733902685363,143.7704883657204,-87.976032676452,55.79445568926842,231.7465210421618,0.11587326052108089,6.801880006188109,0.0,0.0,48.87670242255923,117446.97344226012,103442.63651984016,0.0004727239101168025
800,332.79971444694166,125.68612074617764,548,799,-0.5449347771755956,1.3174132935028966,-0.9602359988266911,0.9434699105657544,False,129.53066263929708,-454.0733902685363,129.66225226011377,-452.30482996680183,109.93599969117068,-68.55449570750709,41.38150398366359,266.0764718626711,0.13303823593133554,6.785972435858332,0.0,0.0,34.46249331187392,117173.97795972567,103477.09901315207,0.00033315559687320013
801,330.8832026467784,125.67489955727588,549,800,-0.5008654238946831,1.308219011285865,-1.186840169025457,0.9440896610228771,False,129.66225226011377,-452.30482996680183,130.93274279438626,-450.97752162544157,-248.49923649225568,5.075397938234687,-243.423838554021,587.1933193944814,0.2935966596972407,6.767671365867477,0.0,0.0,-250.4851065795857,116579.72337230563,103226.61390657246,-0.002420681570786722
802,331.59443780322897,124.66330564420323,550,801,-0.45496506683276094,1.2986421285523977,-0.5827254785074129,0.946192489456038,False,130.93274279438626,-450.97752162544157,131.19624372578625,-453.1891323425654,93.12396980586942,456.2061158088836,549.330085614753,363.0821460030121,0.18154107300150604,6.7472088967698305,0.0,0.0,542.4013356449816,116761.12588192245,103769.01524221744,0.00525447183742653
803,327.73499221239456,124.6391646416493,551,802,-0.42000916942894617,1.291358986581253,-1.0881162597683112,0.9423013571979496,False,131.19624372578625,-453.1891323425654,133.16314734694205,-452.16747964659845,-506.34476438152257,10.940440001296265,-495.4043243802263,771.9610815412407,0.38598054077062033,6.725720871411012,0.0,0.0,-502.5160257924079,115982.05309896903,103266.49921642503,-0.0048426404030089566
804,327.9961204581585,125.09713577721394,552,803,-0.38350048886366456,1.2837394777961504,-1.2456301145425508,0.9445349518447413,False,133.16314734694205,-452.16747964659845,133.5010660566813,-449.3481637860094,34.772659067110396,-207.07965411915117,-172.30699505204078,463.524364835661,0.2317621824178305,6.709259159675237,0.0,0.0,-179.24801639413386,115511.58771279128,103087.2512000309,-0.0017357808946196131
805,334.5843275906421,125.38697259210016,553,804,-0.34655136287939176,1.2760218028677992,-0.41365833603283153,0.9459762077040917,False,133.5010660566813,-449.3481637860094,131.31610358782117,-447.12531629285047,879.5326755887925,-130.23764056671249,749.29503502208,1009.7703161554975,0.5048851580777488,6.691924792426213,0.0,0.0,742.098225071576,115956.72898359399,103829.34942510247,0.007198739091719405
806,334.4497431368415,125.8350972842199,554,805,-0.31237661052856275,1.2689050401682158,-0.6307863390456275,0.9402807173667707,False,131.31610358782117,-447.12531629285047,131.7810044279155,-444.4378247862806,-17.673106076587942,-200.36789470267226,-218.0410007792602,493.6667217333801,0.24683336086669005,6.674248783243543,0.0,0.0,-224.96208292337045,115456.14117971649,103604.38734217909,-0.002166652147672873
807,330.72828127176285,125.73813869553987,555,806,-0.26779932506938375,1.259618644676106,-1.1110645230204448,0.9407809728305546,False,131.7810044279155,-444.4378247862806,133.81152385722146,-443.3399864087777,-490.4179825202485,43.09206424729783,-447.3259182729506,809.5903551190311,0.40479517755951555,6.657842490329607,0.0,0.0,-454.3885559408397,114639.48818692958,103149.99878623828,-0.004385804188389027
808,324.8438391356016,124.80743677464935,556,807,-0.2336640051328246,1.2524925475278281,-1.5029145522400242,0.9420359256493315,False,133.81152385722146,-443.3399864087777,136.66647807925366,-445.5242252911008,-787.4061692893771,412.6173769582297,-374.78879233114736,1200.0235462476057,0.6000117731238028,6.636279130993531,0.0,0.0,-382.02508323526473,113977.44686219038,102767.97370300301,-0.003703587859724178
809,324.9795770776971,125.88401734995988,557,808,-0.20537798020277112,1.2465724036047816,-1.9551961259753408,0.9457461860044024,False,136.66647807925366,-445.5242252911008,136.9693866642008,-440.7846827371222,18.550826487916083,-479.6427267786713,-461.09190029075523,695.0717609252421,0.34753588046262107,6.619611497570678,0.0,0.0,-468.05904766878854,113275.4079538871,102299.91465533421,-0.004554522491817085
810,326.08464247430254,126.2989877710427,558,809,-0.16968294577689919,1.2390961593776144,-1.9112056387549075,0.9544866817065534,False,136.9693866642008,-440.7846827371222,136.96099724471358,-438.15966507074074,151.36012959687696,-182.91260540228413,-31.55247580540717,334.27273499914077,0.1671363674995704,6.605684124913863,0.0,0.0,-38.3252962978206,112939.83372010368,102261.58935903638,-0.0003746366399908926
811,321.50353301267404,125.06831998561636,559,810,-0.13274491494942078,1.2313609654498472,-1.962664299705877,0.9559068709546555,False,136.96099724471358,-438.15966507074074,139.3941085437899,-441.233252580397,-627.4333203518323,539.2289846757591,-88.20433567607324,1166.6623050275787,0.5833311525137893,6.587990735777815,0.0,0.0,-95.37565756436484,112534.81694551076,102166.213701472,-0.0009326635559077631
812,324.02606510339564,126.0941294423677,560,811,-0.1041183134663995,1.2253566781356136,-2.008688796204338,0.9589929270794147,False,139.3941085437899,-441.233252580397,138.68210465083544,-436.68474950611886,351.62611205923963,-452.6212431301268,-100.99513107088717,804.2473551893704,0.4021236775946852,6.569559716907068,0.0,0.0,-107.96681446538892,112185.01354647156,102058.24688700662,-0.001056776115642902
813,325.55870376427487,125.57710867987716,561,812,-0.07582445292040527,1.2194168928250193,-1.4921657099832708,0.9619210557352259,False,138.68210465083544,-436.68474950611886,138.39863350046292,-437.5249665518585,212.54955515996954,225.77508215764658,438.3246373176161,197.79852753737524,0.09889926376868761,6.555164682111008,0.0,0.0,431.6705733717364,112376.15801006305,102489.91746037836,0.00422964911252749
814,326.1921986254845,124.43223170193811,562,813,-0.03919337570947763,1.211756985356773,-0.7986661277790632,0.9577086263638298,False,138.39863350046292,-437.5249665518585,138.60823149987468,-440.296500915465,87.67482312097582,500.9122614787752,588.587084599751,413.2374383577936,0.20661871917889682,6.5408476517669465,0.0,0.0,581.8396182288052,112645.90951753865,103071.75707860717,0.005677042509608286
815,330.5534902752245,125.43823307140906,563,814,-0.017593390278971235,1.2072421240974316,-0.5921854866819228,0.9520078537713944,False,138.60823149987468,-440.296500915465,137.05922664101337,-436.0280986121164,604.5109226256318,-442.9388828942257,161.5720397314061,1047.4498055198658,0.5237249027599329,6.5222709785078266,0.0,0.0,154.52604385013834,112615.4716412373,103226.2831224573,0.001499208398400346
816,334.2548545594297,125.7864721892235,564,815,0.004871247437663605,1.2025511914538893,-0.16317943306374788,0.9507031349718252,False,137.05922664101337,-436.0280986121164,0.0,0.0,507.3061263098363,-151.84204040299278,355.46408590684354,100659.14816671282,50.32957408335641,6.511261221355951,0.0,0.0,298.6232506021312,103524.90637305945,103524.90637305945,0.0028928993815256453
817,337.8357336917049,126.80048736490531,565,816,0.023570963746473588,1.1986532576598685,-0.08793570400938576,0.9477192096440351,False,0.0,0.0,0.0,0.0,0.0,0.0,0.0,0.0,0.0,-0.0,0.0,0.0,0.0,103524.90637305945,103524.90637305945,0.0
818,338.4683813272362,127.70761955976478,566,817,0.030180179101367822,1.1972713977623897,-0.42318537766832304,0.9481362684304884,False,0.0,0.0,0.0,0.0,0.0,0.0,0.0,0.0,0.0,-0.0,0.0,0.0,0.0,103524.90637305945,103524.90637305945,0.0
819,340.29730937024135,128.33107332989536,567,818,0.03243705655084604,1.1967858959905007,-0.422873341230119,0.9456097621105054,False,0.0,0.0,0.0,0.0,0.0,0.0,0.0,0.0,0.0,-0.0,0.0,0.0,0.0,103524.90637305945,103524.90637305945,0.0
820,344.60598106610934,129.27179371815825,568,819,0.033251083402738635,1.1965995729444308,-0.19003431099710363,0.9436328279019993,False,0.0,0.0,0.0,0.0,0.0,0.0,0.0,0.0,0.0,-0.0,0.0,0.0,0.0,103524.90637305945,103524.90637305945,0.0
821,334.2350138007136,127.33672298146533,569,820,0.03721454548063747,1.1957634105187664,-0.861397124218148,0.940397481533501,False,0.0,0.0,0.0,0.0,-0.0,-0.0,-0.0,0.0,0.0,-0.0,0.0,0.0,0.0,103524.90637305945,103524.90637305945,0.0
822,333.6279292440786,127.17021100960389,570,821,0.05627344534933331,1.1917730686935069,-0.8455006533643611,0.9450421493154414,False,0.0,0.0,0.0,0.0,-0.0,-0.0,-0.0,0.0,0.0,-0.0,0.0,0.0,0.0,103524.90637305945,103524.90637305945,0.0
823,334.0913789675642,126.83697375241803,571,822,0.06331713122503954,1.1902820454490937,-0.5669528483099566,0.9418476294964301,False,0.0,0.0,0.0,0.0,0.0,-0.0,0.0,0.0,0.0,-0.0,0.0,0.0,0.0,103524.90637305945,103524.90637305945,0.0
824,335.83066188583695,127.69295328633484,572,823,0.07060214154462177,1.1887472497991751,-0.7024934343428862,0.9349055044120087,False,0.0,0.0,0.0,0.0,0.0,0.0,0.0,0.0,0.0,-0.0,0.0,0.0,0.0,103524.90637305945,103524.90637305945,0.0
825,336.90105438902754,126.77890712673228,573,824,0.07351667030982433,1.1881169663830011,-0.017519097907599562,0.9365114784494701,False,0.0,0.0,0.0,0.0,0.0,-0.0,0.0,0.0,0.0,-0.0,0.0,0.0,0.0,103524.90637305945,103524.90637305945,0.0
826,337.4423372815344,127.31220909750785,574,825,0.07219304722381596,1.1883834810423415,-0.1838781534039809,0.9272626115601885,False,0.0,0.0,0.0,0.0,0.0,0.0,0.0,0.0,0.0,-0.0,0.0,0.0,0.0,103524.90637305945,103524.90637305945,0.0
827,335.96093596645096,127.44031696908463,575,826,0.08201452794971133,1.1863287672501686,-0.48671012696529786,0.9267625210189705,False,0.0,0.0,0.0,0.0,-0.0,0.0,0.0,0.0,0.0,-0.0,0.0,0.0,0.0,103524.90637305945,103524.90637305945,0.0
828,335.46009886885753,127.35264207067478,576,827,0.10113464411159936,1.182335481436533,-0.5015017993952515,0.9297087227957155,False,0.0,0.0,0.0,0.0,-0.0,-0.0,-0.0,0.0,0.0,-0.0,0.0,0.0,0.0,103524.90637305945,103524.90637305945,0.0
829,333.07398465716807,127.04201503625679,577,828,0.13546842739890025,1.1751806018301907,-0.7439103759934123,0.9278018470763272,False,0.0,0.0,0.0,0.0,-0.0,-0.0,-0.0,0.0,0.0,-0.0,0.0,0.0,0.0,103524.90637305945,103524.90637305945,0.0
830,335.57412427994217,126.40692090255794,578,829,0.16874257693017616,1.1682434873296086,0.15074615447241507,0.9354708836260407,False,0.0,0.0,0.0,0.0,0.0,-0.0,0.0,0.0,0.0,-0.0,0.0,0.0,0.0,103524.90637305945,103524.90637305945,0.0
831,335.7118548971184,127.27033793787439,579,830,0.19502640959086062,1.1627748479515165,-0.3176038260357781,0.9359013495097606,False,0.0,0.0,0.0,0.0,0.0,0.0,0.0,0.0,0.0,-0.0,0.0,0.0,0.0,103524.90637305945,103524.90637305945,0.0
832,339.3667369025327,128.3411260202747,580,831,0.22631121609749316,1.1562575572845415,-0.205130888675383,0.9373028241706777,False,0.0,0.0,0.0,0.0,0.0,0.0,0.0,0.0,0.0,-0.0,0.0,0.0,0.0,103524.90637305945,103524.90637305945,0.0
833,334.80527314499,127.77337517654603,581,832,0.26410670505806144,1.1483920441553819,-0.7912406857891165,0.9378034468644041,False,0.0,0.0,0.0,0.0,-0.0,-0.0,-0.0,0.0,0.0,-0.0,0.0,0.0,0.0,103524.90637305945,103524.90637305945,0.0
834,335.10296366752704,128.49875920546663,582,833,0.3095694773912772,1.13892360124436,-1.2037813144137137,0.9405150473375167,False,0.0,0.0,0.0,0.0,0.0,0.0,0.0,0.0,0.0,-0.0,0.0,0.0,0.0,103524.90637305945,103524.90637305945,0.0
835,339.6607415072448,129.9353632377929,583,834,0.36805519252070373,1.1267446294491954,-1.0852890997303934,0.9439353571818877,False,0.0,0.0,0.0,0.0,0.0,0.0,0.0,0.0,0.0,-0.0,0.0,0.0,0.0,103524.90637305945,103524.90637305945,0.0
836,342.7886714768553,129.99696665604313,584,835,0.41797252938528795,1.1163466374635755,-0.33206201309947514,0.9445876663169376,False,0.0,0.0,0.0,0.0,0.0,0.0,0.0,0.0,0.0,-0.0,0.0,0.0,0.0,103524.90637305945,103524.90637305945,0.0
837,343.1439150453524,129.98707434005738,585,836,0.46086404852484913,1.107422990544958,-0.199482989116035,0.9407517125305462,False,0.0,0.0,0.0,0.0,0.0,-0.0,0.0,0.0,0.0,-0.0,0.0,0.0,0.0,103524.90637305945,103524.90637305945,0.0
838,341.5213173779736,130.4170464395076,586,837,0.4883886857166293,1.101693172720176,-0.86413073978498,0.940508494227432,False,0.0,0.0,0.0,0.0,-0.0,0.0,0.0,0.0,0.0,-0.0,0.0,0.0,0.0,103524.90637305945,103524.90637305945,0.0
839,336.5618104476187,128.79600558204146,587,838,0.5199201793319523,1.0951212390360725,-0.8986790383604888,0.9435133841361648,False,0.0,0.0,0.0,0.0,-0.0,-0.0,-0.0,0.0,0.0,-0.0,0.0,0.0,0.0,103524.90637305945,103524.90637305945,0.0
840,334.4029904569189,129.07964717965152,588,839,0.5488249241227038,1.089098547228373,-1.6086141185185683,0.9454883159120206,False,0.0,0.0,143.1432654783509,-403.878265081663,-0.0,0.0,0.0,100000.00000000003,50.000000000000014,-0.0,0.0,0.0,-50.000000000000014,107739.8342936011,103474.90637305946,-0.0004829755635789406
841,332.37328564410166,127.80802670150126,589,840,0.5903049108036874,1.080457792559832,-1.1488366393293536,0.9498696923422059,False,143.1432654783509,-403.878265081663,144.6155455552293,-406.3411141609008,-290.53857486378115,513.5798725576394,223.04129769385827,804.1184474214092,0.4020592237107046,6.206245709556052,0.0,0.0,216.43299276059153,107558.6513030084,103691.33936582002,0.002091647147572658
842,336.5880512805997,128.72480056909532,590,841,0.6204428756344037,1.0741824033991396,-0.6960959559872405,0.9471510886140281,False,144.6155455552293,-406.3411141609008,143.2367174654477,-402.31744129738917,609.5206319095978,-372.5229147917684,236.99771711782938,982.0435467013556,0.4910217733506778,6.182578091499307,0.0,0.0,230.32411725297942,107498.12827602327,103921.66348307303,0.0022212473930964846
843,340.3004954912708,130.7061885251246,591,842,0.6506941643726266,1.06788729204542,-1.14844511532293,0.94346140119431,False,143.2367174654477,-402.31744129738917,142.10539110670726,-395.09579138619034,531.7583225101325,-797.1469326871583,-265.3886101770257,1328.905255197309,0.6644526275986545,6.165265761485135,0.0,0.0,-272.21832856610956,106932.37514332029,103649.4451545069,-0.002619456997149298
844,345.0567994393508,131.24460490050205,592,843,0.6927190620762088,1.0591407285361942,-0.2242134554917321,0.9447020502534248,False,142.10539110670726,-395.09579138619034,0.0,0.0,675.8964327642867,-212.72604392504397,463.1703888392427,100888.62247668933,50.44431123834467,6.147793451715082,0.0,0.0,406.578284149183,104056.02343865606,104056.02343865606,0.003922628659932399
845,344.98105692603696,131.15119297695347,593,844,0.7274330498506316,1.0519289598901111,-0.10918390963003162,0.9358703981385397,False,0.0,0.0,0.0,0.0,-0.0,-0.0,-0.0,0.0,0.0,-0.0,0.0,0.0,0.0,104056.02343865606,104056.02343865606,0.0
846,350.0090733169869,132.19112794608358,594,845,0.7707434027203635,1.0429422437417109,0.6397893180621129,0.9376852643034896,False,0.0,0.0,0.0,0.0,0.0,0.0,0.0,0.0,0.0,-0.0,0.0,0.0,0.0,104056.02343865606,104056.02343865606,0.0
847,348.2658283738935,131.48751342549457,595,846,0.8015140795953772,1.0365676263656907,0.8132354448251602,0.9337409393873678,False,0.0,0.0,0.0,0.0,-0.0,-0.0,-0.0,0.0,0.0,-0.0,0.0,0.0,0.0,104056.02343865606,104056.02343865606,0.0
848,352.2773604851096,132.00073417617506,596,847,0.8357234072417399,1.029475695490021,1.6781024457940013,0.9304032826287694,False,0.0,0.0,-139.87220189579335,384.2871801243754,0.0,0.0,0.0,100000.00000000001,50.00000000000001,-0.0,0.0,0.0,-50.00000000000001,102553.64361683691,104006.02343865606,-0.0004805103861140379
849,352.46752588284374,131.23411013653913,597,848,0.8706725721118279,1.0222412473312503,2.377940860369296,0.9240321089973867,False,-139.87220189579335,384.2871801243754,-140.29685174332303,385.18884857210867,-26.598852905460646,-294.60379040724837,-321.20264331270903,268.00493750177947,0.13400246875088972,5.865929772510765,0.0,0.0,-327.2025755539707,102578.9893093445,103678.8208631021,-0.0031459964022848455
850,350.9296272289616,131.12892010291776,598,849,0.9020302574443361,1.0157602789712068,1.8652694627890212,0.9244551094503916,False,-140.29685174332303,385.18884857210867,-141.3647344972316,384.28537640678803,215.76233943996237,-40.518027931876574,175.2443115080858,493.22302613491377,0.24661151306745688,5.886914788466809,0.0,0.0,169.11078520655153,103066.07880917788,103847.93164830866,0.0016311025125358637
851,352.08120130000435,132.6317106914168,599,850,0.9314210869227807,1.0096855934230513,0.9339470670851565,0.9222805062434191,False,-141.3647344972316,384.28537640678803,-141.32827019232099,378.8006095309103,-162.7919628068578,577.5004469619316,414.70848415507385,740.2924097687804,0.3701462048843902,5.905842092908882,0.0,0.0,408.43249585728057,103774.41843809388,104256.36414416594,0.003932986332751244
852,352.28129732416295,131.6190704093407,600,851,0.9653355716068702,1.002661044109605,1.7896700829795884,0.9284643724246298,False,-141.32827019232099,378.8006095309103,-141.74343819378205,380.38893262350564,-28.27922496669541,-383.58875608597646,-411.8679810526719,355.3095311192702,0.1776547655596351,5.923693707971901,0.0,0.0,-417.9693295262034,103705.51940282546,103838.39481463976,-0.004009053384484167
853,343.6578768886751,130.40594493142262,601,852,0.9843017210131706,0.9987455767148011,0.15436368793360314,0.929736578622022,False,-141.74343819378205,380.38893262350564,0.0,0.0,1222.3132615165684,-461.45950568364,760.8537558329285,98316.22723279979,49.158113616399895,5.94447170167772,0.0,0.0,705.751170514851,104544.14598515461,104544.14598515461,0.006796630203834284
854,353.617698594924,131.22144127532533,602,853,1.0174070401123583,0.9918801559044798,2.4078235700987993,0.9286715806502225,False,0.0,0.0,-141.97203310196025,379.4820107573841,0.0,0.0,0.0,100000.0,50.0,-0.0,0.0,0.0,-50.0,104901.79320586969,104494.1459851546,-0.0004782668558707688
855,356.61377216759416,132.54900661703067,603,854,1.02323502446242,0.9906941011765683,2.1120257513213874,0.9226915420126379,False,-141.97203310196025,379.4820107573841,-140.8631380737541,375.4555861436356,-425.3586564350397,503.7871652821553,78.42850884711561,929.1458217172072,0.46457291085860364,5.976645667899708,0.0,0.0,71.9872902683573,105033.60333111517,104566.13327542297,0.000688912183449953
856,355.8441439316025,133.27687930769682,604,855,1.0400489059478433,0.9872292403577455,1.3063318656571667,0.9221789045296582,False,-140.8631380737541,375.4555861436356,-141.41393529785546,372.7479178083264,108.41224847195313,273.2838677120031,381.69611618395624,556.8675526205307,0.27843377631026534,5.980206550934059,0.0,0.0,375.43747585671196,105584.21224340846,104941.57075127967,0.0035904308985760434
857,354.2246943439156,133.26374865618058,605,856,1.044490684460802,0.9863160306319606,0.8537290844946694,0.9207289846880713,False,-141.41393529785546,372.7479178083264,-142.12576593538262,372.61104016558266,229.01273921129618,-4.894423012143358,224.11831619915282,270.3888177819442,0.13519440889097212,5.990633422150524,0.0,0.0,217.9924883681113,105848.47523335936,105159.56323964777,0.0020772748759856972
858,356.96915863079056,133.5838560981209,606,857,1.0476900423398152,0.9856534643796867,1.3190450374906317,0.9197408168495516,False,-142.12576593538262,372.61104016558266,-141.0801284930959,371.592396582973,-390.0590888544091,119.27556690612221,-270.7835219482869,509.334655760543,0.2546673278802715,5.993387618673308,0.0,0.0,-277.03157689484044,105605.04119816147,104882.53166275294,-0.0026343926159479053
859,350.84822977524806,133.53816714782167,607,858,1.0427271465927348,0.9866898208824476,-0.25980555210662953,0.9172053164997211,False,-141.0801284930959,371.592396582973,0.0,0.0,863.5414294370347,-16.977666539048464,846.5637628979863,99119.48090402392,49.55974045201196,5.995387472345746,0.0,0.0,791.0086349736285,105673.54029772656,105673.54029772656,0.0075418529895625586
860,345.79363904102894,133.7077228150541,608,859,1.0731977089664144,0.9803630088397448,-1.6485582545265778,0.9138396825140435,False,0.0,0.0,146.02869172969812,-370.24194444521214,-0.0,0.0,0.0,100000.0,50.0,-0.0,0.0,0.0,-50.0,104631.95486250072,105623.54029772656,-0.0004731553410544313
861,342.1766335333485,133.65247861822687,609,860,1.1308314830011668,0.9683897408927675,-2.4119137203753587,0.9134120930457059,False,146.02869172969812,-370.24194444521214,148.4699485087525,-368.09682354589887,-528.1865822656902,20.453718852628363,-507.7328634130618,1122.0417513762732,0.5610208756881366,5.893358009807986,0.0,0.0,-514.187242298558,103503.45873223896,105109.35305542802,-0.004868112173187726
862,340.6756299167151,132.18296100346663,610,861,1.1850079959497963,0.9571180736608165,-1.7027891819489913,0.9152396610367913,False,148.4699485087525,-368.09682354589887,149.98295460988697,-369.9755406464537,-222.85392967301183,540.9247661379885,318.07083646497665,763.7786958109992,0.3818893479054996,5.85679200457208,0.0,0.0,311.8321551124991,103230.11013355384,105421.1852105405,0.002966740314232951
863,341.1871608660024,132.55655618025727,611,862,1.209235258853501,0.9520614844244429,-1.7124073209408401,0.9058902131562059,False,149.98295460988697,-369.9755406464537,150.14602097526304,-367.93431267028336,76.7209231485103,-138.22107751602604,-61.50015436751575,326.2143011353325,0.16310715056766625,5.821959816846031,0.0,0.0,-67.48522133492945,102897.91076545109,105353.69998920558,-0.0006401485735542154
864,339.9308295249351,133.0064848007697,612,863,1.2446665589957948,0.9446851480500842,-2.171431078511492,0.8996261424765267,False,150.14602097526304,-367.93431267028336,151.27255719547392,-365.2287647549592,-188.6331518877661,-165.54417773892732,-354.17732962669345,742.7998095034905,0.3713999047517452,5.806203022395566,0.0,0.0,-360.35493255384074,102148.93335302046,104993.34505665174,-0.003420429776939537
865,341.2503715386498,132.75837253012116,613,864,1.2877436105627897,0.935715976269007,-1.6107180752529817,0.9129721817250088,False,151.27255719547392,-365.2287647549592,151.38583221052485,-364.11660968126944,199.61049474148493,90.61773812951208,290.228232870997,186.30303855634253,0.09315151927817127,5.783070731926711,0.0,0.0,284.35201061979205,101956.75409221293,105277.69706727154,0.0027082860391424656
866,340.53577389189036,132.95193868600103,614,865,1.3264674647397552,0.9276586488742665,-1.7847265938612238,0.919752498877428,False,151.38583221052485,-364.11660968126944,152.33760614128482,-361.9623442535531,-108.17995945036105,-70.48065242801229,-178.66061187837335,610.5268371405854,0.3052634185702927,5.754705775294131,0.0,0.0,-184.72058107223776,101340.16728587847,105092.97648619927,-0.0017546031706433638
867,334.9421253712714,132.41370742269075,615,866,1.3721087647219044,0.9181662080612747,-2.6191489734522513,0.9200317206285598,False,152.33760614128482,-361.9623442535531,155.64816047613846,-361.4948576826184,-852.123025226831,194.81944981834033,-657.3035754084907,1170.7457351007415,0.5853728675503708,5.7289994523618555,0.0,0.0,-663.617947728403,100163.10717845782,104429.3585384709,-0.006314579431628515
868,337.5862633331739,132.86649159780745,616,867,1.4194351589554044,0.9083110725052143,-2.0913039807120177,0.9276645852302303,False,155.64816047613846,-361.4948576826184,155.2265707860535,-358.236613505186,411.5552098152524,-163.67915094475487,247.87605887049753,575.2343607599961,0.28761718037999806,5.698437419046841,0.0,0.0,241.89000427107067,99866.53253936955,104671.24854274196,0.002316302691660689
869,338.0658346622577,132.19468507474642,617,868,1.4534836752038305,0.9012112162683628,-1.5941821239405802,0.9177765123888844,False,155.2265707860535,-358.236613505186,155.58522403695923,-358.57683195076027,74.44221286098771,240.66569375207933,315.10790661306703,166.22348089108928,0.08311174044554465,5.666385952180214,0.0,0.0,309.35840892044126,99784.50970132445,104980.6069516624,0.002955524207720833
870,333.8731354601591,131.3321067683077,618,869,1.4726538379250866,0.8972006448811017,-2.010157039549653,0.9004202860574989,False,155.58522403695923,-358.57683195076027,157.87205447410025,-360.0853084206142,-652.3220446780902,309.3005964322434,-343.0214482458467,961.6226411103333,0.4808113205551667,5.643089449384645,0.0,0.0,-349.14534901578656,99212.98594503685,104631.46160264662,-0.0033258080625932595
871,331.63770191138303,131.91454764560103,619,870,1.4945549701221514,0.8926191608542879,-2.646940416642858,0.9108852891391161,False,157.87205447410025,-360.0853084206142,159.3209437776332,-357.5281815462892,-352.9124869856096,-209.72840293693912,-562.6408899225487,817.8285538466415,0.4089142769233208,5.62985263942799,0.0,0.0,-568.6796568389,98389.11862427386,104062.78194580774,-0.005435073238282062
872,333.98806994732894,131.4215340462849,620,871,1.5271580054126057,0.8858088225335031,-1.8776538780823113,0.9097287754986795,False,159.3209437776332,-357.5281815462892,158.77107405418613,-357.4174944315816,374.46285371168375,176.26625564108633,550.7291093527701,198.1965980705918,0.09909829903529589,5.6146628975277455,0.0,0.0,545.0153481562071,98552.50812031984,104607.79729396393,0.005237370536951544
873,328.24136932898205,131.02362628974606,621,872,1.5431850889106922,0.882442791702986,-2.7594272554548316,0.9143199542683939,False,158.77107405418613,-357.4174944315816,161.83963773094888,-357.77925727549183,-912.4098294427916,142.21919335700477,-770.1906360857869,1054.6290227997922,0.5273145113998962,5.591947072997374,0.0,0.0,-776.3098976701842,97586.55879526766,103831.48739629374,-0.007421147541121031
874,327.3635069042928,130.86661220431742,622,873,1.566799103143346,0.877489407860868,-2.6826122277133737,0.9345228374463878,False,161.83963773094888,-357.77925727549183,162.70175592216,-357.1375602576614,-142.0729367893168,56.17638286645021,-85.89655392286659,366.20274922594217,0.1831013746129711,5.580659011843685,0.0,0.0,-91.66031430932324,97214.59228565526,103739.82708198443,-0.0008827795556801462
875,330.42941208730286,131.1236399153641,623,874,1.5852243115713456,0.8736060348768244,-2.0752347073488564,0.9396800507934719,False,162.70175592216,-357.1375602576614,161.52621844329585,-355.5955785943149,498.82815676658566,-91.79424964182058,407.03390712476505,590.622406408417,0.2953112032042085,5.5639741192661205,0.0,0.0,401.1746218022947,97394.97490997972,104141.00170378672,0.003867122522628124
876,328.46709898611664,130.85548109726187,624,875,1.5711043736664494,0.8764559144873815,-2.1936135590033716,0.9361271526695398,False,161.52621844329585,-355.5955785943149,162.24441641359252,-356.9437582764666,-316.9650146363476,95.3560900782273,-221.6089245581203,412.32110471458407,0.20616055235729203,5.550831738463868,0.0,0.0,-227.36591684894145,97329.73021480134,103913.63578693777,-0.0021832507190171053
877,329.5080675271074,131.0544303307125,625,876,1.5493664752650012,0.8808779827845021,-1.9773544889157149,0.9429253847274268,False,162.24441641359252,-356.9437582764666,161.35161814456063,-357.3579313162578,168.89133343795717,-71.01368709409134,97.87764634386583,348.4634441084177,0.17423172205420887,5.560481811182355,0.0,0.0,92.14293281062928,97672.45894537654,104005.77871974841,0.0008867260981953693
878,332.9873141884973,131.5533524442926,626,877,1.5369176583368003,0.8833779041011139,-1.52066543848348,0.9404885404090559,False,161.35161814456063,-357.3579313162578,159.45378788893402,-356.53908138558,561.3820787393173,-178.2937743969222,383.0883043423951,739.6758531362173,0.36983792656810865,5.575397632477864,0.0,0.0,377.1430687833491,98190.74465589483,104382.92178853179,0.003626174174414089
879,335.69097689660447,131.7086984296697,627,878,1.5310967700765359,0.8845195296529278,-1.112016218635282,0.9358604036783917,False,159.45378788893402,-356.53908138558,158.07372574596283,-356.36276982658745,431.1092599817423,-55.38691492328755,375.7223450584547,486.49617490503306,0.24324808745251653,5.583798980200182,0.0,0.0,369.895297990802,98624.97025182618,104752.81708652257,0.003543638093788407
880,333.0488907278673,130.90915459585375,628,879,1.5334011589103547,0.8839961900500318,-1.1999768894897433,0.9333407617727468,False,158.07372574596283,-356.36276982658745,159.37198735737545,-358.4267008857189,-417.64440443416487,284.9276552164243,-132.71674921774058,702.5720596505672,0.3512860298252836,5.587628164601405,0.0,0.0,-138.65566341216726,98456.83421817124,104614.16142311039,-0.001323646153569841
881,338.2853482911076,131.99144715912576,629,880,1.5473976681435098,0.8810563670720001,-0.7477921452818346,0.93350775092091,False,159.37198735737545,-358.4267008857189,157.15022319606467,-354.85922020103874,834.5446485661696,-387.9225528467332,446.6220957194364,1222.467201412879,0.6112336007064395,5.585873380658382,0.0,0.0,440.4249887380716,98731.35043603643,105054.58641184848,0.004209993969715002
882,337.36910089009376,130.90180552049583,630,881,1.5578159700174052,0.8788666552734444,-0.502726744021592,0.9314655774028504,False,157.15022319606467,-354.85922020103874,157.76066829351797,-357.3398013572208,-143.98848357213816,386.66938218279824,242.68089861066008,530.6578657549315,0.2653289328774658,5.575997858582617,0.0,0.0,236.83957181920002,98844.27634765874,105291.4259836677,0.0022544429511219036
883,339.11739819985195,131.21658141696776,631,882,1.5548247758551492,0.879454957559048,-0.3401173240680305,0.9304830293749347,False,157.76066829351797,-357.3398013572208,0.0,0.0,275.81255196321104,-112.4819563173201,163.33059564589092,100388.29450828054,50.19414725414027,5.568622045475657,0.0,0.0,107.567826346275,105398.99381001396,105398.99381001396,0.0010216199974625365
884,336.51756894725116,130.16403650757138,632,883,1.5771745326892954,0.8748170305257454,-0.35936030738327523,0.9253890324467404,False,0.0,0.0,0.0,0.0,-0.0,-0.0,-0.0,0.0,0.0,-0.0,0.0,0.0,0.0,105398.99381001396,105398.99381001396,0.0
885,333.46447821264246,129.00617533234305,633,884,1.6052255067439556,0.8690033866140586,-0.4152699936513568,0.9211640577883546,False,0.0,0.0,0.0,0.0,-0.0,-0.0,-0.0,0.0,0.0,-0.0,0.0,0.0,0.0,105398.99381001396,105398.99381001396,0.0
886,327.40147457589654,128.21093865738138,634,885,1.6455458144968016,0.8606575078895803,-1.0463580783871196,0.9140133245980262,False,0.0,0.0,0.0,0.0,-0.0,-0.0,-0.0,0.0,0.0,-0.0,0.0,0.0,0.0,105398.99381001396,105398.99381001396,0.0
887,322.3316512323584,128.69155364562275,635,886,1.6763948809064422,0.8542560474169422,-1.944846259623706,0.927498705603714,False,0.0,0.0,167.31209718244023,-357.98787207820936,-0.0,0.0,0.0,100000.0,50.0,-0.0,0.0,0.0,-50.0,97489.0246980844,105348.99381001396,-0.00047438783040118076
888,327.1217646217679,129.43692424459545,636,887,1.717144972332358,0.8457883496655295,-1.3853027608352404,0.9365821750940013,False,167.31209718244023,-357.98787207820936,165.61842842002773,-354.01495909131864,801.4439169237901,-266.83363463589666,534.6102822878934,1068.2775515596863,0.5341387757798431,5.48452564809943,0.0,0.0,528.5916178640141,97522.80031059112,105877.58542787797,0.0050175288699698326
889,331.3192204481875,129.12965545432232,637,888,1.744731377368073,0.8400476306502843,-0.6425020742911577,0.9262176637605515,False,165.61842842002773,-354.01495909131864,164.03038492579125,-353.54838186430385,695.1760373340979,108.77774821858019,803.9537855526781,586.3982891154976,0.2931991445577488,5.45507231444721,0.0,0.0,798.2055140936732,97982.9524151131,106675.79094197165,0.007538947085617058
890,329.4575673335366,128.61921615148086,638,889,1.764876718450858,0.8358623113419282,-0.737783127591288,0.9100139760010014,False,164.03038492579125,-353.54838186430385,165.33332749001178,-353.9881946750426,-305.367676994484,180.46498955954223,-124.90268743494175,485.83266655401644,0.24291633327700823,5.434950087686992,0.0,0.0,-130.58055385590575,97604.57864007933,106545.21038811575,-0.001224087983813725
891,333.67884689042245,129.2669635393957,639,890,1.7880881948449963,0.8310437804478483,-0.31365544294190234,0.912349746894955,False,165.33332749001178,-353.9881946750426,0.0,0.0,697.9181954055019,-229.29492845345143,468.62326695205047,100927.21312385896,50.46360656192948,5.420200491188308,0.0,0.0,412.73945989893264,106957.94984801469,106957.94984801469,0.0038738433984543685
892,334.02824689275036,128.962114416739,640,891,1.8012652897570882,0.8283026879447863,-0.15933517396578473,0.9052887872700441,False,0.0,0.0,0.0,0.0,0.0,-0.0,0.0,0.0,0.0,-0.0,0.0,0.0,0.0,106957.94984801469,106957.94984801469,0.0
893,336.838231844114,129.70515124017626,641,892,1.8257380288841432,0.8232360710793629,0.024743815437458305,0.8980307242888786,False,0.0,0.0,0.0,0.0,0.0,0.0,0.0,0.0,0.0,-0.0,0.0,0.0,0.0,106957.94984801469,106957.94984801469,0.0
894,341.32424790483066,131.27330816293355,642,893,1.8465492932871606,0.8189281363012906,0.18829103608086797,0.8991233572577217,False,0.0,0.0,0.0,0.0,0.0,0.0,0.0,0.0,0.0,-0.0,0.0,0.0,0.0,106957.94984801469,106957.94984801469,0.0
895,342.46602702168707,130.4444954990283,643,894,1.8710595431433106,0.8138603378565535,0.5901942772807053,0.8996175029189409,False,0.0,0.0,0.0,0.0,0.0,-0.0,0.0,0.0,0.0,-0.0,0.0,0.0,0.0,106957.94984801469,106957.94984801469,0.0
896,346.7179581073517,130.00187585612926,644,895,1.8898021395093072,0.8099948239287992,1.2971946302342217,0.9019148086892952,False,0.0,0.0,0.0,0.0,0.0,-0.0,0.0,0.0,0.0,-0.0,0.0,0.0,0.0,106957.94984801469,106957.94984801469,0.0
897,342.34638546920655,130.29176004075873,645,896,1.9032517896885923,0.807238519539754,0.5966732993832182,0.9053441421478445,False,0.0,0.0,0.0,0.0,-0.0,0.0,0.0,0.0,0.0,-0.0,0.0,0.0,0.0,106957.94984801469,106957.94984801469,0.0
898,343.87841875361767,131.33844718400871,646,897,1.923015994258748,0.8031630860161104,0.5078548232820003,0.894081109084707,False,0.0,0.0,0.0,0.0,0.0,0.0,0.0,0.0,0.0,-0.0,0.0,0.0,0.0,106957.94984801469,106957.94984801469,0.0
899,341.5413081057928,130.83600593656365,647,898,1.9475799761992934,0.7980961651930992,0.33053201076092625,0.8924512098223062,False,0.0,0.0,0.0,0.0,-0.0,-0.0,-0.0,0.0,0.0,-0.0,0.0,0.0,0.0,106957.94984801469,106957.94984801469,0.0
900,347.5206457609089,131.7738421271896,648,899,1.9540093104962175,0.7967651712328898,0.8745049937833953,0.8933423065539573,False,0.0,0.0,0.0,0.0,0.0,0.0,0.0,0.0,0.0,-0.0,0.0,0.0,0.0,106957.94984801469,106957.94984801469,0.0
901,347.75457491568534,131.60734464593548,649,900,1.9601694409727204,0.7955057471294822,0.9303112190882983,0.8894615317774515,False,0.0,0.0,0.0,0.0,0.0,-0.0,0.0,0.0,0.0,-0.0,0.0,0.0,0.0,106957.94984801469,106957.94984801469,0.0
902,349.5089303499089,131.40160881799264,650,901,1.9833316866898891,0.7907412238588644,1.1962033315581673,0.8814532120061471,False,0.0,0.0,0.0,0.0,0.0,-0.0,0.0,0.0,0.0,-0.0,0.0,0.0,0.0,106957.94984801469,106957.94984801469,0.0
903,343.69001766157174,128.82953284653826,651,902,1.9946196871784152,0.7884356896057106,1.1110782369566927,0.883202119720074,False,0.0,0.0,0.0,0.0,-0.0,-0.0,-0.0,0.0,0.0,-0.0,0.0,0.0,0.0,106957.94984801469,106957.94984801469,0.0
904,347.07068738392826,128.59124607083848,652,903,2.017210607132566,0.7837932554033057,1.5866069707613921,0.874904234535988,False,0.0,0.0,-161.52418059700557,341.7004885920925,0.0,-0.0,0.0,100000.0,50.0,-0.0,0.0,0.0,-50.0,119028.56662587167,106907.94984801469,-0.00046747343298042917
905,346.5317639918951,129.1885784895755,653,904,2.047102928858901,0.7776603158319259,1.3074458154844448,0.8836323681085079,False,-161.52418059700557,341.7004885920925,-162.33350780586693,338.6234580216457,87.04915930271414,204.10877933433306,291.1579386370472,677.9747906983498,0.33898739534917494,6.673846236777201,0.0,0.0,284.1451050049208,119699.5285829379,107192.09495301961,0.002657848227459938
906,349.83596442379354,129.30122738686433,654,905,2.080478264211369,0.770800833366956,1.661595695387607,0.8810139874485962,False,-162.33350780586693,338.6234580216457,-161.42315369902116,336.6431721111003,-536.3824466037338,38.145559142270606,-498.2368874614632,574.5280057459909,0.2872640028729954,6.696871049399896,0.0,0.0,-505.22102251373605,119630.12323976052,106686.87393050588,-0.004713230231531099
907,348.2103821850056,128.56074009853577,655,906,2.129198532707741,0.760785543919405,1.6044046926173687,0.9122625157303319,False,-161.42315369902116,336.6431721111003,-163.09919599706117,336.0836799374361,262.40661158226715,-249.27998965087068,13.126621931396471,655.544057084355,0.3277720285421775,6.7228124588842055,0.0,0.0,6.076037443970088,120278.61671235746,106692.94996794985,5.6952061862159316e-05
908,350.7837617313953,128.8680422602698,656,907,2.1753739619653167,0.751295415946261,1.796291782503781,0.914288149780831,False,-163.09919599706117,336.0836799374361,-162.78002394748358,332.89409936353974,-419.7161350114471,103.27924136829678,-316.4368936431503,522.9953763797581,0.26149768818987906,6.761051591929023,0.0,0.0,-323.4594429232692,120570.66879507642,106369.4905250266,-0.0030316852521222715
909,353.70527025909433,130.23225933743274,657,908,2.205877249685653,0.7450479980640331,1.7747918652675634,0.9221563218376749,False,-162.78002394748358,332.89409936353974,-162.013458213668,327.8372516466987,-475.5632281016237,454.13981523852016,-21.423412863103522,929.7030433401496,0.4648515216700748,6.797689182741061,0.0,0.0,-28.685953567514655,120950.83261761095,106340.8045714591,-0.00026968215628290327
910,355.3961353542872,131.1674998865333,658,909,2.223404420635457,0.7414819462763659,1.7272854294372966,0.925315394605041,False,-162.013458213668,327.8372516466987,-161.57282654480034,324.60511868062775,-273.94290144497853,306.60669124568017,32.663789800701636,580.5495926906488,0.2902747963453244,6.8220254789376105,0.0,0.0,25.551489525418702,121211.07232556578,106366.35606098452,0.0002402792571335706
911,353.78518700106935,130.99697111082756,659,910,2.252312712540896,0.7355727359361455,1.5508305563198885,0.9272999806401894,False,-161.57282654480034,324.60511868062775,-162.86116449761724,323.5352092770294,260.28547884709945,-55.35451347642637,204.93096537067308,595.9497747922762,0.29797488739613814,6.835995015748884,0.0,0.0,197.79699546752803,121799.88813045491,106564.15305645205,0.0018595823227612472
912,351.39929608119064,131.3255421405953,660,911,2.2857378037362195,0.7287318762577321,1.175990570110944,0.9266630023683796,False,-162.86116449761724,323.5352092770294,-164.61578325398264,320.98957258114365,388.568973575737,106.30429687827612,494.8732704540131,950.87891505785,0.475439457528925,6.859269944881123,0.0,0.0,487.53856105160304,122743.43233611035,107051.69161750365,0.00457507095086021
913,355.10323601650066,132.13492156241603,661,912,2.302054766993036,0.7254094737989402,1.4213360757729296,0.921740098070787,False,-164.61578325398264,320.98957258114365,-163.21241528077914,318.1804074093071,-609.7269735767644,259.8023546662068,-349.9246189105576,869.5293282429712,0.4347646641214856,6.886413138012303,0.0,0.0,-357.2457967126914,122608.95946933822,106694.44582079096,-0.003337133597002132
914,359.2276659621259,132.2856991963691,662,913,2.308929232774253,0.7240367579530858,1.8123594473221125,0.9263437177430576,False,-163.21241528077914,318.1804074093071,-161.46697250289688,317.4689070167177,-673.1581730818699,47.97448899940349,-625.1836840824665,721.1326620812756,0.3605663310406378,6.899673431461147,0.0,0.0,-632.4439238449683,122068.8092213188,106062.00189694599,-0.005927618059024864
915,354.5072637782999,131.94527531611828,663,914,2.3051090529973663,0.7248806260081436,1.3389393600057946,0.9350361324374642,False,-161.46697250289688,317.4689070167177,-163.53692130552403,318.50305666926585,762.1890496184511,-108.07399718561928,654.1150524328318,870.263046804052,0.435131523402026,6.905167102641239,0.0,0.0,646.7747538067886,122658.82964824975,106708.77665075278,0.00609808170918011
916,355.05211625795255,132.72884848448066,664,915,2.3140360796403296,0.7230823312919877,1.2359748698725312,0.9263168683415839,False,-163.53692130552403,318.50305666926585,-163.4563757610267,316.16689475836944,-89.10349708807689,249.57044924743948,160.4669521593626,338.6739463355139,0.16933697316775695,6.9017888688986275,0.0,0.0,153.3958263172962,122933.23673668534,106862.17247707008,0.0014375183666414475
917,358.63983512638606,133.81868374661582,665,916,2.304761823789182,0.7250287460501812,1.3965364178662145,0.9254962483486489,False,-163.4563757610267,316.16689475836944,-161.638621202208,314.0813402526586,-586.4355234835937,344.569830627445,-241.86569285614866,931.0053541110246,0.46550267705551235,6.908991920215193,0.0,0.0,-249.24018745341937,122553.02920564915,106612.93228961666,-0.002332351866671126
918,354.53057103183573,133.83300847701847,666,917,2.3122610353992554,0.7235278305686844,0.926791682011676,0.9313863354231006,False,-161.638621202208,314.0813402526586,-163.65452174091746,313.67051695964227,664.2157823988543,4.499130523621944,668.7149129224763,769.6800863888668,0.38484004319443343,6.901196245001934,0.0,0.0,661.4288766342798,123315.42325574982,107274.36116625095,0.006204021054758221
919,353.6288976598351,134.56452788119287,667,918,2.3423811630280547,0.717349342640896,0.6883962915412963,0.9254647447401837,False,-163.65452174091746,313.67051695964227,-164.66208283771076,310.4141174307638,147.56292446128347,229.45606967339555,377.018994134679,794.4985851800204,0.39724929259001024,6.907206076755886,0.0,0.0,369.71453876533315,124102.61738556049,107644.07570501626,0.0034464389696279873
920,353.6729549585792,134.85897826604779,668,919,2.3616490109077883,0.7134007814667765,0.6336937786575786,0.9234902935197821,False,-164.66208283771076,310.4141174307638,-165.02099005506767,308.7413189123675,-7.254566575410297,91.40155634188619,84.1469897664759,352.5276751544636,0.17626383757723182,6.932056052413346,0.0,0.0,77.03866987648532,124448.03674082496,107721.11437489276,0.0007156796077436364
921,353.4933140480108,135.1743885046343,669,920,2.3716286854578446,0.7113649993219462,0.5379814920151834,0.9236018128774249,False,-165.02099005506767,308.7413189123675,-165.3012548410001,307.50730275014354,29.64452091639509,97.3801730596632,127.0246939760583,265.87910812366465,0.13293955406183233,6.94803109321025,0.0,0.0,119.94372332878622,124706.83487830134,107841.05809822152,0.0011134653036667514
922,359.47719370437574,136.02639476226548,670,921,2.380751374096464,0.7095039165165836,1.0067980257736882,0.9238718804296832,False,-165.3012548410001,307.50730275014354,-162.72660255115142,305.1135601028079,-989.142816014656,261.9981462104107,-727.1446698042453,1251.1409622250903,0.6255704811125452,6.9562962369095125,0.0,0.0,-734.7265365222673,124099.33641396971,107106.33156169925,-0.0068130501450855765
923,361.2599288107518,135.37087855921223,671,922,2.365655893651624,0.7126486852884736,1.299738999247797,0.9272348953002767,False,-162.72660255115142,305.1135601028079,-161.62625960035146,307.3844936644038,-290.0984271092381,-200.0068824186531,-490.1053095278912,704.9280874562401,0.35246404372812,6.963869336444668,0.0,0.0,-497.421642908064,123387.0919931333,106608.9099187912,-0.004644185228410124
924,365.20672191139107,134.81112724930347,672,923,2.3496270194600655,0.7159964254286058,1.784041659765143,0.9309135843668667,False,-161.62625960035146,307.3844936644038,-159.56765352546356,309.5057595335729,-637.9054062728031,-172.0588729742916,-809.9642792470947,1037.7870193348504,0.5188935096674252,6.9510822663298875,0.0,0.0,-817.4342550230921,122341.83499802246,105791.4756637681,-0.007667597911335787
925,371.3140341580252,135.6180573017946,673,924,2.3167981377146156,0.7228219451694696,2.1612211049831727,0.9426825373945329,False,-159.56765352546356,309.5057595335729,-156.32132976549386,309.36659361269517,-974.5294845427364,249.7494987867361,-724.7799857560003,1224.2789833294544,0.6121394916647273,6.93752138894371,0.0,0.0,-732.3296466366088,121147.75317747651,105059.14601713151,-0.006922388047257362
926,369.9203941479256,135.34263237660423,674,925,2.2676422607842737,0.733027940269142,1.9524951347973878,0.9541003314990026,False,-156.32132976549386,309.36659361269517,-155.98619353338154,312.5218200928726,217.85565959316614,-85.20727090217883,132.6483886909873,551.010384647819,0.2755051923239095,6.910036140496727,0.0,0.0,125.46284735816666,120589.55725149586,105184.60886448965,0.0011942115666700836
927,369.46336493304125,135.74904499528657,675,926,2.2202852062657805,0.7428556133048072,1.7283365115110223,0.9546050588355222,False,-155.98619353338154,312.5218200928726,-155.29848147611958,313.9830594485672,71.29024756336085,127.01281129931508,198.30305886267593,452.44625782609876,0.22622312891304938,6.869342165893227,0.0,0.0,191.20749356786965,120130.01542837496,105375.81635805752,0.0018178276806086985
928,369.2852579346018,136.1443132140487,676,927,2.172694028571266,0.7527229055779528,1.5569772182110284,0.9517721895417941,False,-155.29848147611958,313.9830594485672,-154.49867775802954,315.4440675465507,27.659746397913406,124.10752462972245,151.76727102763584,494.26366643205773,0.24713183321602888,6.830607087518894,0.0,0.0,144.6895321069009,119628.67402302216,105520.50589016442,0.0013730810076503736
929,371.8227186995918,136.48159108851272,677,928,2.139427104628833,0.7596383783797556,1.663464883491227,0.948707725550442,False,-154.49867775802954,315.4440675465507,-152.84127518562852,316.3074315492843,-392.0343330538312,106.39230461438135,-285.64202843944986,734.0932232314738,0.3670466116157369,6.792152865051055,0.0,0.0,-292.80122791611666,118887.42160031403,105227.70466224832,-0.002774827749791871
930,369.9353122421689,135.2114849067799,678,929,2.0821227295471494,0.7715036365669383,1.6579812844174533,0.9526237042615484,False,-152.84127518562852,316.3074315492843,-152.5921396856772,322.0937865574361,288.4736097461076,-401.7440241387748,-113.27041439266719,874.5456718150854,0.4372728359075427,6.765459341551531,0.0,0.0,-120.47314657012627,118005.6731963215,105107.2315156782,-0.0011448804947024565
931,368.0829653528857,134.9592518569788,679,930,2.0485783368372754,0.778477432520723,1.4690178864732686,0.9522488924630829,False,-152.5921396856772,322.0937865574361,-152.75868890499135,324.3358880710063,282.6535752758291,-81.24269810536853,201.41087717046057,363.89627338119135,0.18194813669059567,6.72014533813353,0.0,0.0,194.50878369563642,117757.4826905102,105301.74029937384,0.0018505747025277092
932,373.6572130934251,135.74486745438733,680,931,2.0180327105124807,0.7848285301220533,1.7741864144209474,0.9504201816623733,False,-152.75868890499135,324.3358880710063,-149.94435840418944,323.93275520626446,-851.5147764764122,254.80333246793194,-596.7114440084803,1106.3181089443517,0.5531590544721758,6.693794189948593,0.0,0.0,-603.958397252901,116753.36406290319,104697.78190212091,-0.005735502523850625
933,371.61182289754623,134.71165017862427,681,932,1.9764684211301518,0.7934640281370614,1.7170930191660316,0.9609233777490148,False,-149.94435840418944,323.93275520626446,-150.04371445661218,328.41986344756145,306.69472060728026,-334.6929188646402,-27.998198257359945,641.3876394719392,0.3206938197359696,6.669975128617991,0.0,0.0,-34.9888672057139,116178.82952199632,104662.7930349152,-0.0003341891926461566
934,377.6779546905184,135.90115532387253,682,933,1.936410521258027,0.8017827033549577,1.9689603731551102,0.9648767185929227,False,-150.04371445661218,328.41986344756145,-146.95215221556558,327.4395394785777,-910.1849466008913,390.6571173726059,-519.5278292282853,1300.8420639734966,0.6504210319867483,6.63785931470721,0.0,0.0,-526.8161095749792,115137.15349762929,104135.97692534022,-0.005033461216721377
935,379.3583399506355,136.01387513439758,683,934,1.8788203522917677,0.8137235094922618,2.0242676232640293,0.973518020316367,False,-146.95215221556558,327.4395394785777,-145.33803409582754,329.85461673955206,-246.93623052552587,36.9089228484349,-210.02730767709096,940.813187402156,0.470406593701078,6.607212891207682,0.0,0.0,-217.10492716199974,114189.26269074222,103918.87199817822,-0.002084821534037673
936,370.3816649708892,134.33696661864866,684,935,1.8091613181947035,0.8281471498773093,1.4802106339442305,0.9777206983017894,False,-145.33803409582754,329.85461673955206,-147.68601450130856,337.2102943539439,1304.6522942735369,-553.1360157696512,751.5162785038857,1857.788310043181,0.9288941550215905,6.563713731700238,0.0,0.0,744.0236706171639,114063.2795566145,104662.8956687954,0.007159658840698625
937,365.022076641262,133.14987254942807,685,936,1.7598003962559738,0.8383611252366119,1.1976875763353314,0.9667750144022448,False,-147.68601450130856,337.2102943539439,-149.02188097664546,342.4991903314727,791.5362397703627,-400.3003405076969,391.23589926266584,1191.8365802780604,0.5959182901390302,6.511927612370185,0.0,0.0,384.1280533601566,113839.57664031978,105047.02372215557,0.003670145479021874
938,361.5064387227136,133.19875277522866,686,937,1.7229480165639144,0.8459855288835242,0.8213277402956621,0.9633361045666313,False,-149.02188097664546,342.4991903314727,-149.84962863683597,344.06023669689426,523.9069754549023,16.741437759920814,540.6484132148231,507.1655376949899,0.253582768847495,6.475747197509773,0.0,0.0,533.9190832484658,113924.1539902515,105580.94280540405,0.005082667402940092
939,360.5050563922315,131.9483325871079,687,938,1.6980796034200125,0.8511334892454199,0.9823090185268699,0.9586153367023508,False,-149.84962863683597,344.06023669689426,-149.84798305805234,348.4624891871283,150.0567703462323,-430.2198658954025,-280.1630955491702,581.4631151860193,0.29073155759300967,6.449000665764729,0.0,0.0,-286.9028277725279,113335.95114284215,105294.03997763155,-0.0027173732318463086
940,360.1134325173474,132.52138822215952,688,939,1.6726437119912134,0.85639634772921,0.7811805709430868,0.9607520366589878,False,-149.84798305805234,348.4624891871283,-149.58566396477343,348.111302734942,58.684047768759875,199.68839303279694,258.3724408015568,141.00434526404956,0.07050217263202478,6.431066140786346,0.0,0.0,251.87087248813845,113281.52466160178,105545.91085011969,0.002392071503208068
941,357.4570321542168,131.94144494141992,689,940,1.6439574860442763,0.862320419246215,0.6224635392369441,0.9611237993127422,False,-149.58566396477343,348.111302734942,-150.217921893998,350.9401271447015,397.3594120751583,-201.88481097063791,195.47460110452036,599.2442230458137,0.29962211152290685,6.412834155445362,0.0,0.0,188.7621448375521,113127.57806816218,105734.67299495725,0.0017884363621212098
942,354.82968681973125,130.82191907024384,690,941,1.6210366090566874,0.867052447216637,0.5989747544930886,0.9598929399762255,False,-150.217921893998,350.9401271447015,-150.94666917811855,354.9836371389049,394.6743562443089,-392.8865515723162,1.787804671992717,787.5609078166242,0.3937804539083121,6.392434825786008,0.0,0.0,-4.9984106077016035,112850.39328625631,105729.67458434953,-4.727314575376442e-05
943,358.08182209720604,130.35099576922644,691,942,1.6097883773140602,0.8693912584444824,1.0425042872023629,0.9604581979660464,False,-150.94666917811855,354.9836371389049,-149.3886207869531,356.78017029002757,-490.8989878514763,-167.1700662086136,-658.0690540600899,792.0886920054088,0.3960443460027044,6.376233256065879,0.0,0.0,-664.8413316621585,112051.53231664882,105064.83325268739,-0.006288124259114637
944,358.54399904648966,131.68362409581886,692,943,1.5956174018509504,0.8723425951339987,0.7213149592639111,0.9646708018243063,False,-149.3886207869531,356.78017029002757,-148.96087833746074,353.80990840218334,-69.04397701300105,475.45536129495565,406.4113842819546,544.4993383079527,0.27224966915397636,6.368255896664371,0.0,0.0,399.7708787161363,112282.66217258509,105464.60413140351,0.003804992273243808
945,358.2515186181416,131.46687320175178,693,944,1.5893857313235709,0.8736613367673709,0.7196710125120688,0.9622715310881668,False,-148.96087833746074,353.80990840218334,-148.97756268045543,354.6791734990176,43.56814150324754,-76.6886139759634,-33.12047247271587,120.25675547921615,0.06012837773960808,6.358217740546523,0.0,0.0,-39.538818591002,112167.94145341757,105425.06531281251,-0.0003749013132570477
946,356.8339615877555,130.4490433331596,694,945,1.5867033377282507,0.874248883929607,0.8048830779652826,0.9629228070804927,False,-148.97756268045543,354.6791734990176,-149.52250267167054,357.57481874376464,211.18419134746432,-361.0030565548857,-149.81886520742137,572.1872479023426,0.2860936239511713,6.353742627416968,0.0,0.0,-156.4587014587895,111978.02056104963,105268.60661135372,-0.001484074977753644
947,349.8450273853727,129.60950900238618,695,946,1.5780269894016068,0.8760660759266471,0.21039393038313836,0.9643307189940968,False,-149.52250267167054,357.57481874376464,0.0,0.0,1045.0029329479087,-300.19633615547775,744.8065967924309,98654.80073089662,49.32740036544831,6.351750830339041,0.0,0.0,689.1274455966436,105957.73405695039,105957.73405695039,0.006546371874578774
948,346.60652332567014,129.09012535983797,696,947,1.5853310267632255,0.8745832902978801,-0.08251477501666456,0.9591288368008704,False,0.0,0.0,0.0,0.0,-0.0,-0.0,-0.0,0.0,0.0,-0.0,0.0,0.0,0.0,105957.73405695039,105957.73405695039,0.0
949,347.85052038533263,129.6916728237644,697,948,1.6044489404306872,0.8706673361672865,-0.16099780923023466,0.9576156340396913,False,0.0,0.0,0.0,0.0,0.0,0.0,0.0,0.0,0.0,-0.0,0.0,0.0,0.0,105957.73405695039,105957.73405695039,0.0
950,350.8348911153686,129.8561918954532,698,949,1.6252162781979436,0.866414488032186,0.15435580687979678,0.9590574699339337,False,0.0,0.0,0.0,0.0,0.0,0.0,0.0,0.0,0.0,-0.0,0.0,0.0,0.0,105957.73405695039,105957.73405695039,0.0
951,346.03411855663114,129.58528525040063,699,950,1.6384860516012225,0.8637100464315376,-0.5037112636150917,0.9602904876507468,False,0.0,0.0,0.0,0.0,-0.0,-0.0,-0.0,0.0,0.0,-0.0,0.0,0.0,0.0,105957.73405695039,105957.73405695039,0.0
952,344.90100375584933,128.97041943046298,700,951,1.660741078333558,0.8591532246903548,-0.5174894772715826,0.9579167973227763,False,0.0,0.0,0.0,0.0,-0.0,-0.0,-0.0,0.0,0.0,-0.0,0.0,0.0,0.0,105957.73405695039,105957.73405695039,0.0
953,341.5752092512319,129.2942217650549,701,952,1.6946702629920005,0.8521964599801167,-1.2393149778008838,0.9578232348047174,False,0.0,0.0,0.0,0.0,-0.0,0.0,0.0,0.0,0.0,-0.0,0.0,0.0,0.0,105957.73405695039,105957.73405695039,0.0
954,341.29740057216736,129.88020046484996,702,953,1.7234424223470426,0.8462928956602901,-1.560760472106623,0.9560667517147549,False,0.0,0.0,158.69616097860546,-352.9207116493858,-0.0,0.0,0.0,100000.0,50.0,-0.0,0.0,0.0,-50.0,97582.55961138986,105907.73405695039,-0.00047188627092691407
955,341.5661421677762,129.4130309292302,703,954,1.7591352473810449,0.838957593133599,-1.37546456521419,0.9568831222104127,False,158.69616097860546,-352.9207116493858,159.2038151746702,-352.5252959830945,42.64825951838846,164.8738049718439,207.52206449023237,224.56942515677642,0.11228471257838821,5.45683485443092,0.0,0.0,201.95294492322304,97352.42106666608,106109.68700187362,0.0019068762703830352
956,334.95154405192966,128.19861917681527,704,955,1.801991316635044,0.8301554999726874,-2.0751456171033937,0.957832941976557,False,159.2038151746702,-352.5252959830945,163.12856827529492,-353.8246704096534,-1053.0692558899555,428.1108624654175,-624.9583934245379,1481.1801183553594,0.7405900591776797,5.4311151229043135,0.0,0.0,-631.1300986066199,96198.22525768566,105478.55690326699,-0.0059479027451611495
957,337.91222247628946,129.08142101450966,705,956,1.8506632672061218,0.8201518417040236,-1.8196938214380407,0.9585046751237465,False,163.12856827529492,-353.8246704096534,162.58799662814,-349.07834417435447,482.97123248937,-312.3570692592529,170.61416323011707,795.3283017486234,0.39766415087431173,5.399980259191587,0.0,0.0,164.8165188200512,95762.43084492256,105643.37342208705,0.001562559478048383
958,344.8629871308485,129.58521712956747,706,957,1.8903401269244429,0.8120002225895748,-0.8485036149713293,0.957929743087734,False,162.58799662814,-349.07834417435447,160.0277015776137,-345.81389608240505,1130.1109002184442,-175.86431364585283,954.2465865725914,1305.9752138642916,0.6529876069321459,5.3642296085021135,0.0,0.0,948.2293693571571,96216.34041196448,106591.6027914442,0.00897575814403985
959,342.5886263963509,129.33234346215826,707,958,1.9338507748421687,0.8030777671295748,-1.1636993134471016,0.9551974171138689,False,160.0277015776137,-345.81389608240505,161.88723331088633,-344.3784742209496,-363.9607209000297,87.44722814342329,-276.5134927566064,822.700895441142,0.41135044772057106,5.334805810745254,0.0,0.0,-282.2596490150722,95387.89336026489,106309.34314242913,-0.0026480477037888863
960,342.72288784910484,129.53381199152773,708,959,1.9758137105586804,0.794468760820222,-1.2488825309364915,0.953561199025016,False,161.88723331088633,-344.3784742209496,162.60016767431014,-341.7887599324837,21.735215126636717,-69.3814247477946,-47.64620962115788,579.7944876333906,0.28989724381669535,5.302294655823556,0.0,0.0,-53.238401520798135,94802.50668073187,106256.10474090835,-0.00050078760668714
961,340.28367779268865,128.48618734941624,709,960,2.0081145002190937,0.7878445102845166,-1.2924178845716483,0.9537256050746605,False,162.60016767431014,-341.7887599324837,164.3724909680358,-342.96857237745314,-396.6159641661354,358.06632730199703,-38.54963686413839,754.6822914681386,0.3773411457340693,5.270619163084732,0.0,0.0,-44.197597172957195,94345.35563463793,106211.90714373539,-0.00041595348597372274
962,341.1514575819322,128.76570761650626,710,961,2.0324999910865373,0.7828485293477403,-1.2414505568239662,0.9551657700690613,False,164.3724909680358,-342.96857237745314,164.41382069633613,-341.00682732707423,142.63912556968282,-95.8666669544289,46.772458615253925,266.7051866263404,0.1333525933131702,5.24603860064896,0.0,0.0,41.393067421291796,94073.27105681764,106253.30021115669,0.0003897215343783209
963,339.61968721858415,127.12700669628171,711,962,2.052074799538182,0.7788365034223044,-0.9215780316513053,0.9548809667902458,False,164.41382069633613,-341.00682732707423,165.5278634081656,-344.4073760657411,-251.84421786747177,558.808201743731,306.96398387625925,810.6524196112002,0.40532620980560014,5.2273792170036275,0.0,0.0,301.33127844945005,94121.58909632271,106554.63148960615,0.0028359710037300354
964,338.3220125537839,126.26975177927733,712,963,2.0614081301320715,0.776926963348501,-0.8424324189098811,0.9565111598364405,False,165.5278634081656,-344.4073760657411,166.34132897611826,-346.26714786259845,-214.80131466329127,295.2449165849342,80.44360192164291,510.04623124823183,0.25502311562411595,5.2123189051617,0.0,0.0,74.9762599008571,94075.74136936424,106629.607749507,0.0007036414921876686
965,335.95489972034375,125.54391366820977,713,964,2.069441224943196,0.7752849310736581,-0.9709088459128189,0.9565667033495265,False,166.34132897611826,-346.26714786259845,167.66829723530984,-347.85448963655386,-393.7486945508611,251.33389252933995,-142.41480202152115,645.0825870801859,0.322541293540093,5.20512700118198,0.0,0.0,-147.94247031624323,93823.69331125214,106481.66527919074,-0.0013874426947514476
966,341.4066603792829,125.70633005775454,714,965,2.0757576997802003,0.7739918860430756,-0.13340605497027275,0.9569778299596737,False,167.66829723530984,-347.85448963655386,0.0,0.0,914.0874266187828,-56.497270293708965,857.5901563250738,100970.5846969125,50.48529234845625,5.198930240003654,0.0,0.0,801.905933736614,107283.57121292736,107283.57121292736,0.007530929682908827
967,336.73787622563515,125.11692038009882,715,966,2.089495968717222,0.7711826642247399,-0.6920020765222551,0.9572319843086746,False,0.0,0.0,0.0,0.0,-0.0,-0.0,-0.0,0.0,0.0,-0.0,0.0,0.0,0.0,107283.57121292736,107283.57121292736,0.0
968,338.7391114465989,125.19912699074634,716,967,2.095820465773185,0.7698883247271566,-0.3862731017589513,0.9554484114000429,False,0.0,0.0,0.0,0.0,0.0,0.0,0.0,0.0,0.0,-0.0,0.0,0.0,0.0,107283.57121292736,107283.57121292736,0.0
969,334.81304189823135,124.40093453579658,717,968,2.094879610731076,0.7700840678989558,-0.739913669358266,0.9552349238593768,False,0.0,0.0,0.0,0.0,-0.0,-0.0,-0.0,0.0,0.0,-0.0,0.0,0.0,0.0,107283.57121292736,107283.57121292736,0.0
970,332.67412661602003,124.32111770774692,718,969,2.094341926620058,0.7701930142938515,-1.0395309086528912,0.9549616586765618,False,0.0,0.0,0.0,0.0,-0.0,-0.0,-0.0,0.0,0.0,-0.0,0.0,0.0,0.0,107283.57121292736,107283.57121292736,0.0
971,331.04578588139003,124.10698801562717,719,970,2.092718892027629,0.7705253404011424,-1.2005316618756512,0.9552627568313082,False,0.0,0.0,0.0,0.0,-0.0,-0.0,-0.0,0.0,0.0,-0.0,0.0,0.0,0.0,107283.57121292736,107283.57121292736,0.0
972,331.11037175825584,124.33461378990516,720,971,2.0942174477387248,0.7702185883641071,-1.2298029994250428,0.9548758510175002,False,0.0,0.0,0.0,0.0,0.0,0.0,0.0,0.0,0.0,-0.0,0.0,0.0,0.0,107283.57121292736,107283.57121292736,0.0
973,332.85829272404595,125.40212511258355,721,972,2.0880629365578587,0.7714789683798118,-1.268030986135949,0.957189106281354,False,0.0,0.0,0.0,0.0,0.0,0.0,0.0,0.0,0.0,-0.0,0.0,0.0,0.0,107283.57121292736,107283.57121292736,0.0
974,332.13206694453675,124.3920828804748,722,973,2.0814048261415743,0.772841078249794,-1.0178186881035023,0.9585640912798264,False,0.0,0.0,0.0,0.0,-0.0,-0.0,-0.0,0.0,0.0,-0.0,0.0,0.0,0.0,107283.57121292736,107283.57121292736,0.0
975,323.1409589150851,123.2345259992273,723,974,2.0766867788193983,0.77380773331603,-2.028208344482128,0.9579391575459257,False,0.0,0.0,174.4622409415487,-353.9925504963346,-0.0,-0.0,-0.0,100000.0,50.0,-0.0,0.0,0.0,-50.0,94481.77954827402,107233.57121292735,-0.00046605458258635685
976,322.66475973611847,123.08102805586702,724,975,2.0474449023864607,0.7798045483492035,-1.94816118483059,0.9594753629194048,False,174.4622409415487,-353.9925504963346,174.13102312468098,-355.9773260992176,-83.07877589704283,54.33712846604692,-28.74164743099591,351.16053896298763,0.17558026948149383,5.193345734246824,0.0,0.0,-34.11057343472423,94827.57116123327,107199.46063949264,-0.00031809603139091707
977,324.1391107051158,123.38552922657026,725,976,2.0146233457466076,0.7865359463967998,-1.7245854830865095,0.9601309186447622,False,174.13102312468098,-355.9773260992176,172.68587073641785,-356.8145770750424,256.7302426763695,-108.39551254101829,148.33473013535124,571.7350647125908,0.2858675323562954,5.215958959627419,0.0,0.0,142.83290364336753,95393.80439945389,107342.29354313601,0.0013324031929947177
978,321.5756297027101,123.43405224357862,726,977,1.976960595178831,0.7942585912712384,-2.045818299330334,0.9588996691528006,False,172.68587073641785,-356.8145770750424,173.31327815885268,-358.62610548402273,-442.6769490166927,-17.313719792244463,-459.99066880893713,425.3632292244399,0.21268161461221996,5.241161360495112,0.0,0.0,-465.44451178404444,95410.19591180395,106876.84903135194,-0.004336077574092684
979,326.2160654381186,124.89080479849771,727,978,1.939080923806908,0.802024349125918,-1.7195140934395579,0.963065912520041,False,173.31327815885268,-358.62610548402273,170.11162757451524,-356.36614111964184,804.2491293891363,-522.4294954245338,281.81963396460253,1326.6786248136689,0.6633393124068344,5.2698420762173805,0.0,0.0,275.8864525759783,96166.44381866208,107152.73548392794,0.002581349048708104
980,325.2251882473973,125.11979175780169,728,979,1.9099099814896776,0.8079979598301215,-1.8801250107146525,0.9614475436538574,False,170.11162757451524,-356.36614111964184,170.06615392737987,-357.1793274797425,-168.55973164006963,-81.60319905388019,-250.16293069394982,116.5348834859728,0.0582674417429864,5.298435019924652,0.0,0.0,-255.51963315561747,96277.6219996864,106897.2158507723,-0.0023846300516888077
981,326.28570732024446,125.37450849232789,729,980,1.8740388582059033,0.8153453977083077,-1.7476866259423443,0.9603681278308964,False,170.06615392737987,-357.1793274797425,168.8273024100431,-358.2392047496538,180.3583998857492,-90.9795519359036,89.3788479498456,537.1011353763104,0.26855056768815516,5.320262270768695,0.0,0.0,83.79003511138876,96809.13432222424,106981.0058858837,0.0007838373941222504
982,325.30135209513736,125.16724298379107,730,981,1.8289120269079602,0.8245980581518163,-1.7809840817007716,0.9610455087397541,False,168.8273024100431,-358.2392047496538,168.4794450259218,-361.0641862478488,-166.1860372680615,74.25063095026339,-91.93540631779813,466.7536230002246,0.2333768115001123,5.346912406925031,0.0,0.0,-97.51569553622326,97270.30765600604,106883.4901903475,-0.0009115234496880993
983,321.0837398771834,124.49548911154665,731,982,1.7863280299890505,0.8333288654847734,-2.102776938257201,0.9610074878607188,False,168.4794450259218,-361.0641862478488,169.8796316947357,-365.1089115828854,-710.5809658154296,242.54626524077403,-468.03470057465563,953.1272310561953,0.4765636155280977,5.380167706289201,0.0,0.0,-473.89143189647297,97318.42381144252,106409.598758451,-0.004433719661030425
984,317.4009705148024,124.30749949972768,732,983,1.7326875926478522,0.844330113608393,-2.452143061594568,0.9611588887638782,False,169.8796316947357,-365.1089115828854,170.82565409120068,-368.27843683499776,-625.6275028979425,68.63668256011088,-556.9908203378316,694.2641854580505,0.3471320927290253,5.411239586487589,0.0,0.0,-562.7491920170481,97406.39277168791,105846.84956643396,-0.0052885190676686955
985,318.69216497938396,124.72713281427868,733,984,1.6875051082454002,0.853591851467103,-2.25627521806044,0.9663728772627428,False,170.82565409120068,-368.27843683499776,169.28345020260087,-369.2114916834001,220.5691389710835,-154.54190112672845,66.02723784435506,607.8655520971781,0.3039327760485891,5.449972809836544,0.0,0.0,60.27333225846993,98008.50441819921,105907.12289869243,0.0005694390764142494
986,317.2295322694358,123.58162389356883,734,985,1.6574384171518415,0.8597483061634891,-2.004215463210461,0.9650371606305264,False,169.28345020260087,-369.2114916834001,169.50098148038379,-374.0789404546197,-247.5995115192009,422.93505735192315,175.33554583272226,670.5345688711251,0.33526728443556253,5.482225090446832,0.0,0.0,169.51805345783987,98535.20680368537,106076.64095215026,0.0016006293893942836
987,318.6954107398161,124.13679054169121,735,986,1.6308390576772125,0.865199604123346,-1.882590312550157,0.9594561099869177,False,169.50098148038379,-374.0789404546197,168.22823008653103,-373.67193812668984,248.46783946042274,-207.67615150536278,40.791687955059956,456.14399096579143,0.22807199548289572,5.503486062591374,0.0,0.0,35.060129896985686,98884.57131112866,106111.70108204726,0.00033051696945055715
988,320.8924014100169,124.62070284370373,736,987,1.6040473391101036,0.8706884173846149,-1.6601905424919265,0.9609887282158649,False,168.22823008653103,-373.67193812668984,166.58623368429292,-373.4832364857631,369.5958519644958,-180.82444777636377,188.77140418813204,550.4202997408461,0.275210149870423,5.522194656492941,0.0,0.0,182.9739993817687,99382.16194382303,106294.67508142901,0.001724352710548584
989,319.20456267904916,123.2626629975363,737,988,1.5794262385030504,0.8757308624873565,-1.4224857731732246,0.9617619356979903,False,166.58623368429292,-373.4832364857631,167.0168872547309,-378.7639047257216,-281.17069725838775,507.20511702323927,226.03441976485152,788.3758142816271,0.39418790714081353,5.540921837047263,0.0,0.0,220.09931002066347,99889.66947912482,106514.7743914497,0.0020706522678776915
990,322.2048965235741,124.58107966126619,738,989,1.5392060895848094,0.8839815930181882,-1.3724079172613488,0.95746032983358,False,167.0168872547309,-378.7639047257216,164.7370211534031,-376.62962364143175,501.1064194375785,-499.36864360979234,1.7377758277861517,1000.4750630473752,0.5002375315236877,5.558029469504471,0.0,0.0,-4.320491173242007,100352.30419160826,106510.45390027642,-4.0562365155066546e-05
991,319.61183967879396,124.5966397863697,739,990,1.501576446273404,0.8916964836191043,-1.6571885652640375,0.9520631422616845,False,164.7370211534031,-376.62962364143175,165.39625985722853,-378.3199706818734,-427.1724602905267,-5.860404061552083,-433.0328643520788,421.312056228968,0.210656028114484,5.585824422103085,0.0,0.0,-438.82934480229636,100346.4187775528,106071.62455547415,-0.004120058911899306
992,321.7052847191266,124.62034226777516,740,991,1.4519658569191156,0.9018661743383287,-1.3424166332415566,0.9591146234757526,False,165.39625985722853,-378.3199706818734,163.44131597871225,-380.5162467481179,346.24797988768586,-8.967122070397767,337.2808578172881,902.6164521379088,0.45130822606895443,5.611594894171348,0.0,0.0,331.21795469704784,101242.97232657047,106402.84251017119,0.003122587742811659
993,316.5510222629417,123.97888828066637,741,992,1.4028053803971856,0.9119460705824234,-1.7718453304975554,0.9489971985263806,False,163.44131597871225,-380.5162467481179,165.22685693640045,-384.72090041258804,-842.419438738536,244.08366363625225,-598.3357751022837,1086.5031023747874,0.5432515511873938,5.645245822404719,0.0,0.0,-604.5242724758758,101192.85730067456,105798.3182376953,-0.005681467319992876
994,313.76039901184436,124.17368294772456,742,993,1.3280484065484435,0.9272827467879446,-2.144239824276716,0.9494937750514044,False,165.22685693640045,-384.72090041258804,165.36989010826193,-387.46919760237773,-461.08590867244885,-74.94157970619713,-536.027488378646,386.14432896625425,0.19307216448312714,5.678246372796384,0.0,0.0,-541.8988069159255,101483.37402095315,105256.41943077938,-0.005121998307179601
995,310.7172081471583,123.82512329385082,743,994,1.244168019759616,0.9444857480181454,-2.381919143904863,0.9576518740447406,False,165.36989010826193,-387.46919760237773,165.51216883373237,-392.2670916332024,-503.2521388715969,135.0561294030188,-368.19600946857815,638.308268274612,0.31915413413730603,5.7277949160817725,0.0,0.0,-374.24295851879725,102027.21844346372,104882.17647226057,-0.0035555357149966876
996,316.36623117800406,124.87048991719016,744,995,1.1433836520507297,0.965160574564493,-1.8935257230768876,0.9579938215252017,False,165.51216883373237,-392.2670916332024,160.84658197881527,-393.31609168882727,934.9820536269826,-410.06292502774176,524.9191285992408,1607.023280392797,0.8035116401963985,5.7824429744763775,0.0,0.0,518.3331739845681,103627.65576924183,105400.50964624513,0.004942052037999512
997,319.60410492057883,125.17742524320677,745,996,1.0561733954870252,0.9830436086871297,-1.5068964212634826,0.9507591819913066,False,160.84658197881527,-393.31609168882727,157.78124788643652,-396.017615793657,520.8009243721073,-120.7226028300906,400.0783215420167,1317.8631905522893,0.6589315952761446,5.846853935892661,0.0,0.0,393.57253601084784,104939.01317426296,105794.08218225601,0.003734066726354754
998,317.5849147376784,125.80308890477302,746,997,0.9818965220608135,0.9982784479884148,-1.9606710497267485,0.9491021364473631,False,157.78124788643652,-396.017615793657,157.57384421205177,-397.10411370616146,-318.5903467780742,-247.77383154219586,-566.3641783202701,202.55307172741038,0.10127653586370519,5.9014839876194625,0.0,0.0,-572.3669388437532,105135.56348546689,105221.71524341224,-0.005410198066256004
999,319.11738672777665,125.56073865503572,747,998,0.9226450498117094,1.0104226744502633,-1.5913258805628892,0.9576890713887852,False,157.57384421205177,-397.10411370616146,155.86986503860155,-400.27811669180994,241.47750262707595,96.23828112839715,337.7157837554731,942.2995402413042,0.47114977012065207,5.947252871550871,0.0,0.0,331.29738111380163,106071.44462306652,105553.01262452605,0.0031485647268475712
1000,319.0246647525953,125.14524516053177,748,999,0.8553558738015306,1.02422166961444,-1.4107365424128888,0.9516410270621335,False,155.86986503860155,-400.27811669180994,154.85230322392874,-404.31656682531747,-14.4525617576293,166.31295347773943,151.86039172011013,830.0201488174148,0.4150100744087074,5.983239999913123,0.0,0.0,145.4621416457883,106895.06652180961,105698.47476617183,0.0013780955941373291
1001,313.0739262799541,123.92203700323556,749,1000,0.7963678572275158,1.0363113258635979,-1.7447564349391287,0.9529057963839646,False,154.85230322392874,-404.31656682531747,156.85881269891783,-410.67429867545763,-921.4855583717346,494.56332267072776,-426.9222357010068,1416.0488810424822,0.7080244405212411,6.023606652121296,0.0,0.0,-433.65386679364934,107048.01217285392,105264.82089937816,-0.0041027447912848946
1002,315.17113966014193,124.29484184797982,750,1001,0.7176391056036541,1.052451717420603,-1.5223993987758115,0.9590501295767042,False,156.85881269891783,-410.67429867545763,154.58971924699077,-412.5495575102014,328.96640079254854,-153.10136815816432,175.86503263438422,948.2377695277205,0.47411888476386027,6.058523290087843,0.0,0.0,169.33239045953252,107989.71730020677,105434.1532898377,0.0016086322953174353
1003,315.90307955415045,124.30712932329654,751,1002,0.6406891151135176,1.068218252042396,-1.372900283345214,0.9572109508018203,False,154.58971924699077,-412.5495575102014,153.05579373984554,-415.4967112115451,113.15038272044919,-5.069192504826661,108.08119021562253,850.9240078024054,0.4254620039012027,6.104497857760064,0.0,0.0,101.55123035396126,108834.11134814752,105535.70452019165,0.000963172057490517
1004,318.65519090150354,124.6657700550685,752,1003,0.5579540983383341,1.085183486272379,-1.0910104115457167,0.9554268787585635,False,153.05579373984554,-415.4967112115451,150.49938512970596,-417.45693046251523,421.22658672956345,-149.0140445577556,272.21254217180785,1058.9851160852354,0.5294925580426177,6.1487146921402305,0.0,0.0,265.53433492162503,109886.41825698256,105801.23885511328,0.002516061612786447
1005,320.98812478029413,125.07835846909528,753,1004,0.45842040923011884,1.105603572354281,-0.8916344468613236,0.9514429574540033,False,150.49938512970596,-417.45693046251523,147.95662821791885,-419.7982768736834,351.10511430624285,-172.2378928640134,178.86722144222946,1109.0465386030967,0.5545232693015484,6.19554639296841,0.0,0.0,172.1171517799595,110988.7147259234,105973.35600689324,0.001626797130567327
1006,314.1886300430398,123.45473377460462,754,1005,0.37215821435798546,1.1233049879307861,-1.1784347913287234,0.9444769445148967,False,147.95662821791885,-419.7982768736834,149.89845459235707,-428.52637795685007,-1006.0303149096376,681.594849036739,-324.4354658728986,1687.625163946368,0.8438125819731841,6.250914209466081,0.0,0.0,-331.53019266433785,111449.04562634596,105641.82581422891,-0.0031284296841817922
1007,313.43974168549255,123.68747685282678,755,1006,0.2938598662166638,1.1393701203549549,-1.358907334480478,0.9344114526389656,False,149.89845459235707,-428.52637795685007,149.12828154039462,-430.57932226515584,-112.25720745853833,-99.73654830506872,-211.99375576360706,495.32634407394835,0.2476631720369742,6.2980487983403,0.0,0.0,-218.5394677339843,111937.82625844952,105423.28634649492,-0.0020686831759070047
1008,312.11572516675375,123.53885768800286,756,1007,0.20755847370132408,1.1570802595811713,-1.4456832433992723,0.9399525655314508,False,149.12828154039462,-430.57932226515584,148.53132166853484,-434.20377872457925,-197.44830817061316,63.99233926549386,-133.4559689051193,634.0817740380396,0.31704088701901983,6.340151185235393,0.0,0.0,-140.11316097737372,112565.25084041529,105283.17318551752,-0.0013290532465179638
1009,308.09132090742867,121.87169165813712,757,1008,0.1127401477112345,1.176544263909527,-1.2424713574053237,0.9510716913146121,False,148.53132166853484,-434.20377872457925,149.12588432456954,-443.545244851336,-597.7500835660353,723.8897899289591,126.13970636292379,1321.6398734949908,0.6608199367474954,6.385837955648676,0.0,0.0,119.0930484705276,113513.48486789798,105402.26623398806,0.0011311688740677892
1010,303.5157819374516,121.17453640508785,758,1009,0.010205114666992136,1.1976011405924116,-1.570631123318645,0.9464914837249558,False,149.12588432456954,-443.545244851336,149.9235475573305,-449.73010707563117,-682.3312951593591,309.2198974131355,-373.1113977462236,991.5511925725026,0.4957755962862513,6.43519158535178,0.0,0.0,-380.0423649278616,114013.89833366046,105022.22386906021,-0.0036056375114760495
1011,297.4596576824704,119.95477389187712,759,1010,-0.10322817929241866,1.22089258959181,-1.868988994909861,0.9525228163272279,False,149.9235475573305,-449.73010707563117,151.37158944986612,-458.2815425832247,-907.9556327547808,548.5639256731002,-359.3917070816806,1456.5195584278733,0.7282597792139367,6.487599670511919,0.0,0.0,-366.60756653140646,114601.73394131157,104655.61630252881,-0.003490761793317936
1012,295.07910946315377,119.0549439398528,760,1011,-0.22555859630570907,1.2460137410070566,-1.6823604000852443,0.9576073291889923,False,151.37158944986612,-458.2815425832247,150.88606304388435,-465.9753980030972,-360.34736772000355,412.3754584762941,52.02809075629057,1059.2602251922044,0.5296301125961023,6.544411764213258,0.0,0.0,44.954048879481206,115653.92012462697,104700.5703514083,0.00042954263199348265
1013,293.8228539187802,118.03837063388784,761,1012,-0.34594693265825543,1.2707406787538424,-1.2534508915600242,0.9545820865599912,False,150.88606304388435,-465.9753980030972,149.8811052977173,-474.095885875075,-189.55145326758023,473.69815084635036,284.14669757877016,1253.808710207089,0.6269043551035445,6.604366057929683,0.0,0.0,276.91542716573696,116900.49756442102,104977.48577857403,0.0026448320791024895
1014,291.20720342459924,118.26494601819033,762,1013,-0.4565725364157905,1.2934615497462725,-1.7047927212165395,0.9460218902039363,False,149.8811052977173,-474.095885875075,149.72917195572234,-476.8766102089003,-392.036587140362,-107.41845753837573,-499.4550446787377,373.1062968606247,0.18655314843031234,6.662084034871844,0.0,0.0,-506.30368186203987,117266.75522409834,104471.18209671199,-0.004822973974914749
1015,290.8759741410963,117.78915569291398,763,1014,-0.5691707541258537,1.3165883266364113,-1.3982871225565847,0.9553563636170598,False,149.72917195572234,-476.8766102089003,148.40320682823372,-482.4983447232054,-49.59468634637958,226.89327748797572,177.29859114159615,1047.870760105086,0.523935380052543,6.714022209963473,0.0,0.0,170.06063355158014,118307.3880266134,104641.24273026356,0.0016278233876414524
1016,291.963881227559,117.97733621950296,764,1015,-0.6709985143639313,1.3375035471474843,-1.2328388979176461,0.95359377690528,False,148.40320682823372,-482.4983447232054,146.52731551486272,-485.0026122811082,161.448900362222,-90.79679258832377,70.65210777389822,843.1393242751566,0.4215696621375783,6.765841981925584,0.0,0.0,63.46469612983507,119143.33993924448,104704.70742639338,0.0006064979206469067
1017,293.62520112233494,118.34727348210637,765,1016,-0.7565469274038591,1.3550629711849616,-1.0979743565678137,0.9523498885922079,False,146.52731551486272,-485.0026122811082,144.61193878970363,-486.1817995061968,243.42874439295312,-179.4205387427785,64.00820565017463,701.9564691640423,0.35097823458202115,6.811823363860183,0.0,0.0,56.84540405173242,119838.13360681008,104761.55283044511,0.0005429116364390867
1018,298.90502503625123,118.89544109098811,766,1017,-0.8398707207989317,1.3721610350372282,-0.5087301046613117,0.9483366467501444,False,144.61193878970363,-486.1817995061968,141.0336078108039,-486.51441464514846,763.5255726596758,-266.50911451713387,497.016458142542,1109.1275344952198,0.5545637672476099,6.849796474783628,0.0,0.0,489.6120979005108,120939.85678106327,105251.1649283456,0.004673585725604135
1019,296.44152190400877,118.21999823415689,767,1018,-0.9055065364596478,1.3856192270702243,-0.4850716980550499,0.9393625451881955,False,141.0336078108039,-486.51441464514846,141.40339588462078,-491.3057265195128,-347.4367345933708,328.6126861174902,-18.824048475880545,676.0494207108785,0.33802471035543924,6.8862316578998595,0.0,0.0,-26.048304844135846,121389.44086663744,105225.1166235015,-0.0002474870930107307
1020,300.4692326594142,118.59238826465662,768,1019,-0.9701638967483405,1.3988855086142338,-0.016440741670713813,0.940122118602049,False,141.40339588462078,-491.3057265195128,0.0,0.0,569.531978455342,-182.95735448329341,386.5746239720486,100752.48933293864,50.37624466646932,6.914543109710472,0.0,0.0,329.2838361958688,105554.40045969735,105554.40045969735,0.0031293273579733214
1021,301.832576650479,119.15669197220963,769,1020,-1.0162407179486388,1.4083315845490254,-0.09373225923865616,0.9360808005218569,False,0.0,0.0,0.0,0.0,0.0,0.0,0.0,0.0,0.0,-0.0,0.0,0.0,0.0,105554.40045969735,105554.40045969735,0.0
1022,300.47275129507017,118.6624982684341,770,1021,-1.0526317286909619,1.4157833215151792,-0.005983988041282688,0.9366974983142877,False,0.0,0.0,0.0,0.0,-0.0,-0.0,-0.0,0.0,0.0,-0.0,0.0,0.0,0.0,105554.40045969735,105554.40045969735,0.0
1023,301.268757578759,118.11104464207212,771,1022,-1.0846332154271463,1.4223281432210522,0.45729622368640904,0.936092436073102,False,0.0,0.0,0.0,0.0,0.0,-0.0,0.0,0.0,0.0,-0.0,0.0,0.0,0.0,105554.40045969735,105554.40045969735,0.0
1024,300.6152820939234,117.75481800317357,772,1023,-1.091845194668367,1.4237811398987457,0.580092724073141,0.9318461771598823,False,0.0,0.0,0.0,0.0,-0.0,-0.0,-0.0,0.0,0.0,-0.0,0.0,0.0,0.0,105554.40045969735,105554.40045969735,0.0
1025,299.41418821684243,118.00896305261395,773,1024,-1.0911032114590238,1.4235982234045947,0.2576967852889782,0.9349147292559745,False,0.0,0.0,0.0,0.0,-0.0,0.0,0.0,0.0,0.0,-0.0,0.0,0.0,0.0,105554.40045969735,105554.40045969735,0.0
1026,292.4286396941249,115.92745365349465,774,1025,-1.099162409966497,1.4252209554127233,0.37722573682016597,0.9315412478312484,False,0.0,0.0,0.0,0.0,-0.0,-0.0,-0.0,0.0,0.0,-0.0,0.0,0.0,0.0,105554.40045969735,105554.40045969735,0.0
1027,296.56078424331514,116.0078999390566,775,1026,-1.0970876503715616,1.4247654920790798,1.115319493504048,0.9290023155643297,False,0.0,0.0,0.0,0.0,0.0,0.0,0.0,0.0,0.0,-0.0,0.0,0.0,0.0,105554.40045969735,105554.40045969735,0.0
1028,294.27167729730337,115.99654836805429,776,1027,-1.0741401001064965,1.4200224869677112,0.7389691830130342,0.9258148412496668,False,0.0,0.0,0.0,0.0,-0.0,-0.0,-0.0,0.0,0.0,-0.0,0.0,0.0,0.0,105554.40045969735,105554.40045969735,0.0
1029,293.83851902664674,116.2013011774138,777,1028,-1.062514084479312,1.4176131191313326,0.5744786880046927,0.927307076403633,False,0.0,0.0,0.0,0.0,-0.0,0.0,0.0,0.0,0.0,-0.0,0.0,0.0,0.0,105554.40045969735,105554.40045969735,0.0
1030,298.27207453213646,116.62122138656873,778,1029,-1.0554735598985183,1.4161521293316528,1.2281016129774442,0.9290428548538223,False,0.0,0.0,0.0,0.0,0.0,0.0,0.0,0.0,0.0,-0.0,0.0,0.0,0.0,105554.40045969735,105554.40045969735,0.0
1031,294.32730655588466,116.51019087919761,779,1030,-1.0346392101458992,1.4118480969886573,0.5349017129496126,0.9299985000144854,False,0.0,0.0,0.0,0.0,-0.0,-0.0,-0.0,0.0,0.0,-0.0,0.0,0.0,0.0,105554.40045969735,105554.40045969735,0.0
1032,294.4879642399245,116.67005631166371,780,1031,-1.030578540197057,1.4109933975122515,0.497354659355914,0.931010131622652,False,0.0,0.0,0.0,0.0,0.0,0.0,0.0,0.0,0.0,-0.0,0.0,0.0,0.0,105554.40045969735,105554.40045969735,0.0
1033,299.3863165927647,116.0652134989799,781,1032,-1.029613554653914,1.4107780379988695,2.172036740971524,0.9308442547434347,False,0.0,0.0,-138.55137064554128,504.1959922304096,0.0,-0.0,0.0,100000.0,50.0,-0.0,0.0,0.0,-50.0,88465.16949259234,105504.40045969732,-0.00047368939411597565
1034,293.41845822504075,115.67312358022696,782,1033,-0.996953348904502,1.404041670811829,1.0948702125594518,0.9276455722480609,False,-138.55137064554128,504.1959922304096,-141.76550782934623,504.90020028478506,826.8549566666119,-197.69016562918145,629.1647910374304,1024.545122295785,0.5122725611478924,4.938141013862798,0.0,0.0,623.7143774624196,89321.34831071319,106128.11483715975,0.005911738038838354
1035,288.6961354316341,114.966905188961,783,1034,-0.9828140822434724,1.401105830808036,0.6226915614723171,0.9253891322424351,False,-141.76550782934623,504.90020028478506,-144.26059772060842,507.55930889062233,669.4624889413902,-356.56980719498364,312.8926817464066,1026.0322961363725,0.5130161480681862,4.951978182949609,0.0,0.0,307.4276874153888,89730.49663856966,106435.54252457515,0.0028967600893232783
1036,287.66274591502423,115.89560487931561,784,1035,-0.9781810496773373,1.4001280682420478,-0.43061123568586224,0.9260637375603384,False,-144.26059772060842,507.55930889062233,-144.8378143154935,503.34571947245706,149.07738934435085,471.3701730033257,620.4475623476766,654.3802050037077,0.3271901025018539,4.958032982975863,0.0,0.0,615.1623392621989,90379.59162048789,107050.70486383735,0.005779670255546096
1037,287.68124476292195,116.41027164805,785,1036,-0.9911946117126177,1.4027727276297839,-0.8546308210246866,0.9269532389240112,False,-144.8378143154935,503.34571947245706,-144.66909241124304,501.5142958597278,-2.679332696860164,259.05531499717443,256.37598230031426,261.73464769400783,0.13086732384700392,4.96005278313396,0.0,0.0,251.28506219333332,90539.15909320783,107301.98992603067,0.002347346171264715
1038,286.1492590471332,115.83255074049369,786,1037,-1.0114610530252601,1.4069118884070893,-0.688266356786509,0.9291504603277535,False,-144.66909241124304,501.5142958597278,-145.19350264548225,504.633511270013,221.63098309014285,-289.73529415654673,-68.10431106640388,511.366277246677,0.2556831386233385,4.954593402808165,0.0,0.0,-73.31458760783539,90322.70173934828,107228.67533842284,-0.0006832546876192524
1039,283.0837207541443,114.84683414325578,787,1038,-1.0301197131855189,1.4107232269028216,-0.5476645732854023,0.9255532104364649,False,-145.19350264548225,504.633511270013,-146.53377989848252,509.53666077703684,445.0962422529178,-497.4256275812961,-52.329385328378294,942.5218698342123,0.4712609349171062,4.946073000055086,0.0,0.0,-57.746719263350485,90133.58387882201,107170.92861915947,-0.0005385380270819301
1040,283.064850496182,114.90630641903104,788,1039,-1.050586888510992,1.4149280863394773,-0.5672222126422033,0.9224947043050936,False,-146.53377989848252,509.53666077703684,-146.28838762157625,509.90151241052376,2.7651302268760554,30.303304807338815,33.06843503421487,111.38568177032401,0.05569284088516201,4.938253289265626,0.0,0.0,28.074488904064083,90017.20425092152,107199.00310806352,0.0002619599294862474
1041,281.56398172936787,115.99694772336144,789,1040,-1.0705291799115058,1.419022207571009,-1.990510144370788,0.9192384420365672,False,-146.28838762157625,509.90151241052376,-146.8192653018401,505.7114365365264,219.55967192881934,556.1196505754594,775.6793225042788,635.5120455793304,0.31775602278966525,4.929654829932024,0.0,0.0,770.4319116515571,90647.46888564814,107969.43501971509,0.007186931681397482
1042,283.16417919363585,115.59484854167208,790,1041,-1.108261356395939,1.4267799099482374,-1.0555720805866668,0.9303034684081344,False,-146.8192653018401,505.7114365365264,-145.5228848461611,508.61377042638543,-234.9398160416921,-203.34615480229076,-438.28597084398285,702.5833540706304,0.3512916770353152,4.921311539638871,0.0,0.0,-443.558574060657,89939.61292836082,107525.87644565442,-0.004108186487960072
1043,284.7241347339208,115.70705474689632,791,1042,-1.1334764285301633,1.4319627879179384,-0.6921461311362781,0.9270776427655326,False,-145.5228848461611,508.61377042638543,-144.41715752158402,508.87951398239227,-227.00923045401518,57.069621104337415,-169.93960934967777,345.57565992538304,0.1727878299626915,4.905579552542048,0.0,0.0,-175.0179767321825,89588.95890105293,107350.85846892223,-0.001627682400902259
1044,287.8805466534962,116.59004404032112,792,1043,-1.1526557267536641,1.4359019486723616,-0.6498999646444105,0.928606738696611,False,-144.41715752158402,508.87951398239227,-142.60274270587408,505.59586764680284,-455.8400373923286,449.3351624896679,-6.504874902660731,905.1751998819896,0.4525875999409948,4.895125025722065,0.0,0.0,-11.852587528323792,89444.1169303037,107339.00588139391,-0.00011040980665985402
1045,289.75122353941873,116.8050573802256,793,1044,-1.1695623503130457,1.4393747128908734,-0.3472225274161859,0.927371479767306,False,-142.60274270587408,505.59586764680284,0.0,0.0,-266.763654649037,108.70985614464632,-158.05379850439067,100375.4735107937,50.18773675539685,4.887208991006536,0.0,0.0,-213.12874425079406,107125.87713714314,107125.87713714314,-0.001985566593436452
1046,292.5574752442123,117.30574919588967,794,1045,-1.1818616019900414,1.4418997258956459,-0.08317287223594595,0.9254570816487385,False,0.0,0.0,0.0,0.0,0.0,0.0,0.0,0.0,0.0,-0.0,0.0,0.0,0.0,107125.87713714314,107125.87713714314,0.0
1047,294.86865081940897,117.8993321628656,795,1046,-1.1904273266654444,1.443655069478572,-0.030027243549152684,0.9254252407282672,False,0.0,0.0,0.0,0.0,0.0,0.0,0.0,0.0,0.0,-0.0,0.0,0.0,0.0,107125.87713714314,107125.87713714314,0.0
1048,302.57752013180664,118.83232140969912,796,1047,-1.1981352085863712,1.4452328865358217,1.0431211227026003,0.9258953137041892,False,0.0,0.0,0.0,0.0,0.0,0.0,0.0,0.0,0.0,-0.0,0.0,0.0,0.0,107125.87713714314,107125.87713714314,0.0
1049,306.9411019792707,119.06640015595514,797,1048,-1.1962506321251793,1.4448402650984955,1.8653008864932927,0.9215420346548541,False,0.0,0.0,-133.25835949155177,496.34096783228836,0.0,0.0,0.0,100000.0,50.0,-0.0,0.0,0.0,-50.0,88880.81255771653,107075.87713714314,-0.00046674063574751154
1050,304.69691182716116,118.23388444792239,798,1049,-1.185414650820707,1.4426137279355196,2.02031883229921,0.9207482520458077,False,-133.25835949155177,496.34096783228836,-134.36221473570666,499.5204917739645,299.0570980572113,-413.2116522605551,-114.15455420334382,712.2687503177533,0.35613437515887664,4.869341394081751,0.0,0.0,-119.38002997258445,88836.00089962596,106956.49710717055,-0.0011149105957794967
1051,307.74379627902556,118.77963002478565,799,1050,-1.1735507827274265,1.4401663564760674,2.1725306724948195,0.9225098540714718,False,-134.36221473570666,499.5204917739645,-133.16535711469453,496.8797045112557,-409.38614299629046,272.61109893819867,-136.7750440580918,681.9972419344782,0.3409986209672391,4.873779987646155,0.0,0.0,-141.98982266670518,88776.13234716031,106814.50728450384,-0.0013275474282262605
1052,308.1522728338497,118.96963849711189,800,1051,-1.160444490085237,1.4374640752410746,1.994759190514093,0.9220970039259664,False,-133.16535711469453,496.8797045112557,-133.1362748294515,495.7042406756924,-54.39492629613395,94.41135358409771,40.01642728796376,148.806279880231,0.07440313994011549,4.8786681584914575,0.0,0.0,35.063355989532184,88902.06201114843,106849.57064049336,0.00032826398661493615
1053,310.2701396596289,119.55090704615843,801,1052,-1.1484408000349107,1.4349876967460213,1.901624879370123,0.9194696883185056,False,-133.1362748294515,495.7042406756924,-132.3619777106906,492.94507374440724,-281.9648997691218,288.13728473377716,6.17238496465535,570.1021845028993,0.28505109225144964,4.884076867300897,0.0,0.0,1.0032570051030039,88986.51251733978,106850.57389749846,9.389434127654809e-06
1054,313.61579590946843,119.68086421359854,802,1053,-1.1371781727415793,1.4326686029091296,2.4039019007721705,0.9169524814079698,False,-132.3619777106906,492.94507374440724,-131.0747751298414,492.0826772180727,-442.83767796889146,64.06174548737968,-378.77593248151175,506.89942345626366,0.25344971172813185,4.889043965466745,0.0,0.0,-383.9184261587066,88680.89532333937,106466.65547133976,-0.0035930403754965757
1055,313.50460487122785,120.27777164675643,803,1054,-1.1245754895964513,1.4300689445544679,1.8032329460777403,0.9173186282175807,False,-131.0747751298414,492.0826772180727,-131.26153551215168,489.2749788157489,14.574340333837194,293.72780775970483,308.30214809354203,396.25394714944605,0.19812697357472303,4.893704753095215,0.0,0.0,303.21031636687206,89072.05743876216,106769.86578770664,0.002847936896529096
1056,308.95729687193045,120.54443298252272,804,1055,-1.1155194372384174,1.4282046030375066,0.64869856425297,0.9169903828590446,False,-131.26153551215168,489.2749788157489,-133.29573853100118,487.93052888176055,596.8866304344674,130.47071940802928,727.3573498424967,790.5478209584775,0.39527391047923877,4.898939979229495,0.0,0.0,722.063135952788,89857.31104583092,107491.92892365943,0.0067627989473030515
1057,307.2966270528568,119.87674918994144,805,1056,-1.1147941385864515,1.4280492399137512,0.7808707604631183,0.9100120311613681,False,-133.29573853100118,487.93052888176055,-134.02466081413323,490.62619888635305,221.36020998956394,-325.7833060399667,-104.42309605040276,547.1435160295299,0.27357175801476497,4.902701316795922,0.0,0.0,-109.59936912521346,89752.98197470687,107382.32955453421,-0.001019605566879907
1058,309.0771446629079,120.16447872596957,806,1057,-1.1140989198064368,1.4278885734364481,0.9008358514219027,0.914601480927466,False,-134.02466081413323,490.62619888635305,-133.26139566256546,489.42873100576264,-238.63326876069064,141.16764856881932,-97.46562019187132,379.80091732950456,0.18990045866475228,4.903015025010277,0.0,0.0,-102.55853567554635,89655.87434921818,107279.77101885868,-0.0009550783271417884
1059,307.900847178593,120.5073810775717,807,1058,-1.1108594481024459,1.427208988137464,0.383912246178818,0.9105774369802337,False,-133.26139566256546,489.42873100576264,-133.80795841743048,487.94037110627147,156.7550444741741,167.8262628035176,324.58130727769174,347.64548884776485,0.17382274442388243,4.9033394839499715,0.0,0.0,319.50414504931786,89998.44267583756,107599.27516390798,0.0029782329139492227
1060,305.49965211191545,120.24819911958045,808,1059,-1.1110492121274311,1.427239259930132,0.06584483381687203,0.912475032195207,False,-133.80795841743048,487.94037110627147,0.0,0.0,321.2990096341262,-126.46534076629831,194.8336688678279,99552.23564959958,49.77611782479979,4.90471235190057,0.0,0.0,140.15283869112753,107739.42800259912,107739.42800259912,0.0013025444500219942
1061,306.75495594889566,120.79957100416048,809,1060,-1.1133455008359825,1.4277066436283095,-0.1012792560233372,0.9122692436819051,False,0.0,0.0,0.0,0.0,0.0,0.0,0.0,0.0,0.0,-0.0,0.0,0.0,0.0,107739.42800259912,107739.42800259912,0.0
1062,306.0379351522259,120.9707032102796,810,1061,-1.1152976456483121,1.4281107053846176,-0.39685244095237693,0.9097538895751812,False,0.0,0.0,0.0,0.0,-0.0,0.0,0.0,0.0,0.0,-0.0,0.0,0.0,0.0,107739.42800259912,107739.42800259912,0.0
1063,307.2098054686725,121.86194616300229,811,1062,-1.1192548482019216,1.4289263518866844,-0.8369733206422304,0.9013103439883197,False,0.0,0.0,0.0,0.0,0.0,0.0,0.0,0.0,0.0,-0.0,0.0,0.0,0.0,107739.42800259912,107739.42800259912,0.0
1064,308.85870787725185,121.70560116814278,812,1063,-1.1242926537731153,1.4299598678016099,-0.379673219907368,0.9120348883837646,False,0.0,0.0,0.0,0.0,0.0,-0.0,0.0,0.0,0.0,-0.0,0.0,0.0,0.0,107739.42800259912,107739.42800259912,0.0
1065,309.43973109312924,121.65108341486338,813,1064,-1.1271108420636338,1.4305441016302762,-0.22313099922102428,0.9067173499112279,False,0.0,0.0,0.0,0.0,0.0,-0.0,0.0,0.0,0.0,-0.0,0.0,0.0,0.0,107739.42800259912,107739.42800259912,0.0
1066,309.51894865094044,121.58033649714524,814,1065,-1.1294814649244918,1.4310293157423997,-0.15770408338056294,0.8994000798902937,False,0.0,0.0,0.0,0.0,0.0,-0.0,0.0,0.0,0.0,-0.0,0.0,0.0,0.0,107739.42800259912,107739.42800259912,0.0
1067,315.4072717592837,122.8091783912392,815,1066,-1.133958832080972,1.4319382113422765,0.11881224405177677,0.9052531394978854,False,0.0,0.0,0.0,0.0,0.0,0.0,0.0,0.0,0.0,-0.0,0.0,0.0,0.0,107739.42800259912,107739.42800259912,0.0
1068,317.0743013567249,123.16043366149272,816,1067,-1.1357112056590053,1.4322865496816144,0.17762777679555994,0.9051608690473918,False,0.0,0.0,0.0,0.0,0.0,0.0,0.0,0.0,0.0,-0.0,0.0,0.0,0.0,107739.42800259912,107739.42800259912,0.0
1069,318.1132628667017,123.6814535004801,817,1068,-1.137198209224721,1.432575187547404,-0.025100233194766834,0.9055917046951695,False,0.0,0.0,0.0,0.0,0.0,0.0,0.0,0.0,0.0,-0.0,0.0,0.0,0.0,107739.42800259912,107739.42800259912,0.0
1070,315.37317306675095,123.26634119115317,818,1069,-1.1375750176278754,1.4326329551271177,-0.2897774227215154,0.9015463514852939,False,0.0,0.0,0.0,0.0,-0.0,-0.0,-0.0,0.0,0.0,-0.0,0.0,0.0,0.0,107739.42800259912,107739.42800259912,0.0
1071,308.04112126912395,122.29405104699354,819,1070,-1.1380594164820457,1.432716642154788,-1.1199024950618721,0.9074142471608524,False,0.0,0.0,0.0,0.0,-0.0,-0.0,-0.0,0.0,0.0,-0.0,0.0,0.0,0.0,107739.42800259912,107739.42800259912,0.0
1072,309.93477457387644,121.90904881295504,820,1071,-1.1424305207455554,1.4335944690457612,-0.4253414611908597,0.9078547813064312,False,0.0,0.0,0.0,0.0,0.0,-0.0,0.0,0.0,0.0,-0.0,0.0,0.0,0.0,107739.42800259912,107739.42800259912,0.0
1073,309.05475193171594,121.92880050239081,821,1072,-1.1421744282753001,1.4335235599173035,-0.6603314174107016,0.9086932248110754,False,0.0,0.0,0.0,0.0,-0.0,0.0,0.0,0.0,0.0,-0.0,0.0,0.0,0.0,107739.42800259912,107739.42800259912,0.0
1074,311.9866403797911,122.2821332162086,822,1073,-1.1454146992223297,1.434179696798016,-0.3048535743878648,0.9103573028759697,False,0.0,0.0,0.0,0.0,0.0,0.0,0.0,0.0,0.0,-0.0,0.0,0.0,0.0,107739.42800259912,107739.42800259912,0.0
1075,309.5141761634368,123.05050935610016,823,1074,-1.1467004200873427,1.434436401583006,-1.5340653325435556,0.9094092861552322,False,0.0,0.0,132.71530870798063,-478.8499525057199,-0.0,0.0,0.0,100000.00000000001,50.00000000000001,-0.0,0.0,0.0,-50.00000000000001,125534.8891245455,107689.4280025991,-0.0004640826568970493
1076,307.65190722957783,122.59027762513207,824,1075,-1.1521696803550507,1.4355392566746659,-1.5806709446386538,0.9126093567729837,False,132.71530870798063,-478.8499525057199,133.45819727673572,-480.79939302060546,-247.1515964543734,220.3819425156951,-26.76965393867829,467.5335389700573,0.23376676948502864,7.014610781068239,0.0,0.0,-34.01803148923156,125538.07211589189,107655.40997110988,-0.00031589016786679765
1077,305.7069944631703,122.69265701425795,825,1076,-1.1581180885845597,1.436744284275467,-2.1013645974710893,0.9139565441866261,False,133.45819727673572,-480.79939302060546,134.24084234037525,-480.56368644023837,-259.56455166525745,-49.223948149539616,-308.7884998147971,268.17953675766233,0.13408976837883116,7.016825127665596,0.0,0.0,-315.9394147108415,125262.74166423819,107339.47055639903,-0.002934728638306601
1078,306.73891479482967,122.45285860082669,826,1077,-1.1662045538565364,1.4383738439776053,-1.620082872967191,0.9209419393458186,False,134.24084234037525,-480.56368644023837,133.69982295123714,-481.72874095140486,138.52585455011248,115.2384095610464,253.76426411115887,308.61595562531204,0.154307977812656,7.019242327847568,0.0,0.0,246.59071380549864,125564.18406955784,107586.06127020453,0.0022972976532052033
1079,307.5512453187864,121.6222630573352,827,1078,-1.172246939794614,1.4395898926173611,-0.7356079421044914,0.918422317792469,False,133.69982295123714,-481.72874095140486,133.28021502936272,-485.1866953301599,108.60844723090261,400.12174540600023,508.73019263690287,549.615176011317,0.2748075880056585,7.022507309485315,0.0,0.0,501.4328777394119,126106.50193067167,108087.49414794394,0.004660760621025549
1080,307.9271523985564,121.82562207465773,828,1079,-1.1753160868695247,1.4402067222631711,-0.8092103520627613,0.9120006957040707,False,133.28021502936272,-485.1866953301599,133.08386191151854,-484.46184280688163,50.100976422805665,-98.66708958030532,-48.56611315749965,148.76806600309993,0.07438403300154997,7.0249409394480775,0.0,0.0,-55.66543812994928,126071.55945258081,108031.82870981403,-0.0005150035031224261
1081,304.18373792525034,121.7637260446492,829,1080,-1.1786450284975785,1.4408767153263622,-1.5564636181436748,0.9117102696958423,False,133.08386191151854,-484.46184280688163,134.68466895829525,-484.8004892146194,-498.18805484304556,29.986264760360687,-468.20179008268485,528.1743196034066,0.26408715980170333,7.0261744489742135,0.0,0.0,-475.49205169146074,125618.56456820422,107556.33665812259,-0.00440140704244366
1082,313.5659466194503,123.23936585776451,830,1081,-1.1862653806289163,1.4424270060065023,-0.6527457450753228,0.9153827510985039,False,134.68466895829525,-484.8004892146194,130.5718371353278,-479.2066063937754,1263.6396720759612,-715.3909033028707,548.2487687730905,1979.0305753788439,0.989515287689422,7.027513566076288,0.0,0.0,540.2317399193248,126210.80497168239,108096.56839804188,0.005022779286695797
1083,313.82216841290784,123.17122212700495,831,1082,-1.1886482215767382,1.4428937642739947,-0.533418022300063,0.9045766519085562,False,130.5718371353278,-479.2066063937754,130.44030335726055,-479.53523665685174,33.4553502858597,32.65492596429926,66.11027625015896,81.75600658363632,0.04087800329181816,7.030609319859552,0.0,0.0,59.03878892700759,126285.48949094287,108155.6071869689,0.00054616709671692
1084,313.3029275430368,122.84158220424072,832,1083,-1.1898438445364576,1.4431242663341322,-0.3695352515847283,0.8988473449187612,False,130.44030335726055,-479.53523665685174,130.64415662726046,-480.8534879018279,-67.72993658146828,158.0739583742912,90.34402179282293,225.8038949557775,0.11290194747788876,7.031540613331782,0.0,0.0,83.19957923201325,126376.41329077745,108238.8067662009,0.0007692581216632315
1085,315.067872506862,123.11685998342983,833,1084,-1.1898436034373603,1.4431105162819902,-0.19355132063276534,0.8945936269592198,False,130.64415662726046,-480.8534879018279,0.0,0.0,230.57974629247408,-132.36828026495303,98.21146602752106,100362.94802655742,50.18147401327872,7.03200038836765,0.0,0.0,40.99799162587469,108279.80475782677,108279.80475782677,0.0003787734995493005
1086,307.38215784092245,122.60995621511883,834,1085,-1.1902397899396648,1.4431864941510306,-1.4152277602657173,0.8783351219348864,False,0.0,0.0,0.0,0.0,-0.0,-0.0,-0.0,0.0,0.0,-0.0,0.0,0.0,0.0,108279.80475782677,108279.80475782677,0.0
1087,307.1315517749352,122.23709423640373,835,1086,-1.1967283793973518,1.4445121103547536,-1.1324796201848972,0.8810724013976573,False,0.0,0.0,0.0,0.0,-0.0,-0.0,-0.0,0.0,0.0,-0.0,0.0,0.0,0.0,108279.80475782677,108279.80475782677,0.0
1088,302.75396335971476,121.69540969533892,836,1087,-1.2036280127943595,1.445927823704612,-1.6193019928588472,0.8676087112780829,False,0.0,0.0,135.04127365434604,-485.7678636523552,-0.0,-0.0,-0.0,100000.0,50.0,-0.0,0.0,0.0,-50.0,126461.24312583258,108229.80475782679,-0.0004617666250120506
1089,297.70521686850776,121.16175573713274,837,1088,-1.2116919082321975,1.4475708483387655,-2.233251035785921,0.8667850296367186,False,135.04127365434604,-485.7678636523552,137.2392332380438,-488.13393257782514,-681.7891565305036,259.2319432074429,-422.55721332306075,941.0210997379659,0.47051054986898294,7.037585617143201,0.0,0.0,-430.06530949007293,126086.06806033762,107799.7394483367,-0.003973631020146426
1090,295.93862295019676,121.2243835126197,838,1089,-1.2242060033809692,1.4501243510959418,-2.527811343625802,0.8761437879929806,False,137.2392332380438,-488.13393257782514,137.91459382288,-488.23300481589854,-242.44599479199337,-30.570742337050454,-273.0167371290438,211.87525245492805,0.10593762622746403,7.0408528935714845,0.0,0.0,-280.1635276488427,125891.06595933023,107519.57592068784,-0.0025989258330547395
1091,294.015487548801,121.90232825688973,839,1090,-1.241398216629887,1.4536474492349947,-3.265164876185807,0.8842182341535947,False,137.91459382288,-488.23300481589854,138.61736230025997,-485.9984996817474,-265.22843774989866,-330.99499959410554,-596.2234373440042,479.0161948658028,0.2395080974329014,7.045922026109665,0.0,0.0,-603.5088674675468,125404.76433434089,106916.06705322032,-0.005613013837709897
1092,298.54526392403324,122.03331496726331,840,1091,-1.259562151193272,1.457356870694422,-2.1949884827028514,0.9062405923308287,False,138.61736230025997,-485.9984996817474,136.30807430833087,-485.9809798377765,627.9056529447265,-63.65934471980595,564.2463082249205,691.5649976645495,0.3457824988322748,7.0528986476857485,0.0,0.0,556.8476270784025,126084.65464158395,107472.91468029872,0.0052082689012607946
1093,295.68353531522195,122.22361380259927,841,1092,-1.2747805671170025,1.4604768973859878,-2.717141564034011,0.8942928948384661,False,136.30807430833087,-485.9809798377765,137.45279212400538,-485.64651820631633,-390.0767158601257,-92.48161445856046,-482.55833031868616,379.3533199523317,0.18967665997616584,7.060222616743168,0.0,0.0,-489.80822959540546,125698.05142235491,106983.10645070332,-0.004557503916707274
1094,297.22990753783176,121.14394785683506,842,1093,-1.2906685745634583,1.4637189701272828,-1.6187726359181045,0.9017982538135996,False,137.45279212400538,-485.64651820631633,136.55774170583655,-490.4162041128915,212.55317966072354,524.3360073863226,736.8891870470462,843.8543337936414,0.42192716689682075,7.066365772122119,0.0,0.0,729.4008941080273,126534.41746320954,107712.50734481134,0.006817907222054025
1095,297.1726053943105,120.81982549450836,843,1094,-1.3038483756926393,1.4664146113532222,-1.364181849609829,0.8918841044934039,False,136.55774170583655,-490.4162041128915,136.43479528831662,-492.09900920138296,-7.825051314168295,158.9548586003588,151.1298072861905,239.85252435110436,0.11992626217555219,7.0727327451427495,0.0,0.0,143.9371482788722,126767.07732855332,107856.44449309024,0.001336308585019982
1096,298.0377203553125,120.20557293655247,844,1095,-1.3199685713303224,1.469730936114392,-0.7777598588258364,0.8887833835492995,False,136.43479528831662,-492.09900920138296,135.8560944044078,-495.0665586756524,118.03178260516884,302.27307516951026,420.30485777467914,529.1906769799139,0.2645953384899569,7.0780138592537565,0.0,0.0,412.9622485769354,127288.92539633549,108269.40674166713,0.00382881385083437
1097,300.1514138587893,120.9464644352844,845,1096,-1.330640910207808,1.4719233783748216,-0.8596355304168509,0.8794171344910919,False,135.8560944044078,-495.0665586756524,134.77973609374345,-492.3308170269822,287.1581441503251,-366.7906046292613,-79.6324604789362,653.9487487795816,0.3269743743897908,7.084495158015972,0.0,0.0,-87.04393001134196,127273.70611555262,108182.3628116558,-0.0008039568390637278
1098,301.2653577842921,120.09618888944637,846,1097,-1.340428258124789,1.4739308231083021,-0.12166177366526913,0.8854050766778816,False,134.77973609374345,-492.3308170269822,0.0,0.0,150.1370683025011,418.61685418050087,568.7539224830019,99731.52021412199,49.865760107061,7.088770434755763,0.0,0.0,511.7993919411852,108694.16220359698,108694.16220359698,0.0047308949318496454
1099,305.6771159558614,120.29092263441676,847,1098,-1.3446062953321558,1.474787823720882,0.5010589385771546,0.8789674762572821,False,0.0,0.0,0.0,0.0,0.0,0.0,0.0,0.0,0.0,-0.0,0.0,0.0,0.0,108694.16220359698,108694.16220359698,0.0
1100,305.11622505483734,121.08727055116074,848,1099,-1.3425290598637123,1.474358897539769,-0.09719082916826247,0.8790595221745473,False,0.0,0.0,0.0,0.0,-0.0,0.0,0.0,0.0,0.0,-0.0,0.0,0.0,0.0,108694.16220359698,108694.16220359698,0.0
1101,300.3042711553669,119.92980199358712,849,1100,-1.3421453244488202,1.4742659928624777,-0.1838491918150578,0.8761643105537228,False,0.0,0.0,0.0,0.0,-0.0,-0.0,-0.0,0.0,0.0,-0.0,0.0,0.0,0.0,108694.16220359698,108694.16220359698,0.0
1102,298.95123545926873,120.07642096343322,850,1101,-1.3401449284050098,1.4738297651470822,-0.5233022885533284,0.8760179142761182,False,0.0,0.0,0.0,0.0,-0.0,0.0,0.0,0.0,0.0,-0.0,0.0,0.0,0.0,108694.16220359698,108694.16220359698,0.0
1103,298.9849088839194,121.09475098786018,851,1102,-1.3417681351712796,1.4741404751068823,-1.1549244402338597,0.8783878654904028,False,0.0,0.0,0.0,0.0,0.0,0.0,0.0,0.0,0.0,-0.0,0.0,0.0,0.0,108694.16220359698,108694.16220359698,0.0
1104,296.1306395861454,121.03637842256998,852,1103,-1.351073207311414,1.4760413692262848,-1.5778986973057259,0.8848505748916301,False,0.0,0.0,136.3825350817016,-492.5209547310746,-0.0,-0.0,-0.0,100000.0,50.0,-0.0,0.0,0.0,-50.0,127870.06751934858,108644.16220359699,-0.0004600063056406797
1105,294.05636452199093,120.41838607797362,853,1104,-1.3585472645145291,1.4775466789703129,-1.4969531758909416,0.8928127415503729,False,136.3825350817016,-492.5209547310746,137.26113023945194,-495.2523696256037,-282.89489170614297,304.37417957709425,21.479287870951282,587.2690712832239,0.29363453564161196,7.096780078318547,0.0,0.0,14.088873256991123,127933.23318006846,108658.25107685398,0.00012967906393889032
1106,295.9074559385645,121.1680476109968,854,1105,-1.3719102985369744,1.4802801739903901,-1.5855569034821713,0.8963915689310037,False,137.26113023945194,-495.2523696256037,136.25214563621762,-492.5553839921699,254.08290001543793,-371.2716506468887,-117.18875063145077,625.3545506623351,0.31267727533116757,7.099701315667528,0.0,0.0,-124.60112922244947,127897.59838486362,108533.6499476315,-0.0011467249655468525
1107,296.23969605353756,121.40379437880954,855,1106,-1.3764225187118988,1.4811644011161496,-1.6085823091260956,0.9017344740069937,False,136.25214563621762,-492.5553839921699,136.05083297994432,-491.717272064195,45.26842853150125,-116.11833974491809,-70.84991121341685,161.38676827642138,0.08069338413821069,7.1049969307876255,0.0,0.0,-78.03560152834268,127848.29952648454,108455.61434610319,-0.0007189991451126553
1108,295.0452997373527,121.92580210645562,856,1107,-1.3816658986595132,1.4822039201059662,-2.0328414452014556,0.9059865503606037,False,136.05083297994432,-491.717272064195,136.54438395995453,-489.7504898507565,-162.4986137251258,-256.6802158345618,-419.17882955968764,385.42139577498085,0.19271069788749043,7.106707451213176,0.0,0.0,-426.47824770878833,127455.57871256045,108029.13609839437,-0.0039322837298937765
1109,295.5336856450205,122.3727672590134,857,1108,-1.3925541260317118,1.4844116552899809,-2.1052438867495518,0.916738789492837,False,136.54438395995453,-489.7504898507565,136.19759914323276,-488.2542324366413,66.68635289722367,-218.90140241139096,-152.21504951416728,285.5877553086061,0.14279387765430307,7.10871682227179,0.0,0.0,-159.46656021409336,127367.71263657496,107869.66953818027,-0.0014761439920139582
1110,297.3099623480407,123.25861136328396,858,1109,-1.4047965297025313,1.4869004877007377,-2.2236787892360876,0.9266491326373476,False,136.19759914323276,-488.2542324366413,135.24839829188585,-485.0720216211727,241.92462236540655,-432.51713318914665,-190.5925108237401,674.4417555545604,0.33722087777728016,7.112978755856825,0.0,0.0,-198.0427104573742,127250.23442013613,107671.62682772291,-0.0018359443512271454
1111,295.9701510516437,122.98956930021787,859,1110,-1.4117142027754797,1.4882802939226731,-2.1803879204814045,0.9373079583446455,False,135.24839829188585,-485.0720216211727,135.78530924283277,-486.3144236793313,-181.20733185106775,130.50477743260186,-50.702554418465894,311.7121092836685,0.15585605464183425,7.1177742614531665,0.0,0.0,-57.976184734560896,127236.85366859761,107613.65064298836,-0.0005384536896364909
1112,296.3007603791721,123.74034361546306,860,1111,-1.4293811136386152,1.4918979736135216,-2.4422683428841654,0.9418561222518704,False,135.78530924283277,-486.3144236793313,135.43689138998096,-483.83529856527497,44.89188977700973,-365.11237843171165,-320.2204886547019,410.00426820872417,0.20500213410436208,7.12042875152436,0.0,0.0,-327.5459195403306,127025.9969189626,107286.10472344802,-0.003043720918148033
1113,296.7925402728531,122.36271211944545,861,1112,-1.4545083629479487,1.4970673446923424,-1.5391023637755776,0.9551571385969848,False,135.43689138998096,-483.83529856527497,134.9325611612078,-489.9615362310647,66.60514004824788,666.5467461886085,733.1518862368564,899.3045056083124,0.4496522528041562,7.127374535447296,0.0,0.0,725.5748594486049,127917.72439778267,108011.67958289663,0.006762990056530853
1114,299.85313621465906,123.68071830131171,862,1113,-1.4884239758194282,1.5040799944510008,-1.7524336797689186,0.9372317002771962,False,134.9325611612078,-489.9615362310647,133.1812865324887,-485.64703029779463,412.9740491074766,-645.772333629236,-232.79828452175934,1058.746382736692,0.529373191368346,7.137264572314644,0.0,0.0,-240.46492228544233,127901.56175687145,107771.2146606112,-0.0022262862980561597
1115,298.5156344588302,123.87106602705367,863,1114,-1.5084274818712986,1.5081985181272253,-2.025781582070759,0.9428216101545387,False,133.1812865324887,-485.64703029779463,133.55833960453396,-485.4301286351404,-178.13020458074737,-92.44180773052105,-270.5720123112684,139.4240772022539,0.06971203860112694,7.15061589858692,0.0,0.0,-277.79234024845647,127754.91735173202,107493.42232036276,-0.00257761166674462
1116,298.07075991385256,123.6580578995042,864,1115,-1.5306241157895597,1.51276824040617,-1.9200608271002992,0.9520226569326846,False,133.55833960453396,-485.4301286351404,133.51442537402585,-486.85265474757335,-59.41670555953952,103.40056275667047,43.983857197130945,188.99636443337207,0.09449818221668603,7.158422323295789,0.0,0.0,36.73093669161847,127936.66079565989,107530.15325705438,0.0003417040401053269
1117,294.59535344954116,122.87879091018013,865,1116,-1.559762530910119,1.5187839375823888,-1.936129633384662,0.9542937325654223,False,133.51442537402585,-486.85265474757335,134.76688564813423,-490.71366378653454,-464.0168970237102,379.38820250957303,-84.62869451413718,843.4050995332965,0.4217025497666483,7.167054020155089,0.0,0.0,-92.21745108405892,128034.53918435833,107437.93580597032,-0.0008575962024680377
1118,293.6915054194921,122.76965368183194,866,1117,-1.5886911995227557,1.5247496855399016,-1.9356786143128923,0.957371459829692,False,134.76688564813423,-490.71366378653454,134.86221484390367,-491.9140136600717,-121.80878410891331,53.555129178247384,-68.25365493066593,175.36391328714393,0.08768195664357196,7.178369248713572,0.0,0.0,-75.51970613602307,128146.64229640822,107362.4160998343,-0.000702914716012503
1119,293.19245539353153,122.90207648471196,867,1118,-1.6215967872110266,1.5315418637558933,-2.010106150122781,0.9624360344373294,False,134.86221484390367,-491.9140136600717,134.72931315375598,-492.24865513555244,-67.30299181895023,-65.14063246482466,-132.4436242837749,80.09390507484208,0.04004695253742104,7.189537273605589,0.0,0.0,-139.6732085099179,128219.50661725692,107222.74289132442,-0.0013009506825926677
1120,291.42164438957974,123.17814174415639,868,1119,-1.65886825028594,1.5392447766476742,-2.327135978335987,0.9673001176449618,False,134.72931315375598,-492.24865513555244,135.13679908580679,-492.11825194420646,-238.580150287538,-135.8927526911713,-374.47290297870927,134.8130431713709,0.06740652158568546,7.202188317019793,0.0,0.0,-381.74249781731476,128077.42397924695,106841.0003935071,-0.003560275437126591
1121,290.2161637352294,123.2962370890125,869,1120,-1.6965334243292838,1.5470202178018757,-2.4331561562469504,0.9760616686988809,False,135.13679908580679,-492.11825194420646,135.28386757810824,-492.6219677926353,-162.9047969887725,-58.1168746733328,-221.0216716621053,104.78792231542837,0.05239396115771419,7.216453784865467,0.0,0.0,-228.2905194081285,128089.57974653225,106612.70987409896,-0.002136731391201136
1122,289.2630645302924,122.52216198829724,870,1121,-1.7273141076721252,1.5533584810068242,-2.0331704305789016,0.982176707510776,False,135.28386757810824,-492.6219677926353,135.3926924599792,-496.52972063804896,-128.93894662949216,381.32639933362935,252.3874527041372,510.2653459631418,0.2551326729815709,7.230766063835314,0.0,0.0,244.9015539673203,128529.40115610429,106857.61142806627,0.002297114051941104
1123,282.72830833731285,120.89044086759698,871,1122,-1.7606423979371693,1.5602323788453913,-2.0083499353893757,0.9775031989931193,False,135.3926924599792,-496.52972063804896,138.15013689910103,-504.1014414422851,-884.7582355370257,810.1980322205056,-74.56020331652007,1694.9562677575052,0.8474781338787526,7.24236843619274,0.0,0.0,-82.65004988659156,128657.05237407764,106774.9613781797,-0.0007734596420603764
1124,284.11329086045123,120.21533799523448,872,1123,-1.8133190498404497,1.5711245919146606,-1.3888929552480487,0.9797937930698255,False,138.15013689910103,-504.1014414422851,136.89428796401273,-508.3087929176595,191.33552517442902,340.3203310797639,531.6558562541929,862.5915534484134,0.4312957767242067,7.254886368803448,0.0,0.0,523.9696741086652,129511.95774538053,107298.93105228833,0.004907233562490565
1125,279.34315808439993,119.13741664267869,873,1124,-1.8567328960541742,1.5801001541989501,-1.434493167909491,0.9707309001815815,False,136.89428796401273,-508.3087929176595,138.74757347399344,-514.0435001449297,-653.0039298713418,547.9169015778049,-105.08702829353695,1200.9208314491366,0.6004604157245683,7.274584922207867,0.0,0.0,-112.96207363146938,129669.5982771116,107185.96897865688,-0.0010527791146065157
1126,280.6871075184155,118.97777521210344,874,1125,-1.9115274868393863,1.5914429506252605,-1.11625275653509,0.9728049457623529,False,138.74757347399344,-514.0435001449297,137.47884738064064,-516.1590883195047,186.46972284140332,82.06263974104476,268.53236258244806,607.8230316523054,0.3039115158261527,7.290692220146113,0.0,0.0,260.9377588464758,130269.82670502791,107446.90673750336,0.0024344395197700127
1127,281.8320133431311,119.0265515120408,875,1126,-1.9635404120995756,1.6022175288222882,-0.943203781735315,0.9698393008716549,False,137.47884738064064,-516.1590883195047,136.35343366129428,-517.2899364286782,157.4003331412874,-25.17633050726576,132.22400263402164,451.77856508620044,0.22588928254310023,7.310888093305032,0.0,0.0,124.6872252581735,130714.06849273825,107571.59396276152,0.001160454302912301
1128,282.9774732066855,119.47787869343098,876,1127,-2.0117935555828215,1.6122124931847073,-0.9805891708741398,0.9687898307077099,False,136.35343366129428,-517.2899364286782,135.28188109527278,-516.5665459743869,156.1873855168372,-233.4670089698627,-77.2796234530255,389.6543944866967,0.19482719724334835,7.3299091982129,0.0,0.0,-84.80435984848174,130923.33983693788,107486.78960291302,-0.0007883527307204511
1129,278.17600469034755,118.34070623617835,877,1128,-2.059272943669165,1.6220491652640354,-1.0032497268264575,0.9703993656798335,False,135.28188109527278,-516.5665459743869,137.10064689750413,-522.7439633673421,-649.5516929099242,587.4252484201982,-62.126444489726055,1236.9769413301153,0.6184884706650576,7.347413704406242,0.0,0.0,-70.09234666479735,131140.4768674286,107416.69725624818,-0.0006521019645649429
1130,276.9315305283529,117.50932460878765,878,1129,-2.1130909769457946,1.6331991084462447,-0.6906124696025562,0.9716819164388976,False,137.10064689750413,-522.7439633673421,137.13360553849049,-527.8166727435702,-170.61821265669914,434.5997269730043,263.98151431630515,605.2179396297121,0.302608969814856,7.364510691141691,0.0,0.0,256.3143946553486,131719.77311361238,107673.01165090353,0.0023861690147100214
1131,274.39726076246944,117.82267884547517,879,1130,-2.166198512209195,1.6442060150220523,-1.1739135294173286,0.9692070423660419,False,137.13360553849049,-527.8166727435702,137.8240283987716,-527.7546288153868,-347.5335504027818,-165.39359059850594,-512.9271410012877,196.76032345358325,0.09838016172679163,7.383735801351717,0.0,0.0,-520.4092569643663,131515.5306741957,107152.60239393915,-0.004833237679388497
1132,273.69928375940196,117.79010964595265,880,1131,-2.222656558203658,1.6558932116299208,-1.200833130806351,0.9740996885327036,False,137.8240283987716,-527.7546288153868,137.5674636445827,-529.3134026216816,-96.19800229246165,17.18854580481802,-79.00945648764363,253.82972701610868,0.12691486350805434,7.402555254777175,0.0,0.0,-86.53892660592885,131761.83093109351,107066.06346733322,-0.0008076231904080744
1133,271.50632959940185,117.2448174549086,881,1132,-2.276567690645248,1.6670510238968677,-1.1623738111099047,0.9751315346320355,False,137.5674636445827,-529.3134026216816,138.09842227511768,-533.1186964289794,-301.6791416800519,288.63046506456084,-13.048676615491047,590.3096067446133,0.2951548033723067,7.422367110938113,0.0,0.0,-20.766198529801468,132056.10575803247,107045.2972688034,-0.00019395686978025635
1134,269.9125219591018,117.22522360987195,882,1133,-2.3354522473398984,1.679240154026109,-1.3275250710181958,0.9765775873273342,False,138.09842227511768,-533.1186964289794,138.28189534152392,-534.6629586791979,-220.10232053546412,10.445845123971676,-209.65647541149244,230.54816565942238,0.11527408282971119,7.4411195529303,0.0,0.0,-217.21286904725244,132180.05417392557,106828.08439975616,-0.002029167787743148
1135,273.81915425742517,117.60372552343438,883,1134,-2.388555966635739,1.6902191901933639,-0.9247230617601239,0.97900102980078,False,138.28189534152392,-534.6629586791979,135.75271027563127,-534.2373926041471,540.2165186145678,-202.3709529710274,337.8455656435404,742.5874715855973,0.3712937357927987,7.461426772271987,0.0,0.0,330.01284513547563,132814.71261323837,107158.09724489163,0.003089195570525664
1136,271.6821620764081,116.58400982366501,884,1135,-2.434367394832814,1.6996945770184393,-0.61080719137226,0.9752809191870251,False,135.75271027563127,-534.2373926041471,136.34029869160187,-540.0292284383457,-290.1024804109027,544.7702566422982,254.66777623139558,834.8727370532151,0.4174363685266076,7.479560438592067,0.0,0.0,246.7707794242769,133322.41377096056,107404.86802431589,0.0023028663793862162
1137,268.61542984273666,116.19017164330722,885,1136,-2.475222136105698,1.7081446114492198,-0.7946945730693026,0.9729366278315157,False,136.34029869160187,-540.0292284383457,137.4666004671461,-542.8544354003543,-418.1191887459243,212.68412866817923,-205.43506007774508,630.8033174140901,0.31540165870704506,7.495092008728849,0.0,0.0,-213.24555374518096,133340.3225235663,107191.62247057073,-0.001985436579065326
1138,272.1762161511758,117.25046767682835,886,1137,-2.5164548847828643,1.716664888119711,-0.8517656392223238,0.973916371318082,False,137.4666004671461,-542.8544354003543,135.2426768587884,-538.933116451072,489.4891888110904,-575.5864046343462,-86.0972158232558,1065.0755934454248,0.5325377967227124,7.50885119363069,0.0,0.0,-94.13860481360919,133477.80376659468,107097.48386575711,-0.0008782272592194857
1139,278.83664000389007,118.36793259088171,887,1138,-2.555007488918609,1.7246350248565607,-0.5062444537945494,0.9744424282406566,False,135.2426768587884,-538.933116451072,131.62604254850936,-534.7549388865532,900.7735508551992,-602.2388486555053,298.5347021996939,1503.0123995106917,0.7515061997553458,7.52263808933557,0.0,0.0,290.26055791060304,133983.41754119686,107387.7444236677,0.002710246286219187
1140,276.3750731632907,118.26170981370161,888,1139,-2.592951120431981,1.7325045759309168,-0.7684229462750446,0.9706218713411636,False,131.62604254850936,-534.7549388865532,132.4159289252132,-536.1290484907505,-324.0063016967293,56.80315471930082,-267.20314697742845,380.80945641601187,0.19040472820800594,7.535456733186261,0.0,0.0,-274.92900843882273,133919.89132584707,107112.81541522889,-0.002560152556646976
1141,276.89545672517136,119.29724488487174,889,1140,-2.635278089477037,1.7412745753459002,-1.2771293632098462,0.9731250400975544,False,132.4159289252132,-536.1290484907505,131.74423862202391,-532.4567129538116,68.90707274383547,-555.1804323852436,-486.2733596414082,624.0875051290851,0.3120437525645426,7.548040232774892,0.0,0.0,-494.13344362674763,133659.91972329162,106618.68197160217,-0.004613205634742999
1142,277.7664718243337,119.97938186123041,890,1141,-2.6705460881127037,1.7485565918527444,-1.5092776139861344,0.9765541356614604,False,131.74423862202391,-532.4567129538116,130.98316919477648,-530.2349973596104,114.75122106742663,-363.20841221618565,-248.45719114875902,477.95963328360426,0.23897981664180212,7.561978437600562,0.0,0.0,-256.25814940300137,133596.95827099355,106362.42382219917,-0.0024035013814113376
1143,276.19810253592794,119.88785995385696,891,1142,-2.7026955197238753,1.755185843807101,-1.6364070190426978,0.9767749128524191,False,130.98316919477648,-530.2349973596104,131.40999868691074,-531.369963004974,-205.4299798631394,48.528118314506536,-156.90186154863287,253.95809817765257,0.1269790490888263,7.573484193380618,0.0,0.0,-164.6023247911023,133607.436914261,106197.82149740805,-0.0015475608666673415
1144,277.8285910107708,120.73084213600131,892,1143,-2.736195282064882,1.7620892589782233,-1.84717107839047,0.9773201127491667,False,131.40999868691074,-531.369963004974,130.31228332841619,-528.4111400432804,214.26248833812565,-447.9354109398976,-233.67292260177197,662.1978992780325,0.33109894963901626,7.58390567957458,0.0,0.0,-241.58792723098557,133547.27743311657,105956.23357017705,-0.0022748859046689014
1145,278.2885965966134,121.13391298451309,893,1144,-2.763478631666616,1.7676940763198634,-1.9616679339661582,0.9820082017517224,False,130.31228332841619,-528.4111400432804,129.83342236881253,-527.2581189201195,59.944378234970564,-212.98712658031897,-153.0427483453484,272.9315048152853,0.13646575240764264,7.594704991841639,0.0,0.0,-160.77391908959768,133533.13784638306,105795.45965108744,-0.0015173615904639157
1146,273.9415660282487,120.21767978007115,894,1145,-2.7904446980558886,1.773231654528125,-1.9939211322540076,0.9815936346757581,False,129.83342236881253,-527.2581189201195,131.6303139506933,-531.8767237608652,-564.3898558326316,483.0913958662091,-81.29845996642251,1047.481251698844,0.523740625849422,7.603433225910454,0.0,0.0,-89.42563381818239,133588.00533638336,105706.03401726927,-0.0008452691080798561
1147,272.35119576136236,121.17791923852191,895,1146,-2.830851216898596,1.7815637335313377,-2.7090648534357067,0.9782016130934438,False,131.6303139506933,-531.8767237608652,132.00236076109744,-528.5533833711141,-209.34093752809667,-510.7290171866965,-720.0699547147932,504.0428670441329,0.25202143352206646,7.612022102328219,0.0,0.0,-727.9339982506434,133076.0984258034,104978.10001901862,-0.006886399674513631
1148,268.6748175010183,121.01206671866007,896,1147,-2.859650336558173,1.7874596289328062,-2.9700937029872008,0.9893725688588325,False,132.00236076109744,-528.5533833711141,133.5255732889018,-529.9061713735475,-485.29060941619133,87.66191051360227,-397.62869890258906,572.9525199297732,0.2864762599648866,7.624880857546711,0.0,0.0,-405.5400560201007,132822.64189276946,104572.55996299855,-0.0038630919777229195
1149,273.17682596997474,122.23198229382774,897,1148,-2.8829519200005285,1.7921909646511287,-2.792768007901488,0.9961236512662002,False,133.5255732889018,-529.9061713735475,131.10251647209003,-525.1148633030004,601.1332617688987,-646.4407918360621,-45.307530067163384,1247.5740536049327,0.6237870268024663,7.633933448200648,0.0,0.0,-53.5652505421665,132890.65605941263,104518.9947124564,-0.0005122304604678233
1150,271.08080290270664,121.87363258926673,898,1149,-2.902450387681196,1.796146131012866,-2.6731553088306086,0.9932865900917276,False,131.10251647209003,-525.1148633030004,131.92933462963214,-527.0745499042152,-274.7938987023976,188.17475612522398,-86.61914257717362,462.9686548276121,0.23148432741380606,7.641170318271204,0.0,0.0,-94.49179722285864,132897.48299959247,104424.50291523356,-0.0009040633952019994
1151,269.0049682879201,122.41427501557297,899,1150,-2.931949993240084,1.8021837175500062,-3.0009584594373235,0.9974534421719952,False,131.92933462963214,-527.0745499042152,132.66094714627877,-525.3761958046817,-273.86347952994373,-284.9588635044816,-558.8223430344253,404.71018765369354,0.20235509382684677,7.647201195497554,0.0,0.0,-566.6718993237498,132484.92325564942,103857.83101590976,-0.005426618116475957
1152,266.7419540239583,122.34390898339936,900,1151,-2.956795846971837,1.8072430588173047,-2.978331553578175,1.005253548425359,False,132.66094714627877,-525.3761958046817,133.54531445315638,-526.2040620326791,-300.2136156627179,36.968638297240794,-263.24497736547715,337.18225395997433,0.16859112697998718,7.65637453807974,0.0,0.0,-271.0699430305369,132342.48481692147,103586.76107287925,-0.002610009667821637
1153,266.62458305634635,122.21719035239391,901,1152,-2.9814043112948903,1.81224394275127,-2.6923578322862385,1.0011611797763866,False,133.54531445315638,-526.2040620326791,133.3665204914539,-527.267947286993,-15.674342777404927,66.67985837028564,51.00551559288071,177.69593213150696,0.08884796606575349,7.664031175240609,0.0,0.0,43.25263645157435,132512.42786991165,103630.01370933081,0.0004175498490693659
1154,261.6668528484609,121.84670869913275,902,1153,-3.004914648106609,1.8170162154599763,-2.858428846331734,1.003745162162782,True,133.3665204914539,-527.267947286993,0.0,0.0,-661.1952273610545,195.34310082250644,-465.8521265385481,99143.46167181643,49.57173083590822,7.6715722714631465,0.0,0.0,-523.0954296459194,103106.9182796849,103106.9182796849,-0.005047721320515565
1155,259.00828801877816,121.94206023224844,903,1154,-3.0292473732368155,1.8219424035998617,-2.9384883162819144,1.0106510188416038,True,0.0,0.0,0.0,0.0,-0.0,0.0,0.0,0.0,0.0,-0.0,0.0,0.0,0.0,103106.9182796849,103106.9182796849,0.0
1156,254.06663828843332,120.62425873275025,904,1155,-3.044770080923358,1.8250145882835591,-2.695085821792083,1.019885420636774,True,0.0,0.0,0.0,0.0,-0.0,-0.0,-0.0,0.0,0.0,-0.0,0.0,0.0,0.0,103106.9182796849,103106.9182796849,0.0
1157,254.86943272535785,120.8292122919688,905,1156,-3.072705761017722,1.8306539643258126,-2.515602011649931,1.0183850341200396,True,0.0,0.0,0.0,0.0,0.0,0.0,0.0,0.0,0.0,-0.0,0.0,0.0,0.0,103106.9182796849,103106.9182796849,0.0
1158,253.14879239063657,120.21533583713838,906,1157,-3.1000142254682395,1.8361720237916566,-2.304456562733313,1.0154227258631778,True,0.0,0.0,0.0,0.0,-0.0,-0.0,-0.0,0.0,0.0,-0.0,0.0,0.0,0.0,103106.9182796849,103106.9182796849,0.0
1159,255.80505301944962,120.44556224101622,907,1158,-3.1303301144901106,1.8423108378671211,-2.041466857390522,1.011359847499147,True,0.0,0.0,0.0,0.0,0.0,0.0,0.0,0.0,0.0,-0.0,0.0,0.0,0.0,103106.9182796849,103106.9182796849,0.0
1160,253.96054761063468,119.68169827609007,908,1159,-3.154109944769793,1.8470938725165533,-1.8713370441624129,1.0069430784711213,True,0.0,0.0,0.0,0.0,-0.0,-0.0,-0.0,0.0,0.0,-0.0,0.0,0.0,0.0,103106.9182796849,103106.9182796849,0.0
1161,252.1167894491952,119.03615146491205,909,1160,-3.1832313590365082,1.8529880563373473,-1.742814117631526,1.0079090734505278,True,0.0,0.0,0.0,0.0,-0.0,-0.0,-0.0,0.0,0.0,-0.0,0.0,0.0,0.0,103106.9182796849,103106.9182796849,0.0
1162,251.73016355144978,118.67574561154366,910,1161,-3.2203757128748425,1.8605608245327832,-1.595487063333511,1.0045845416603238,True,0.0,0.0,0.0,0.0,-0.0,-0.0,-0.0,0.0,0.0,-0.0,0.0,0.0,0.0,103106.9182796849,103106.9182796849,0.0
1163,243.69485135512986,116.91326457867906,911,1162,-3.262676213356429,1.869216177065492,-1.6392444844146037,1.0017321269433996,True,0.0,0.0,0.0,0.0,-0.0,-0.0,-0.0,0.0,0.0,-0.0,0.0,0.0,0.0,103106.9182796849,103106.9182796849,0.0
1164,241.05192691068706,116.5862955852351,912,1163,-3.3295220086363067,1.8829698303855489,-1.6916406916461864,1.0025771572485918,True,0.0,0.0,0.0,0.0,-0.0,-0.0,-0.0,0.0,0.0,-0.0,0.0,0.0,0.0,103106.9182796849,103106.9182796849,0.0
1165,237.781482070503,115.74486938328427,913,1164,-3.4097294257146955,1.8995067907408216,-1.6118403353713553,1.0027553221759689,True,0.0,0.0,0.0,0.0,-0.0,-0.0,-0.0,0.0,0.0,-0.0,0.0,0.0,0.0,103106.9182796849,103106.9182796849,0.0
1166,239.45146784667924,117.05073530220841,914,1165,-3.500141236018959,1.9181684066874691,-1.8454231480021803,1.0012857516580758,True,0.0,0.0,0.0,0.0,0.0,0.0,0.0,0.0,0.0,-0.0,0.0,0.0,0.0,103106.9182796849,103106.9182796849,0.0
1167,236.12242385860452,116.33716770421069,915,1166,-3.573291696569353,1.933227496734942,-1.80537362740305,1.0047531987075324,True,0.0,0.0,0.0,0.0,-0.0,-0.0,-0.0,0.0,0.0,-0.0,0.0,0.0,0.0,103106.9182796849,103106.9182796849,0.0
1168,231.43260285182032,115.46062161097574,916,1167,-3.663326341584145,1.951803420197728,-1.8283122327890322,1.0025054538460536,True,0.0,0.0,0.0,0.0,-0.0,-0.0,-0.0,0.0,0.0,-0.0,0.0,0.0,0.0,103106.9182796849,103106.9182796849,0.0
1169,236.42157809300656,115.5954213693586,917,1168,-3.776371544697036,1.975169736054038,-1.3459910004998028,1.000777807053955,True,0.0,0.0,0.0,0.0,0.0,0.0,0.0,0.0,0.0,-0.0,0.0,0.0,0.0,103106.9182796849,103106.9182796849,0.0
1170,236.30207488407603,115.59499040887901,918,1169,-3.880535488190593,1.996716207588946,-1.2933358488814732,0.992259834543921,False,0.0,0.0,0.0,0.0,-0.0,-0.0,-0.0,0.0,0.0,-0.0,0.0,0.0,0.0,103106.9182796849,103106.9182796849,0.0
1171,235.39194058757997,115.81935730011674,919,1170,-3.9961207538460384,2.020651498872317,-1.3873235479809807,0.9908976098805607,False,0.0,0.0,0.0,0.0,-0.0,0.0,0.0,0.0,0.0,-0.0,0.0,0.0,0.0,103106.9182796849,103106.9182796849,0.0
1172,234.95307487184238,117.01777565284253,920,1171,-4.129984995406337,2.0483978449485205,-1.7740054655904764,0.9918256608318986,False,0.0,0.0,139.61986732682132,-574.236542127712,-0.0,0.0,0.0,100000.00000000001,50.00000000000001,-0.0,0.0,0.0,-50.00000000000001,137448.68399641424,103056.9182796849,-0.0004849335120692039
1173,233.85430147374558,117.41482044757447,921,1172,-4.267539432450715,2.0769028543226913,-1.912701712898525,0.9970333551248112,False,139.61986732682132,-574.236542127712,138.97633440054207,-574.8830185156917,-153.4105960645153,-227.99762999667644,-381.4082260611917,226.39885196861593,0.11319942598430796,7.999509864091031,0.0,0.0,-389.52093535126704,137666.9701390928,102667.39734433367,-0.0037796679917607924
1174,233.44744470377637,117.31765621656407,922,1173,-4.4150031154151455,2.107470001032129,-1.8179646961624163,0.9970540315620939,False,138.97633440054207,-574.8830185156917,137.84909864514964,-578.0841720992,-56.543462516365295,55.8580664150124,-0.6853961013528931,638.7021422815503,0.31935107114077516,8.0356888568309,0.0,0.0,-9.040436029324567,138297.31724144638,102658.35690830435,-8.805556840013478e-05
1175,229.75655778109325,116.50437056346775,923,1174,-4.568392744683011,2.139274027765375,-1.7483034038034249,0.9980278418533596,False,137.84909864514964,-578.0841720992,138.6445674005027,-584.9179829857825,-508.7854354930382,470.14756345034885,-38.63787204268937,978.9329989433911,0.48946649947169557,8.073747638877501,0.0,0.0,-47.20108618103856,138902.15870014674,102611.1558221233,-0.0004597880543053736
1176,232.73322945013305,117.51472464989607,924,1175,-4.719792315281919,2.1706584382459364,-1.7680490989677489,1.0010850209088082,False,138.6445674005027,-584.9179829857825,135.51648992551233,-582.5721828464468,412.6993558473558,-590.974274335097,-178.27491848774122,1003.6736301824435,0.5018368150912218,8.112559695120444,0.0,0.0,-186.88931499795288,139345.88581890354,102424.26650712536,-0.0018213352485953317
1177,233.00719011891186,117.34548252252229,925,1176,-4.834901816630426,2.194479421732323,-1.608607275030602,1.0002688053499613,False,135.51648992551233,-582.5721828464468,134.3478072486396,-585.4166130440717,37.126188210550566,98.59575557371817,135.72194378426872,606.0925007206866,0.3030462503603433,8.150096387605844,0.0,0.0,127.26880114630252,139943.52517698627,102551.53530827166,0.0012425649261295865
1178,232.1101306972673,117.7635455301548,926,1177,-4.951193098419925,2.218552536435682,-1.7457283589989252,0.9975013228702577,False,134.3478072486396,-585.4166130440717,133.85829882965382,-585.3265749890724,-120.51796626968087,-244.74102996724284,-365.25899623692374,124.22306369756804,0.06211153184878402,8.178094635042536,0.0,0.0,-373.49920240381505,140038.3016333382,102178.03610586782,-0.0036420634881875885
1179,233.67584737171578,116.90935245766453,927,1178,-5.067185108208577,2.2425587003427236,-1.2690766051706206,1.001556476797757,False,133.85829882965382,-585.3265749890724,131.97702272369784,-591.5707847794995,209.5841704908966,499.9819055001254,709.566075991022,1169.61531140807,0.584807655704035,8.205968186158952,0.0,0.0,700.775300149159,141199.1261689044,102878.81140601696,0.006858375115206317
1180,237.8589898896869,118.11422993976302,928,1179,-5.202118260118032,2.270538037111591,-1.312535009897941,0.9939591499143925,False,131.97702272369784,-591.5707847794995,128.5467867927753,-587.7699170989898,552.078695150743,-712.7703176481547,-160.6916224974117,1264.8490127988803,0.6324245063994401,8.233352069219489,0.0,0.0,-169.5573990730306,141557.23628675498,102709.25400694393,-0.0016481275080430884
1181,232.90732269585536,117.0832731101748,929,1180,-5.335568276899733,2.2982166949784735,-1.279540074668589,0.9953471508023707,False,128.5467867927753,-587.7699170989898,130.1780228556879,-595.1369770579677,-636.5209070342447,605.9654102597055,-30.555496774539165,1242.4863172939426,0.6212431586469713,8.264760849988754,0.0,0.0,-39.44150078317489,142030.98295184446,102669.81250616074,-0.00038401116982621984
1182,230.65092700653898,117.14297498520298,930,1181,-5.494763434699667,2.3312595451389604,-1.4118714711488671,0.9953278285967002,False,130.1780228556879,-595.1369770579677,130.14764823269067,-597.4009478267793,-293.7331296153031,-35.530793428964756,-329.2639230442678,272.2142060899217,0.13610710304496085,8.295307764624031,0.0,0.0,-337.6953379119368,142294.7657430667,102332.11716824878,-0.00328913952084701
1183,229.34528344573548,117.6250730221887,931,1182,-5.6358149418066965,2.3605104217804183,-1.608547154996713,0.9989768669241148,False,130.14764823269067,-597.4009478267793,129.7492751259311,-597.1738330493033,-169.926438868732,-288.00582424069773,-457.93226310942975,118.07938537196682,0.059039692685983414,8.331110034215353,0.0,0.0,-466.32241283633107,142351.02619414168,101865.79475541245,-0.004556950698768603
1184,230.22339189343842,117.16723809085987,932,1183,-5.780323422582174,2.3904756670433165,-1.3263203563420094,1.0007070037055015,False,129.7492751259311,-597.1738330493033,128.11203211515627,-601.7519451078339,113.93393457141335,273.4070408455036,387.340975416917,913.3363848628926,0.4566681924314463,8.362216157067216,0.0,0.0,378.52209106741833,143255.5436946551,102244.31684647987,0.0037158900293888745
1185,229.23745413112638,116.78777273386525,933,1184,-5.935196600648977,2.4226161554220402,-1.2169813928376105,0.9954724083312294,False,128.11203211515627,-601.7519451078339,127.45480926981493,-606.0787216784925,-126.31049026886458,228.3440166725481,102.03352640368351,655.9746906671504,0.3279873453335752,8.393525407629477,0.0,0.0,93.31201365072046,143902.79687256928,102337.62886013059,0.000912637655849652
1186,226.41945375203716,117.04542518321186,934,1185,-6.0782789800718815,2.452300990491078,-1.4587531476638074,0.9932938621948638,False,127.45480926981493,-606.0787216784925,127.93153440714202,-606.890972036586,-359.16770083908364,-156.15766713732478,-515.3253679764084,203.01003370174612,0.10150501685087307,8.426498095978493,0.0,0.0,-523.8533710892377,143881.3992127913,101813.77548904139,-0.0051188734478611695
1187,228.12763104569652,117.7217788978057,935,1186,-6.246555754980978,2.487230350460145,-1.5140272709589795,0.9971352071051522,False,127.93153440714202,-606.890972036586,125.70179330669197,-605.8687554888625,218.52974221728127,-410.4729632904139,-191.9432210731326,629.0027055076902,0.3145013527538451,8.456406174032733,0.0,0.0,-200.71412859991918,144260.95670993862,101613.06136044147,-0.001971384791849977
1188,226.59060738295335,117.84934195534697,936,1187,-6.407840235220666,2.520704031578393,-1.6150541284733835,0.998046653883726,False,125.70179330669197,-605.8687554888625,125.35122395555423,-607.5264302692692,-193.20663076163615,-77.28647091888116,-270.4931016805173,274.7916042510573,0.13739580212552865,8.490946151755782,0.0,0.0,-279.12144363439864,144527.1199722358,101333.9399168071,-0.0027469051704315257
1189,222.75801939313018,117.87668986518025,937,1188,-6.559376980719914,2.552140665089222,-1.8414904310024482,1.00048335175935,False,125.35122395555423,-607.5264302692692,126.37946037793293,-609.5179784604925,-480.4195954416913,-16.61457803633929,-497.0341734780306,463.8050174053431,0.23190250870267157,8.523403574727901,0.0,0.0,-505.7894795614612,144524.0738657238,100828.15043724561,-0.004991313670195067
1190,223.71217620997106,118.02024025481667,938,1189,-6.7077642158961845,2.5829063865162247,-1.7535729122871389,1.004031432160696,False,126.37946037793293,-609.5179784604925,124.75987079600002,-610.8248690640153,120.58582362827644,-87.49654329840477,33.08928032987167,516.5614529557312,0.2582807264778656,8.553328775504653,0.0,0.0,24.277670827889153,145031.82370917755,100852.42810807352,0.00024078266558130197
1191,225.45078604570472,117.70810957846011,939,1190,-6.8742533364606055,2.617459971060656,-1.462949812146398,1.002761866826467,True,124.75987079600002,-610.8248690640153,0.0,0.0,216.9087384707856,190.6571795163582,407.56591798714385,100026.25155895442,50.013125779477214,8.582106881018099,0.0,0.0,348.97068532664855,101201.39879340018,101201.39879340018,0.0034602110417480195
1192,224.614151114506,117.9895631497394,940,1191,-7.007691999801417,2.645126777901532,-1.5810857027972132,0.9959136624210285,False,0.0,0.0,122.1378436165683,-615.0214476598686,-0.0,0.0,0.0,100000.0,50.0,-0.0,0.0,0.0,-50.0,146283.6226676166,101151.39879340018,-0.0004940643172538909
1193,226.75180788696647,118.36623789053446,941,1192,-7.164474353525636,2.6776660829489707,-1.516901800691944,0.9976975808941099,False,122.1378436165683,-615.0214476598686,119.91594854501454,-615.1149446877868,261.0887885806755,-231.66304438068815,29.42574419998735,514.8856158585731,0.2574428079292866,8.63882284965574,0.0,0.0,20.529478542402323,146789.61201781762,101171.9282719426,0.00020295793026402388
1194,227.43534038546287,118.69220229690204,942,1193,-7.3044703928811225,2.706709807814566,-1.5504223333009655,0.9962150193499878,False,119.91594854501454,-615.1149446877868,118.61878293736312,-615.2206742602282,81.96644791853838,-200.5055777929782,-118.53912987443981,307.5705773134988,0.1537852886567494,8.6677192705878,0.0,0.0,-127.36063443368435,147088.36109057188,101044.56763750894,-0.0012588534844499817
1195,223.65313336135245,118.71713945556967,943,1194,-7.410902043322712,2.728745361444421,-1.7996771275141388,0.9999648146962326,False,118.61878293736312,-615.2206742602282,119.91190068910515,-616.4343920277383,-448.64079401712405,-15.341855569631244,-463.9826495867553,433.29893844749915,0.21664946922374959,8.6930829436347,0.0,0.0,-472.89238199961375,146934.33062264192,100571.6752555093,-0.00468003766116466
1196,218.19697596739678,117.92533563363726,944,1195,-7.496188636503293,2.7463463448158523,-1.8592718570752553,1.0028125515363728,False,119.91190068910515,-616.4343920277383,122.3329215953493,-621.6418723995373,-654.2582035681384,488.09510757814144,-166.16309598999692,1142.3533111462916,0.5711766555731458,8.71206281947218,0.0,0.0,-175.44633546504224,147010.8818133205,100396.22892004425,-0.0017444905339333077
1197,216.63560795620702,118.08424931981276,945,1196,-7.661123842174343,2.780572609713401,-2.0140359370370855,1.0041753282245567,False,122.3329215953493,-621.6418723995373,122.09913133382518,-622.8517425162783,-191.00671049436298,-98.78740142404729,-289.7941119184103,193.51389994934715,0.09675694997467357,8.727062672218826,0.0,0.0,-298.6179315406038,147195.57189364766,100097.61098850361,-0.0029743939065525393
1198,210.21766795772314,117.32080945009987,946,1197,-7.82361561410248,2.8142834217134163,-2.188163151827246,1.0049217516450708,True,122.09913133382518,-622.8517425162783,0.0,0.0,-783.6248987674941,475.50985315706964,-308.11504561042443,98740.86524807545,49.370432624037726,8.755831006258573,0.0,0.0,-366.24130924072074,99731.3696792629,99731.3696792629,-0.003658841660894097
1199,209.23003436639092,117.79252089252265,947,1198,-7.996706167838064,2.850185660057117,-2.4209365655484976,1.0042618161955021,True,0.0,0.0,0.0,0.0,-0.0,0.0,0.0,0.0,0.0,-0.0,0.0,0.0,0.0,99731.3696792629,99731.3696792629,0.0
